ISO-10303-21;
HEADER;
/* Generated by software containing ST-Developer
 * from STEP Tools, Inc. (www.steptools.com) 
 */
/* OPTION: using custom renumber hook */

FILE_DESCRIPTION(
/* description */ ('STEP AP242 Edition 2',
'CAx-IF Rec.Pracs.---Representation and Presentation of Product Manufa
cturing Information (PMI)---4.0---2014-10-13',
'CAx-IF Rec.Pracs.---3D Tessellated Geometry---0.4---2014-09-14','2;1',
'CAx-IF Rec.Pracs.---User Defined Attributes---1.5---2016-08-15'),
/* implementation_level */ '2;1');

FILE_NAME(
/* name */ '6a0201b4a4fb3e4ba713cefe',
/* time_stamp */ '2026-05-11T16:20:04Z',
/* author */ (''),
/* organization */ (''),
/* preprocessor_version */ 'ST-DEVELOPER v20',
/* originating_system */ 'ONSHAPE BY PTC INC, 1.214',
/* authorisation */ '  ');

FILE_SCHEMA (('AP242_MANAGED_MODEL_BASED_3D_ENGINEERING_MIM_LF { 1 0 10303 442 3 1 4 }'));
ENDSEC;

DATA;
#10=TOROIDAL_SURFACE('',#8649,0.0112602808995346,0.000381);
#11=TOROIDAL_SURFACE('',#8651,0.0112602808995346,0.000381);
#12=TOROIDAL_SURFACE('',#8653,0.0112602808995346,0.000381);
#13=TOROIDAL_SURFACE('',#8659,0.0112602808995346,0.000381);
#14=SPHERICAL_SURFACE('',#8385,0.0016002);
#15=DEGENERATE_TOROIDAL_SURFACE('',#8280,0.49459171380061,0.50590741380061,
 .F.);
#16=DEGENERATE_TOROIDAL_SURFACE('',#8285,0.49459171380061,0.50698691380061,
 .F.);
#17=DEGENERATE_TOROIDAL_SURFACE('',#8287,0.0008255,0.00106348476460115,
 .T.);
#18=DEGENERATE_TOROIDAL_SURFACE('',#8718,0.000220519100465419,0.000508,
 .T.);
#19=DEGENERATE_TOROIDAL_SURFACE('',#8719,0.000220519100465419,0.000508,
 .T.);
#20=DEGENERATE_TOROIDAL_SURFACE('',#8720,0.000220519100465419,0.000508,
 .T.);
#21=DEGENERATE_TOROIDAL_SURFACE('',#8721,0.000220519100465419,0.000508,
 .T.);
#22=CONICAL_SURFACE('',#8255,0.0123952,0.189339470729096);
#23=CONICAL_SURFACE('',#8259,0.0126538218919048,0.189339470729096);
#24=CONICAL_SURFACE('',#8342,0.0126538218919048,0.189339470729096);
#25=CONICAL_SURFACE('',#8347,0.0126538218919048,0.189339470729096);
#26=CONICAL_SURFACE('',#8356,0.0126538218919048,0.189339470729096);
#27=CONICAL_SURFACE('',#8359,0.0126538218919048,0.189339470729096);
#28=CONICAL_SURFACE('',#8360,0.0126538218919048,0.189339470729096);
#29=CONICAL_SURFACE('',#8363,0.0126538218919048,0.189339470729096);
#30=CONICAL_SURFACE('',#8364,0.0126538218919048,0.189339470729096);
#31=CONICAL_SURFACE('',#8367,0.0126538218919048,0.189339470729096);
#32=CONICAL_SURFACE('',#8370,0.0123952,0.189339470729096);
#33=CONICAL_SURFACE('',#8373,0.0126538218919048,0.189339470729096);
#34=CONICAL_SURFACE('',#8389,0.0016002,0.268366210905907);
#35=CONICAL_SURFACE('',#8391,0.0024384,1.34731972565426);
#36=CONICAL_SURFACE('',#8643,0.0116411933658919,0.0214362259509723);
#37=CONICAL_SURFACE('',#8646,0.0116411933658919,0.0214362259509723);
#38=CONICAL_SURFACE('',#8656,0.0116411933658919,0.0214362259509723);
#39=CONICAL_SURFACE('',#8661,0.0116411933658919,0.0214362259509723);
#40=CONICAL_SURFACE('',#8663,0.0105791,0.0279065634095856);
#41=CONICAL_SURFACE('',#8666,0.0105791,0.0279065634095856);
#42=CONICAL_SURFACE('',#8669,0.0105791,0.0279065634095856);
#43=CONICAL_SURFACE('',#8672,0.00353149942543765,0.099668652491162);
#44=CONICAL_SURFACE('',#8675,0.00353149942543765,0.099668652491162);
#45=CONICAL_SURFACE('',#8682,0.0042037,0.0996686524911621);
#46=CONICAL_SURFACE('',#8684,0.0042037,0.0996686524911621);
#47=CONICAL_SURFACE('',#8693,0.0113157,0.0136130204279038);
#48=CONICAL_SURFACE('',#8707,0.001524,0.0296705972839036);
#49=CONICAL_SURFACE('',#8708,0.001524,0.0296705972839036);
#50=CONICAL_SURFACE('',#8709,0.001524,0.0296705972839036);
#51=B_SPLINE_SURFACE_WITH_KNOTS('',3,1,((#10513,#10514),(#10515,#10516),
(#10517,#10518),(#10519,#10520),(#10521,#10522)),
 .SURF_OF_LINEAR_EXTRUSION.,.F.,.F.,.F.,(4,1,4),(2,2),(-4.28816843410012E-8,
0.499999977721484,0.999999998324653),(0.,1.),.UNSPECIFIED.);
#52=B_SPLINE_SURFACE_WITH_KNOTS('',3,1,((#10532,#10533),(#10534,#10535),
(#10536,#10537),(#10538,#10539),(#10540,#10541)),
 .SURF_OF_LINEAR_EXTRUSION.,.F.,.F.,.F.,(4,1,4),(2,2),(-4.28817011829384E-8,
0.499999978559149,0.999999999999999),(0.,1.),.UNSPECIFIED.);
#53=B_SPLINE_SURFACE_WITH_KNOTS('',3,1,((#10560,#10561),(#10562,#10563),
(#10564,#10565),(#10566,#10567),(#10568,#10569)),
 .SURF_OF_LINEAR_EXTRUSION.,.F.,.F.,.F.,(4,1,4),(2,2),(-4.28816852677281E-8,
0.499999978559157,1.),(0.,1.),.UNSPECIFIED.);
#54=B_SPLINE_SURFACE_WITH_KNOTS('',3,1,((#10571,#10572),(#10573,#10574),
(#10575,#10576),(#10577,#10578),(#10579,#10580)),
 .SURF_OF_LINEAR_EXTRUSION.,.F.,.F.,.F.,(4,1,4),(2,2),(3.35062280777431E-9,
0.500000023116158,1.00000004288169),(0.,1.),.UNSPECIFIED.);
#55=B_SPLINE_SURFACE_WITH_KNOTS('',3,1,((#10587,#10588),(#10589,#10590),
(#10591,#10592),(#10593,#10594),(#10595,#10596)),
 .SURF_OF_LINEAR_EXTRUSION.,.F.,.F.,.F.,(4,1,4),(2,2),(0.,0.500000021440946,
1.00000004288189),(0.,1.),.UNSPECIFIED.);
#56=B_SPLINE_SURFACE_WITH_KNOTS('',3,1,((#10605,#10606),(#10607,#10608),
(#10609,#10610),(#10611,#10612),(#10613,#10614)),
 .SURF_OF_LINEAR_EXTRUSION.,.F.,.F.,.F.,(4,1,4),(2,2),(0.,0.500000021440947,
1.00000004288189),(0.,1.),.UNSPECIFIED.);
#57=B_SPLINE_SURFACE_WITH_KNOTS('',3,1,((#10730,#10731),(#10732,#10733),
(#10734,#10735),(#10736,#10737),(#10738,#10739)),
 .SURF_OF_LINEAR_EXTRUSION.,.F.,.F.,.F.,(4,1,4),(2,2),(-4.28816843410012E-8,
0.499999977721484,0.999999998324653),(0.,1.),.UNSPECIFIED.);
#58=B_SPLINE_SURFACE_WITH_KNOTS('',3,1,((#10749,#10750),(#10751,#10752),
(#10753,#10754),(#10755,#10756),(#10757,#10758)),
 .SURF_OF_LINEAR_EXTRUSION.,.F.,.F.,.F.,(4,1,4),(2,2),(-4.28817011829384E-8,
0.499999978559149,0.999999999999999),(0.,1.),.UNSPECIFIED.);
#59=B_SPLINE_SURFACE_WITH_KNOTS('',3,1,((#10777,#10778),(#10779,#10780),
(#10781,#10782),(#10783,#10784),(#10785,#10786)),
 .SURF_OF_LINEAR_EXTRUSION.,.F.,.F.,.F.,(4,1,4),(2,2),(-4.28816852677281E-8,
0.499999978559157,1.),(0.,1.),.UNSPECIFIED.);
#60=B_SPLINE_SURFACE_WITH_KNOTS('',3,1,((#10788,#10789),(#10790,#10791),
(#10792,#10793),(#10794,#10795),(#10796,#10797)),
 .SURF_OF_LINEAR_EXTRUSION.,.F.,.F.,.F.,(4,1,4),(2,2),(3.35062280777431E-9,
0.500000023116158,1.00000004288169),(0.,1.),.UNSPECIFIED.);
#61=B_SPLINE_SURFACE_WITH_KNOTS('',3,1,((#10804,#10805),(#10806,#10807),
(#10808,#10809),(#10810,#10811),(#10812,#10813)),
 .SURF_OF_LINEAR_EXTRUSION.,.F.,.F.,.F.,(4,1,4),(2,2),(0.,0.500000021440946,
1.00000004288189),(0.,1.),.UNSPECIFIED.);
#62=B_SPLINE_SURFACE_WITH_KNOTS('',3,1,((#10822,#10823),(#10824,#10825),
(#10826,#10827),(#10828,#10829),(#10830,#10831)),
 .SURF_OF_LINEAR_EXTRUSION.,.F.,.F.,.F.,(4,1,4),(2,2),(0.,0.500000021440947,
1.00000004288189),(0.,1.),.UNSPECIFIED.);
#63=B_SPLINE_CURVE_WITH_KNOTS('',3,(#10482,#10483,#10484,#10485,#10486,
#10487),.UNSPECIFIED.,.F.,.F.,(4,1,1,4),(0.,0.000513907033033462,0.00102781406606692,
0.00205562813213385),.UNSPECIFIED.);
#64=B_SPLINE_CURVE_WITH_KNOTS('',3,(#10490,#10491,#10492,#10493,#10494,
#10495),.UNSPECIFIED.,.F.,.F.,(4,1,1,4),(4.37015664509085E-11,0.00101396306091633,
0.00152094456952372,0.0020279260781311),.UNSPECIFIED.);
#65=B_SPLINE_CURVE_WITH_KNOTS('',3,(#10525,#10526,#10527,#10528,#10529,
#10530,#10531),.UNSPECIFIED.,.F.,.F.,(4,1,1,1,4),(-1.24111896405948E-5,
0.000510343640862172,0.00103309847136494,0.00155585330186771,0.00207860813237047),
 .UNSPECIFIED.);
#66=B_SPLINE_CURVE_WITH_KNOTS('',3,(#10544,#10545,#10546,#10547,#10548,
#10549,#10550,#10551,#10552,#10553,#10554,#10555,#10556,#10557,#10558,#10559),
 .UNSPECIFIED.,.F.,.F.,(4,1,1,1,1,1,1,1,1,1,1,1,1,4),(0.,0.0625,0.125,0.1875,
0.25,0.3125,0.375,0.4375,0.5,0.5625,0.625,0.75,0.875,1.),.UNSPECIFIED.);
#67=B_SPLINE_CURVE_WITH_KNOTS('',3,(#10581,#10582,#10583,#10584,#10585,
#10586),.UNSPECIFIED.,.F.,.F.,(4,1,1,4),(0.000424974411168808,0.000962797961058112,
0.00150062151094742,0.00257626861072603),.UNSPECIFIED.);
#68=B_SPLINE_CURVE_WITH_KNOTS('',3,(#10597,#10598,#10599,#10600,#10601,
#10602,#10603,#10604),.UNSPECIFIED.,.F.,.F.,(4,1,1,1,1,4),(0.00042519000689516,
0.000724991528031619,0.00102479304916808,0.001624396091441,0.00222399913371391,
0.00282360217598683),.UNSPECIFIED.);
#69=B_SPLINE_CURVE_WITH_KNOTS('',3,(#10699,#10700,#10701,#10702,#10703,
#10704),.UNSPECIFIED.,.F.,.F.,(4,1,1,4),(0.,0.000513907033033462,0.00102781406606692,
0.00205562813213385),.UNSPECIFIED.);
#70=B_SPLINE_CURVE_WITH_KNOTS('',3,(#10707,#10708,#10709,#10710,#10711,
#10712),.UNSPECIFIED.,.F.,.F.,(4,1,1,4),(4.37015664509085E-11,0.00101396306091633,
0.00152094456952372,0.0020279260781311),.UNSPECIFIED.);
#71=B_SPLINE_CURVE_WITH_KNOTS('',3,(#10742,#10743,#10744,#10745,#10746,
#10747,#10748),.UNSPECIFIED.,.F.,.F.,(4,1,1,1,4),(-1.24111896405948E-5,
0.000510343640862172,0.00103309847136494,0.00155585330186771,0.00207860813237047),
 .UNSPECIFIED.);
#72=B_SPLINE_CURVE_WITH_KNOTS('',3,(#10761,#10762,#10763,#10764,#10765,
#10766,#10767,#10768,#10769,#10770,#10771,#10772,#10773,#10774,#10775,#10776),
 .UNSPECIFIED.,.F.,.F.,(4,1,1,1,1,1,1,1,1,1,1,1,1,4),(0.,0.0625,0.125,0.1875,
0.25,0.3125,0.375,0.4375,0.5,0.5625,0.625,0.75,0.875,1.),.UNSPECIFIED.);
#73=B_SPLINE_CURVE_WITH_KNOTS('',3,(#10798,#10799,#10800,#10801,#10802,
#10803),.UNSPECIFIED.,.F.,.F.,(4,1,1,4),(0.000424974411168808,0.000962797961058112,
0.00150062151094742,0.00257626861072603),.UNSPECIFIED.);
#74=B_SPLINE_CURVE_WITH_KNOTS('',3,(#10814,#10815,#10816,#10817,#10818,
#10819,#10820,#10821),.UNSPECIFIED.,.F.,.F.,(4,1,1,1,1,4),(0.00042519000689516,
0.000724991528031619,0.00102479304916808,0.001624396091441,0.00222399913371391,
0.00282360217598683),.UNSPECIFIED.);
#75=B_SPLINE_CURVE_WITH_KNOTS('',3,(#10930,#10931,#10932,#10933,#10934),
 .UNSPECIFIED.,.F.,.F.,(4,1,4),(0.00218757904600119,0.00387493728946123,
0.00556229553292127),.UNSPECIFIED.);
#76=B_SPLINE_CURVE_WITH_KNOTS('',3,(#10937,#10938,#10939,#10940),
 .UNSPECIFIED.,.F.,.F.,(4,4),(9.81460175738845E-7,0.0130866676498096),
 .UNSPECIFIED.);
#77=B_SPLINE_CURVE_WITH_KNOTS('',3,(#10942,#10943,#10944,#10945,#10946),
 .UNSPECIFIED.,.F.,.F.,(4,1,4),(0.000109936099849108,0.000973763480642962,
0.00183759086143682),.UNSPECIFIED.);
#78=B_SPLINE_CURVE_WITH_KNOTS('',3,(#10950,#10951,#10952,#10953,#10954),
 .UNSPECIFIED.,.F.,.F.,(4,1,4),(7.04862635227058E-5,0.000934409623886114,
0.00179833298424952),.UNSPECIFIED.);
#79=B_SPLINE_CURVE_WITH_KNOTS('',3,(#10956,#10957,#10958,#10959),
 .UNSPECIFIED.,.F.,.F.,(4,4),(2.04212718256449E-7,0.0130858904023521),
 .UNSPECIFIED.);
#80=B_SPLINE_CURVE_WITH_KNOTS('',3,(#10961,#10962,#10963,#10964,#10965),
 .UNSPECIFIED.,.F.,.F.,(4,1,4),(0.000187428385414015,0.00187570062118875,
0.00356397285696349),.UNSPECIFIED.);
#81=B_SPLINE_CURVE_WITH_KNOTS('',3,(#10968,#10969,#10970,#10971),
 .UNSPECIFIED.,.F.,.F.,(4,4),(9.69110200846916E-7,0.0130857069421605),
 .UNSPECIFIED.);
#82=B_SPLINE_CURVE_WITH_KNOTS('',3,(#10974,#10975,#10976,#10977,#10978),
 .UNSPECIFIED.,.F.,.F.,(4,1,4),(0.0014872321982762,0.00263303490994764,
0.00377883762161907),.UNSPECIFIED.);
#83=B_SPLINE_CURVE_WITH_KNOTS('',3,(#10982,#10983,#10984,#10985,#10986),
 .UNSPECIFIED.,.F.,.F.,(4,1,4),(0.000129069747363145,0.00127538902703977,
0.00242170830671639),.UNSPECIFIED.);
#84=B_SPLINE_CURVE_WITH_KNOTS('',3,(#10988,#10989,#10990,#10991),
 .UNSPECIFIED.,.F.,.F.,(4,4),(2.04311303693662E-7,0.0130849421432633),
 .UNSPECIFIED.);
#85=B_SPLINE_CURVE_WITH_KNOTS('',3,(#10993,#10994,#10995,#10996),
 .UNSPECIFIED.,.F.,.F.,(4,4),(3.26319562656109E-5,0.000837711874778545),
 .UNSPECIFIED.);
#86=B_SPLINE_CURVE_WITH_KNOTS('',3,(#11000,#11001,#11002,#11003),
 .UNSPECIFIED.,.F.,.F.,(4,4),(5.14604281746657E-5,0.000856457921727507),
 .UNSPECIFIED.);
#87=B_SPLINE_CURVE_WITH_KNOTS('',3,(#11012,#11013,#11014,#11015,#11016),
 .UNSPECIFIED.,.F.,.F.,(4,1,4),(0.000187428385414015,0.00187570062118875,
0.00356397285696349),.UNSPECIFIED.);
#88=B_SPLINE_CURVE_WITH_KNOTS('',3,(#11018,#11019,#11020,#11021),
 .UNSPECIFIED.,.F.,.F.,(4,4),(2.04212718256449E-7,0.0130858904023521),
 .UNSPECIFIED.);
#89=B_SPLINE_CURVE_WITH_KNOTS('',3,(#11023,#11024,#11025,#11026,#11027),
 .UNSPECIFIED.,.F.,.F.,(4,1,4),(7.04862635227058E-5,0.000934409623886114,
0.00179833298424952),.UNSPECIFIED.);
#90=B_SPLINE_CURVE_WITH_KNOTS('',3,(#11031,#11032,#11033,#11034,#11035),
 .UNSPECIFIED.,.F.,.F.,(4,1,4),(0.000109936099849108,0.000973763480642962,
0.00183759086143682),.UNSPECIFIED.);
#91=B_SPLINE_CURVE_WITH_KNOTS('',3,(#11037,#11038,#11039,#11040),
 .UNSPECIFIED.,.F.,.F.,(4,4),(9.81460175738845E-7,0.0130866676498096),
 .UNSPECIFIED.);
#92=B_SPLINE_CURVE_WITH_KNOTS('',3,(#11042,#11043,#11044,#11045,#11046),
 .UNSPECIFIED.,.F.,.F.,(4,1,4),(0.00218757904600119,0.00387493728946121,
0.00556229553292124),.UNSPECIFIED.);
#93=B_SPLINE_CURVE_WITH_KNOTS('',3,(#11050,#11051,#11052,#11053,#11054),
 .UNSPECIFIED.,.F.,.F.,(4,1,4),(0.000187428385414015,0.00187570062118876,
0.00356397285696349),.UNSPECIFIED.);
#94=B_SPLINE_CURVE_WITH_KNOTS('',3,(#11056,#11057,#11058,#11059),
 .UNSPECIFIED.,.F.,.F.,(4,4),(2.04212718256449E-7,0.0130858904023521),
 .UNSPECIFIED.);
#95=B_SPLINE_CURVE_WITH_KNOTS('',3,(#11061,#11062,#11063,#11064,#11065),
 .UNSPECIFIED.,.F.,.F.,(4,1,4),(7.04862635227058E-5,0.000934409623886114,
0.00179833298424952),.UNSPECIFIED.);
#96=B_SPLINE_CURVE_WITH_KNOTS('',3,(#11069,#11070,#11071,#11072,#11073),
 .UNSPECIFIED.,.F.,.F.,(4,1,4),(0.0001099360998491,0.000973763480642958,
0.00183759086143682),.UNSPECIFIED.);
#97=B_SPLINE_CURVE_WITH_KNOTS('',3,(#11075,#11076,#11077,#11078),
 .UNSPECIFIED.,.F.,.F.,(4,4),(9.81460175738845E-7,0.0130866676498096),
 .UNSPECIFIED.);
#98=B_SPLINE_CURVE_WITH_KNOTS('',3,(#11080,#11081,#11082,#11083,#11084),
 .UNSPECIFIED.,.F.,.F.,(4,1,4),(0.00218757904600119,0.00387493728946122,
0.00556229553292124),.UNSPECIFIED.);
#99=B_SPLINE_CURVE_WITH_KNOTS('',3,(#11088,#11089,#11090,#11091,#11092),
 .UNSPECIFIED.,.F.,.F.,(4,1,4),(0.000187428385414015,0.00187570062118876,
0.0035639728569635),.UNSPECIFIED.);
#100=B_SPLINE_CURVE_WITH_KNOTS('',3,(#11094,#11095,#11096,#11097),
 .UNSPECIFIED.,.F.,.F.,(4,4),(2.04212718256449E-7,0.0130858904023521),
 .UNSPECIFIED.);
#101=B_SPLINE_CURVE_WITH_KNOTS('',3,(#11099,#11100,#11101,#11102,#11103),
 .UNSPECIFIED.,.F.,.F.,(4,1,4),(7.04862635227058E-5,0.000934409623886114,
0.00179833298424952),.UNSPECIFIED.);
#102=B_SPLINE_CURVE_WITH_KNOTS('',3,(#11107,#11108,#11109,#11110,#11111),
 .UNSPECIFIED.,.F.,.F.,(4,1,4),(0.0001099360998491,0.000973763480642958,
0.00183759086143682),.UNSPECIFIED.);
#103=B_SPLINE_CURVE_WITH_KNOTS('',3,(#11113,#11114,#11115,#11116),
 .UNSPECIFIED.,.F.,.F.,(4,4),(9.81460175738845E-7,0.0130866676498096),
 .UNSPECIFIED.);
#104=B_SPLINE_CURVE_WITH_KNOTS('',3,(#11118,#11119,#11120,#11121,#11122),
 .UNSPECIFIED.,.F.,.F.,(4,1,4),(0.00218757904600119,0.00387493728946122,
0.00556229553292126),.UNSPECIFIED.);
#105=B_SPLINE_CURVE_WITH_KNOTS('',3,(#11124,#11125,#11126,#11127,#11128),
 .UNSPECIFIED.,.F.,.F.,(4,1,4),(0.00148723219827647,0.00263303490994793,
0.00377883762161938),.UNSPECIFIED.);
#106=B_SPLINE_CURVE_WITH_KNOTS('',3,(#11133,#11134,#11135,#11136,#11137),
 .UNSPECIFIED.,.F.,.F.,(4,1,4),(0.000129069747363161,0.00127538902703978,
0.00242170830671639),.UNSPECIFIED.);
#107=B_SPLINE_CURVE_WITH_KNOTS('',3,(#11139,#11140,#11141,#11142),
 .UNSPECIFIED.,.F.,.F.,(4,4),(2.04311303693662E-7,0.0130849421432633),
 .UNSPECIFIED.);
#108=B_SPLINE_CURVE_WITH_KNOTS('',3,(#11144,#11145,#11146,#11147),
 .UNSPECIFIED.,.F.,.F.,(4,4),(3.26319562656109E-5,0.000837711874778543),
 .UNSPECIFIED.);
#109=B_SPLINE_CURVE_WITH_KNOTS('',3,(#11151,#11152,#11153,#11154),
 .UNSPECIFIED.,.F.,.F.,(4,4),(5.14604281746494E-5,0.000856457921727501),
 .UNSPECIFIED.);
#110=B_SPLINE_CURVE_WITH_KNOTS('',3,(#11156,#11157,#11158,#11159),
 .UNSPECIFIED.,.F.,.F.,(4,4),(9.69110200793463E-7,0.0130857069421604),
 .UNSPECIFIED.);
#111=B_SPLINE_CURVE_WITH_KNOTS('',3,(#11162,#11163,#11164,#11165,#11166),
 .UNSPECIFIED.,.F.,.F.,(4,1,4),(0.00148723219827647,0.00263303490994793,
0.00377883762161938),.UNSPECIFIED.);
#112=B_SPLINE_CURVE_WITH_KNOTS('',3,(#11171,#11172,#11173,#11174,#11175),
 .UNSPECIFIED.,.F.,.F.,(4,1,4),(0.000129069747363158,0.00127538902703978,
0.00242170830671639),.UNSPECIFIED.);
#113=B_SPLINE_CURVE_WITH_KNOTS('',3,(#11177,#11178,#11179,#11180),
 .UNSPECIFIED.,.F.,.F.,(4,4),(2.04311303693662E-7,0.0130849421432633),
 .UNSPECIFIED.);
#114=B_SPLINE_CURVE_WITH_KNOTS('',3,(#11182,#11183,#11184,#11185),
 .UNSPECIFIED.,.F.,.F.,(4,4),(3.26319562656109E-5,0.000837711874778545),
 .UNSPECIFIED.);
#115=B_SPLINE_CURVE_WITH_KNOTS('',3,(#11189,#11190,#11191,#11192),
 .UNSPECIFIED.,.F.,.F.,(4,4),(5.14604281746494E-5,0.000856457921727501),
 .UNSPECIFIED.);
#116=B_SPLINE_CURVE_WITH_KNOTS('',3,(#11194,#11195,#11196,#11197),
 .UNSPECIFIED.,.F.,.F.,(4,4),(9.69110200793463E-7,0.0130857069421604),
 .UNSPECIFIED.);
#117=B_SPLINE_CURVE_WITH_KNOTS('',3,(#11200,#11201,#11202,#11203),
 .UNSPECIFIED.,.F.,.F.,(4,4),(2.04311303693662E-7,0.0130849421432633),
 .UNSPECIFIED.);
#118=B_SPLINE_CURVE_WITH_KNOTS('',3,(#11206,#11207,#11208,#11209),
 .UNSPECIFIED.,.F.,.F.,(4,4),(3.26319562656109E-5,0.000837711874778543),
 .UNSPECIFIED.);
#119=B_SPLINE_CURVE_WITH_KNOTS('',3,(#11213,#11214,#11215,#11216),
 .UNSPECIFIED.,.F.,.F.,(4,4),(5.14604281746862E-5,0.000856457921727528),
 .UNSPECIFIED.);
#120=B_SPLINE_CURVE_WITH_KNOTS('',3,(#11218,#11219,#11220,#11221),
 .UNSPECIFIED.,.F.,.F.,(4,4),(9.69110200846916E-7,0.0130857069421605),
 .UNSPECIFIED.);
#121=B_SPLINE_CURVE_WITH_KNOTS('',3,(#11223,#11224,#11225,#11226,#11227),
 .UNSPECIFIED.,.F.,.F.,(4,1,4),(0.0014872321982762,0.00263303490994764,
0.00377883762161907),.UNSPECIFIED.);
#122=B_SPLINE_CURVE_WITH_KNOTS('',3,(#11231,#11232,#11233,#11234,#11235),
 .UNSPECIFIED.,.F.,.F.,(4,1,4),(0.000129069747363174,0.00127538902703978,
0.00242170830671639),.UNSPECIFIED.);
#123=B_SPLINE_CURVE_WITH_KNOTS('',3,(#11294,#11295,#11296,#11297),
 .UNSPECIFIED.,.F.,.F.,(4,4),(0.,0.00163517728187993),.UNSPECIFIED.);
#124=B_SPLINE_CURVE_WITH_KNOTS('',3,(#11300,#11301,#11302,#11303),
 .UNSPECIFIED.,.F.,.F.,(4,4),(0.,0.00163517728187992),.UNSPECIFIED.);
#125=B_SPLINE_CURVE_WITH_KNOTS('',3,(#11322,#11323,#11324,#11325,#11326),
 .UNSPECIFIED.,.F.,.F.,(4,1,4),(0.,0.00159926216026567,0.00319852432053134),
 .UNSPECIFIED.);
#126=B_SPLINE_CURVE_WITH_KNOTS('',3,(#11415,#11416,#11417,#11418),
 .UNSPECIFIED.,.F.,.F.,(4,4),(0.,0.00501650581405891),.UNSPECIFIED.);
#127=B_SPLINE_CURVE_WITH_KNOTS('',3,(#11421,#11422,#11423,#11424),
 .UNSPECIFIED.,.F.,.F.,(4,4),(0.,0.00577850658635663),.UNSPECIFIED.);
#128=B_SPLINE_CURVE_WITH_KNOTS('',3,(#11428,#11429,#11430,#11431),
 .UNSPECIFIED.,.F.,.F.,(4,4),(0.,0.00501650581405892),.UNSPECIFIED.);
#129=B_SPLINE_CURVE_WITH_KNOTS('',3,(#11435,#11436,#11437,#11438),
 .UNSPECIFIED.,.F.,.F.,(4,4),(0.,0.00501650581405892),.UNSPECIFIED.);
#130=B_SPLINE_CURVE_WITH_KNOTS('',3,(#11442,#11443,#11444,#11445),
 .UNSPECIFIED.,.F.,.F.,(4,4),(0.,0.00577850658635663),.UNSPECIFIED.);
#131=B_SPLINE_CURVE_WITH_KNOTS('',3,(#11447,#11448,#11449,#11450),
 .UNSPECIFIED.,.F.,.F.,(4,4),(0.,0.00501650581405891),.UNSPECIFIED.);
#132=B_SPLINE_CURVE_WITH_KNOTS('',3,(#11455,#11456,#11457,#11458),
 .UNSPECIFIED.,.F.,.F.,(4,4),(0.,0.000120031897756261),.UNSPECIFIED.);
#133=B_SPLINE_CURVE_WITH_KNOTS('',3,(#11460,#11461,#11462,#11463,#11464,
#11465,#11466),.UNSPECIFIED.,.F.,.F.,(4,1,1,1,4),(0.,0.00159664088072282,
0.00319328176144564,0.00478992264216846,0.00638656352289128),
 .UNSPECIFIED.);
#134=B_SPLINE_CURVE_WITH_KNOTS('',3,(#11468,#11469,#11470,#11471),
 .UNSPECIFIED.,.F.,.F.,(4,4),(0.,0.00102861537494527),.UNSPECIFIED.);
#135=B_SPLINE_CURVE_WITH_KNOTS('',3,(#11473,#11474,#11475,#11476),
 .UNSPECIFIED.,.F.,.F.,(4,4),(0.,0.00102676432228185),.UNSPECIFIED.);
#136=B_SPLINE_CURVE_WITH_KNOTS('',3,(#11478,#11479,#11480,#11481),
 .UNSPECIFIED.,.F.,.F.,(4,4),(0.,0.000145074814957924),.UNSPECIFIED.);
#137=B_SPLINE_CURVE_WITH_KNOTS('',3,(#11485,#11486,#11487,#11488),
 .UNSPECIFIED.,.F.,.F.,(4,4),(0.,0.000151646243780756),.UNSPECIFIED.);
#138=B_SPLINE_CURVE_WITH_KNOTS('',3,(#11490,#11491,#11492,#11493),
 .UNSPECIFIED.,.F.,.F.,(4,4),(0.,0.00200836922078584),.UNSPECIFIED.);
#139=B_SPLINE_CURVE_WITH_KNOTS('',3,(#11495,#11496,#11497,#11498),
 .UNSPECIFIED.,.F.,.F.,(4,4),(0.,0.00102861537494485),.UNSPECIFIED.);
#140=B_SPLINE_CURVE_WITH_KNOTS('',3,(#11500,#11501,#11502,#11503,#11504,
#11505,#11506),.UNSPECIFIED.,.F.,.F.,(4,1,1,1,4),(0.,0.000717958397147669,
0.00143591679429534,0.00215387519144301,0.00287183358859068),
 .UNSPECIFIED.);
#141=B_SPLINE_CURVE_WITH_KNOTS('',3,(#11508,#11509,#11510,#11511),
 .UNSPECIFIED.,.F.,.F.,(4,4),(0.,0.00022387837245975),.UNSPECIFIED.);
#142=B_SPLINE_CURVE_WITH_KNOTS('',3,(#11513,#11514,#11515,#11516,#11517,
#11518,#11519,#11520,#11521,#11522,#11523),.UNSPECIFIED.,.T.,.F.,(1,1,1,
1,1,1,1,1,1,1,1,1,1,1,1),(-0.00707628929649305,-0.00471752619766203,-0.00235876309883102,
0.,0.00235876309883102,0.00471752619766203,0.00707628929649305,0.00943505239532406,
0.0117938154941551,0.0141525785929861,0.0165113416918171,0.0188701047906481,
0.0212288678894791,0.0235876309883102,0.0259463940871412),.UNSPECIFIED.);
#143=B_SPLINE_CURVE_WITH_KNOTS('',3,(#11525,#11526,#11527,#11528,#11529,
#11530,#11531,#11532,#11533,#11534,#11535),.UNSPECIFIED.,.T.,.F.,(1,1,1,
1,1,1,1,1,1,1,1,1,1,1,1),(-0.0027097747186668,-0.0018065164791112,-0.0009032582395556,
0.,0.0009032582395556,0.0018065164791112,0.0027097747186668,0.0036130329582224,
0.004516291197778,0.0054195494373336,0.0063228076768892,0.0072260659164448,
0.0081293241560004,0.009032582395556,0.0099358406351116),.UNSPECIFIED.);
#144=B_SPLINE_CURVE_WITH_KNOTS('',3,(#11541,#11542,#11543,#11544),
 .UNSPECIFIED.,.F.,.F.,(4,4),(0.,0.000149122733328419),.UNSPECIFIED.);
#145=B_SPLINE_CURVE_WITH_KNOTS('',3,(#11548,#11549,#11550,#11551),
 .UNSPECIFIED.,.F.,.F.,(4,4),(0.,0.000149122681159313),.UNSPECIFIED.);
#146=B_SPLINE_CURVE_WITH_KNOTS('',3,(#11555,#11556,#11557,#11558),
 .UNSPECIFIED.,.F.,.F.,(4,4),(0.,0.00014912273332837),.UNSPECIFIED.);
#147=B_SPLINE_CURVE_WITH_KNOTS('',3,(#11562,#11563,#11564,#11565),
 .UNSPECIFIED.,.F.,.F.,(4,4),(0.,0.000149082366786447),.UNSPECIFIED.);
#148=B_SPLINE_CURVE_WITH_KNOTS('',3,(#11569,#11570,#11571,#11572),
 .UNSPECIFIED.,.F.,.F.,(4,4),(0.,0.000149122733328437),.UNSPECIFIED.);
#149=B_SPLINE_CURVE_WITH_KNOTS('',3,(#11576,#11577,#11578,#11579),
 .UNSPECIFIED.,.F.,.F.,(4,4),(0.,0.000149122681159336),.UNSPECIFIED.);
#150=B_SPLINE_CURVE_WITH_KNOTS('',3,(#11583,#11584,#11585,#11586),
 .UNSPECIFIED.,.F.,.F.,(4,4),(0.,0.000149122733328416),.UNSPECIFIED.);
#151=B_SPLINE_CURVE_WITH_KNOTS('',3,(#11591,#11592,#11593,#11594),
 .UNSPECIFIED.,.F.,.F.,(4,4),(0.,0.000149082366786361),.UNSPECIFIED.);
#152=B_SPLINE_CURVE_WITH_KNOTS('',3,(#11598,#11599,#11600,#11601,#11602,
#11603,#11604),.UNSPECIFIED.,.F.,.F.,(4,1,1,1,4),(0.,0.000727897490699996,
0.00145579498139999,0.00218369247209999,0.00291158996279999),
 .UNSPECIFIED.);
#153=B_SPLINE_CURVE_WITH_KNOTS('',3,(#11608,#11609,#11610,#11611),
 .UNSPECIFIED.,.F.,.F.,(4,4),(0.,0.000149122733328427),.UNSPECIFIED.);
#154=B_SPLINE_CURVE_WITH_KNOTS('',3,(#11615,#11616,#11617,#11618),
 .UNSPECIFIED.,.F.,.F.,(4,4),(0.,0.000149122681159344),.UNSPECIFIED.);
#155=B_SPLINE_CURVE_WITH_KNOTS('',3,(#11622,#11623,#11624,#11625,#11626),
 .UNSPECIFIED.,.F.,.F.,(4,1,4),(0.,0.00173570630619574,0.00347141261239148),
 .UNSPECIFIED.);
#156=B_SPLINE_CURVE_WITH_KNOTS('',3,(#11628,#11629,#11630,#11631,#11632),
 .UNSPECIFIED.,.F.,.F.,(4,1,4),(0.,0.00225936151381499,0.00451872302762999),
 .UNSPECIFIED.);
#157=B_SPLINE_CURVE_WITH_KNOTS('',3,(#11636,#11637,#11638,#11639),
 .UNSPECIFIED.,.F.,.F.,(4,4),(0.,0.000149122733328366),.UNSPECIFIED.);
#158=B_SPLINE_CURVE_WITH_KNOTS('',3,(#11643,#11644,#11645,#11646),
 .UNSPECIFIED.,.F.,.F.,(4,4),(0.,0.000149122681159337),.UNSPECIFIED.);
#159=B_SPLINE_CURVE_WITH_KNOTS('',3,(#11650,#11651,#11652,#11653),
 .UNSPECIFIED.,.F.,.F.,(4,4),(0.,0.00014912273332835),.UNSPECIFIED.);
#160=B_SPLINE_CURVE_WITH_KNOTS('',3,(#11658,#11659,#11660,#11661),
 .UNSPECIFIED.,.F.,.F.,(4,4),(0.,0.000149122681159319),.UNSPECIFIED.);
#161=B_SPLINE_CURVE_WITH_KNOTS('',3,(#11665,#11666,#11667,#11668),
 .UNSPECIFIED.,.F.,.F.,(4,4),(0.,0.00188546212374131),.UNSPECIFIED.);
#162=B_SPLINE_CURVE_WITH_KNOTS('',3,(#11670,#11671,#11672,#11673),
 .UNSPECIFIED.,.F.,.F.,(4,4),(0.,0.00188387683933539),.UNSPECIFIED.);
#163=B_SPLINE_CURVE_WITH_KNOTS('',3,(#11675,#11676,#11677,#11678,#11679),
 .UNSPECIFIED.,.F.,.F.,(4,1,4),(0.,0.00178684909100222,0.00357369818200445),
 .UNSPECIFIED.);
#164=B_SPLINE_CURVE_WITH_KNOTS('',3,(#11683,#11684,#11685,#11686),
 .UNSPECIFIED.,.F.,.F.,(4,4),(0.,0.000149122681159354),.UNSPECIFIED.);
#165=B_SPLINE_CURVE_WITH_KNOTS('',3,(#11690,#11691,#11692,#11693),
 .UNSPECIFIED.,.F.,.F.,(4,4),(0.,0.000149122733328425),.UNSPECIFIED.);
#166=B_SPLINE_CURVE_WITH_KNOTS('',3,(#11697,#11698,#11699,#11700),
 .UNSPECIFIED.,.F.,.F.,(4,4),(0.,0.00014912268115932),.UNSPECIFIED.);
#167=B_SPLINE_CURVE_WITH_KNOTS('',3,(#11704,#11705,#11706,#11707),
 .UNSPECIFIED.,.F.,.F.,(4,4),(0.,0.000149082341235184),.UNSPECIFIED.);
#168=B_SPLINE_CURVE_WITH_KNOTS('',3,(#11711,#11712,#11713,#11714,#11715,
#11716,#11717),.UNSPECIFIED.,.F.,.F.,(4,1,1,1,4),(0.,0.000598466710731187,
0.00119693342146237,0.00179540013219356,0.00239386684292475),
 .UNSPECIFIED.);
#169=B_SPLINE_CURVE_WITH_KNOTS('',3,(#11721,#11722,#11723,#11724),
 .UNSPECIFIED.,.F.,.F.,(4,4),(0.,0.000149122681159341),.UNSPECIFIED.);
#170=B_SPLINE_CURVE_WITH_KNOTS('',3,(#11728,#11729,#11730,#11731),
 .UNSPECIFIED.,.F.,.F.,(4,4),(0.,0.000149122733328364),.UNSPECIFIED.);
#171=B_SPLINE_CURVE_WITH_KNOTS('',3,(#11735,#11736,#11737,#11738),
 .UNSPECIFIED.,.F.,.F.,(4,4),(0.,0.00116361910727849),.UNSPECIFIED.);
#172=B_SPLINE_CURVE_WITH_KNOTS('',3,(#11742,#11743,#11744,#11745),
 .UNSPECIFIED.,.F.,.F.,(4,4),(0.,0.000149122681159315),.UNSPECIFIED.);
#173=B_SPLINE_CURVE_WITH_KNOTS('',3,(#11750,#11751,#11752,#11753),
 .UNSPECIFIED.,.F.,.F.,(4,4),(0.,0.00014912273332841),.UNSPECIFIED.);
#174=B_SPLINE_CURVE_WITH_KNOTS('',3,(#11757,#11758,#11759,#11760,#11761,
#11762,#11763),.UNSPECIFIED.,.F.,.F.,(4,1,1,1,4),(0.,0.00185817180379045,
0.0037163436075809,0.00557451541137134,0.00743268721516179),
 .UNSPECIFIED.);
#175=B_SPLINE_CURVE_WITH_KNOTS('',3,(#11767,#11768,#11769,#11770),
 .UNSPECIFIED.,.F.,.F.,(4,4),(0.,0.000149122681159308),.UNSPECIFIED.);
#176=B_SPLINE_CURVE_WITH_KNOTS('',3,(#11774,#11775,#11776,#11777),
 .UNSPECIFIED.,.F.,.F.,(4,4),(0.,0.000149122733328339),.UNSPECIFIED.);
#177=B_SPLINE_CURVE_WITH_KNOTS('',3,(#11781,#11782,#11783,#11784),
 .UNSPECIFIED.,.F.,.F.,(4,4),(0.,0.000149122681159288),.UNSPECIFIED.);
#178=B_SPLINE_CURVE_WITH_KNOTS('',3,(#11790,#11791,#11792,#11793),
 .UNSPECIFIED.,.F.,.F.,(4,4),(0.,0.000149082341235211),.UNSPECIFIED.);
#179=B_SPLINE_CURVE_WITH_KNOTS('',3,(#11797,#11798,#11799,#11800,#11801,
#11802,#11803),.UNSPECIFIED.,.F.,.F.,(4,1,1,1,4),(0.,0.000598466710731287,
0.00119693342146257,0.00179540013219386,0.00239386684292515),
 .UNSPECIFIED.);
#180=B_SPLINE_CURVE_WITH_KNOTS('',3,(#11807,#11808,#11809,#11810,#11811,
#11812,#11813),.UNSPECIFIED.,.F.,.F.,(4,1,1,1,4),(0.,0.000598466710730575,
0.00119693342146115,0.00179540013219172,0.0023938668429223),
 .UNSPECIFIED.);
#181=B_SPLINE_CURVE_WITH_KNOTS('',3,(#11818,#11819,#11820,#11821),
 .UNSPECIFIED.,.F.,.F.,(4,4),(0.,0.000149122681159295),.UNSPECIFIED.);
#182=B_SPLINE_CURVE_WITH_KNOTS('',3,(#11825,#11826,#11827,#11828),
 .UNSPECIFIED.,.F.,.F.,(4,4),(0.,0.000149122733328423),.UNSPECIFIED.);
#183=B_SPLINE_CURVE_WITH_KNOTS('',3,(#11832,#11833,#11834,#11835),
 .UNSPECIFIED.,.F.,.F.,(4,4),(0.,0.00116361910727866),.UNSPECIFIED.);
#184=B_SPLINE_CURVE_WITH_KNOTS('',3,(#11839,#11840,#11841,#11842),
 .UNSPECIFIED.,.F.,.F.,(4,4),(0.,0.00014912273332842),.UNSPECIFIED.);
#185=B_SPLINE_CURVE_WITH_KNOTS('',3,(#11846,#11847,#11848,#11849),
 .UNSPECIFIED.,.F.,.F.,(4,4),(0.,0.00014912268115932),.UNSPECIFIED.);
#186=B_SPLINE_CURVE_WITH_KNOTS('',3,(#11853,#11854,#11855,#11856),
 .UNSPECIFIED.,.F.,.F.,(4,4),(0.,0.00188546212379202),.UNSPECIFIED.);
#187=B_SPLINE_CURVE_WITH_KNOTS('',3,(#11858,#11859,#11860,#11861),
 .UNSPECIFIED.,.F.,.F.,(4,4),(0.,0.00188387683959592),.UNSPECIFIED.);
#188=B_SPLINE_CURVE_WITH_KNOTS('',3,(#11863,#11864,#11865,#11866,#11867),
 .UNSPECIFIED.,.F.,.F.,(4,1,4),(0.,0.00178684909100238,0.00357369818200475),
 .UNSPECIFIED.);
#189=B_SPLINE_CURVE_WITH_KNOTS('',3,(#11871,#11872,#11873,#11874),
 .UNSPECIFIED.,.F.,.F.,(4,4),(0.,0.000149122681159385),.UNSPECIFIED.);
#190=B_SPLINE_CURVE_WITH_KNOTS('',3,(#11878,#11879,#11880,#11881),
 .UNSPECIFIED.,.F.,.F.,(4,4),(0.,0.000149122733328378),.UNSPECIFIED.);
#191=B_SPLINE_CURVE_WITH_KNOTS('',3,(#11885,#11886,#11887,#11888),
 .UNSPECIFIED.,.F.,.F.,(4,4),(0.,0.000149122681159364),.UNSPECIFIED.);
#192=B_SPLINE_CURVE_WITH_KNOTS('',3,(#11892,#11893,#11894,#11895),
 .UNSPECIFIED.,.F.,.F.,(4,4),(0.,0.000149082341235307),.UNSPECIFIED.);
#193=B_SPLINE_CURVE_WITH_KNOTS('',3,(#11899,#11900,#11901,#11902,#11903,
#11904,#11905,#11906,#11907,#11908,#11909),.UNSPECIFIED.,.T.,.F.,(1,1,1,
1,1,1,1,1,1,1,1,1,1,1,1),(-0.00707626515727552,-0.00471751010485034,-0.00235875505242517,
0.,0.00235875505242517,0.00471751010485034,0.00707626515727552,0.00943502020970069,
0.0117937752621259,0.014152530314551,0.0165112853669762,0.0188700404194014,
0.0212287954718266,0.0235875505242517,0.0259463055766769),.UNSPECIFIED.);
#194=B_SPLINE_CURVE_WITH_KNOTS('',3,(#11911,#11912,#11913,#11914,#11915,
#11916,#11917,#11918,#11919,#11920,#11921),.UNSPECIFIED.,.T.,.F.,(1,1,1,
1,1,1,1,1,1,1,1,1,1,1,1),(-0.002709774718667,-0.00180651647911133,-0.000903258239555667,
0.,0.000903258239555667,0.00180651647911133,0.002709774718667,0.00361303295822267,
0.00451629119777833,0.005419549437334,0.00632280767688967,0.00722606591644533,
0.008129324156001,0.00903258239555667,0.00993584063511233),
 .UNSPECIFIED.);
#195=B_SPLINE_CURVE_WITH_KNOTS('',3,(#11925,#11926,#11927,#11928),
 .UNSPECIFIED.,.F.,.F.,(4,4),(0.,0.000149122681159339),.UNSPECIFIED.);
#196=B_SPLINE_CURVE_WITH_KNOTS('',3,(#11933,#11934,#11935,#11936),
 .UNSPECIFIED.,.F.,.F.,(4,4),(0.,0.000149122733328394),.UNSPECIFIED.);
#197=B_SPLINE_CURVE_WITH_KNOTS('',3,(#11940,#11941,#11942,#11943,#11944,
#11945,#11946),.UNSPECIFIED.,.F.,.F.,(4,1,1,1,4),(0.,0.000674633894324941,
0.00134926778864988,0.00202390168297482,0.00269853557729977),
 .UNSPECIFIED.);
#198=B_SPLINE_CURVE_WITH_KNOTS('',3,(#11950,#11951,#11952,#11953),
 .UNSPECIFIED.,.F.,.F.,(4,4),(0.,0.000149122681159361),.UNSPECIFIED.);
#199=B_SPLINE_CURVE_WITH_KNOTS('',3,(#11957,#11958,#11959,#11960),
 .UNSPECIFIED.,.F.,.F.,(4,4),(0.,0.00014912273332837),.UNSPECIFIED.);
#200=B_SPLINE_CURVE_WITH_KNOTS('',3,(#11964,#11965,#11966,#11967,#11968,
#11969,#11970),.UNSPECIFIED.,.F.,.F.,(4,1,1,1,4),(0.,0.00145718906993324,
0.00291437813986647,0.00437156720979971,0.00582875627973295),
 .UNSPECIFIED.);
#201=B_SPLINE_CURVE_WITH_KNOTS('',3,(#11972,#11973,#11974,#11975,#11976,
#11977,#11978),.UNSPECIFIED.,.F.,.F.,(4,1,1,1,4),(0.,0.00117400708935278,
0.00234801417870555,0.00352202126805833,0.00469602835741111),
 .UNSPECIFIED.);
#202=B_SPLINE_CURVE_WITH_KNOTS('',3,(#11982,#11983,#11984,#11985),
 .UNSPECIFIED.,.F.,.F.,(4,4),(0.,0.00014912268115935),.UNSPECIFIED.);
#203=B_SPLINE_CURVE_WITH_KNOTS('',3,(#11989,#11990,#11991,#11992),
 .UNSPECIFIED.,.F.,.F.,(4,4),(0.,0.000149122733328416),.UNSPECIFIED.);
#204=B_SPLINE_CURVE_WITH_KNOTS('',3,(#11996,#11997,#11998,#11999),
 .UNSPECIFIED.,.F.,.F.,(4,4),(0.,0.000149122681159328),.UNSPECIFIED.);
#205=B_SPLINE_CURVE_WITH_KNOTS('',3,(#12003,#12004,#12005,#12006),
 .UNSPECIFIED.,.F.,.F.,(4,4),(0.,0.000149082341235302),.UNSPECIFIED.);
#206=B_SPLINE_CURVE_WITH_KNOTS('',3,(#12010,#12011,#12012,#12013,#12014,
#12015,#12016),.UNSPECIFIED.,.F.,.F.,(4,1,1,1,4),(0.,0.000471295264958238,
0.000942590529916475,0.00141388579487471,0.00188518105983295),
 .UNSPECIFIED.);
#207=B_SPLINE_CURVE_WITH_KNOTS('',3,(#12023,#12024,#12025,#12026),
 .UNSPECIFIED.,.F.,.F.,(4,4),(0.,0.000992823944075569),.UNSPECIFIED.);
#208=B_SPLINE_CURVE_WITH_KNOTS('',3,(#12028,#12029,#12030,#12031,#12032),
 .UNSPECIFIED.,.F.,.F.,(4,1,4),(0.,0.00067137958717015,0.0013427591743403),
 .UNSPECIFIED.);
#209=B_SPLINE_CURVE_WITH_KNOTS('',3,(#12036,#12037,#12038,#12039),
 .UNSPECIFIED.,.F.,.F.,(4,4),(0.,0.00014912268115935),.UNSPECIFIED.);
#210=B_SPLINE_CURVE_WITH_KNOTS('',3,(#12043,#12044,#12045,#12046),
 .UNSPECIFIED.,.F.,.F.,(4,4),(0.,0.000149122733328411),.UNSPECIFIED.);
#211=B_SPLINE_CURVE_WITH_KNOTS('',3,(#12050,#12051,#12052,#12053,#12054,
#12055,#12056),.UNSPECIFIED.,.F.,.F.,(4,1,1,1,4),(0.,0.000496707427021071,
0.000993414854042143,0.00149012228106321,0.00198682970808429),
 .UNSPECIFIED.);
#212=B_SPLINE_CURVE_WITH_KNOTS('',3,(#12060,#12061,#12062,#12063),
 .UNSPECIFIED.,.F.,.F.,(4,4),(0.,0.00014912268115934),.UNSPECIFIED.);
#213=B_SPLINE_CURVE_WITH_KNOTS('',3,(#12067,#12068,#12069,#12070),
 .UNSPECIFIED.,.F.,.F.,(4,4),(0.,0.000149122733328403),.UNSPECIFIED.);
#214=B_SPLINE_CURVE_WITH_KNOTS('',3,(#12074,#12075,#12076,#12077,#12078,
#12079,#12080),.UNSPECIFIED.,.F.,.F.,(4,1,1,1,4),(0.,0.00129903171843703,
0.00259806343687407,0.0038970951553111,0.00519612687374814),
 .UNSPECIFIED.);
#215=B_SPLINE_CURVE_WITH_KNOTS('',3,(#12082,#12083,#12084,#12085,#12086,
#12087,#12088),.UNSPECIFIED.,.F.,.F.,(4,1,1,1,4),(0.,0.0012068147749171,
0.0024136295498342,0.00362044432475129,0.00482725909966839),
 .UNSPECIFIED.);
#216=B_SPLINE_CURVE_WITH_KNOTS('',3,(#12092,#12093,#12094,#12095),
 .UNSPECIFIED.,.F.,.F.,(4,4),(0.,0.000149122681159319),.UNSPECIFIED.);
#217=B_SPLINE_CURVE_WITH_KNOTS('',3,(#12099,#12100,#12101,#12102),
 .UNSPECIFIED.,.F.,.F.,(4,4),(0.,0.000149122733328431),.UNSPECIFIED.);
#218=B_SPLINE_CURVE_WITH_KNOTS('',3,(#12104,#12105,#12106,#12107),
 .UNSPECIFIED.,.F.,.F.,(4,4),(0.,0.00501650581405891),.UNSPECIFIED.);
#219=B_SPLINE_CURVE_WITH_KNOTS('',3,(#12110,#12111,#12112,#12113),
 .UNSPECIFIED.,.F.,.F.,(4,4),(0.,0.00577850658635664),.UNSPECIFIED.);
#220=B_SPLINE_CURVE_WITH_KNOTS('',3,(#12117,#12118,#12119,#12120),
 .UNSPECIFIED.,.F.,.F.,(4,4),(0.,0.00501650581405892),.UNSPECIFIED.);
#221=B_SPLINE_CURVE_WITH_KNOTS('',3,(#12124,#12125,#12126,#12127),
 .UNSPECIFIED.,.F.,.F.,(4,4),(0.,0.00501650581405892),.UNSPECIFIED.);
#222=B_SPLINE_CURVE_WITH_KNOTS('',3,(#12131,#12132,#12133,#12134),
 .UNSPECIFIED.,.F.,.F.,(4,4),(0.,0.00577850658635663),.UNSPECIFIED.);
#223=B_SPLINE_CURVE_WITH_KNOTS('',3,(#12136,#12137,#12138,#12139),
 .UNSPECIFIED.,.F.,.F.,(4,4),(0.,0.0050165058140589),.UNSPECIFIED.);
#224=B_SPLINE_CURVE_WITH_KNOTS('',3,(#12144,#12145,#12146,#12147),
 .UNSPECIFIED.,.F.,.F.,(4,4),(0.,0.000120031897756254),.UNSPECIFIED.);
#225=B_SPLINE_CURVE_WITH_KNOTS('',3,(#12149,#12150,#12151,#12152,#12153,
#12154,#12155),.UNSPECIFIED.,.F.,.F.,(4,1,1,1,4),(0.,0.00159664088072278,
0.00319328176144557,0.00478992264216835,0.00638656352289113),
 .UNSPECIFIED.);
#226=B_SPLINE_CURVE_WITH_KNOTS('',3,(#12157,#12158,#12159,#12160),
 .UNSPECIFIED.,.F.,.F.,(4,4),(0.,0.00102861537494527),.UNSPECIFIED.);
#227=B_SPLINE_CURVE_WITH_KNOTS('',3,(#12162,#12163,#12164,#12165),
 .UNSPECIFIED.,.F.,.F.,(4,4),(0.,0.00102676432228186),.UNSPECIFIED.);
#228=B_SPLINE_CURVE_WITH_KNOTS('',3,(#12167,#12168,#12169,#12170),
 .UNSPECIFIED.,.F.,.F.,(4,4),(0.,0.000145074814957915),.UNSPECIFIED.);
#229=B_SPLINE_CURVE_WITH_KNOTS('',3,(#12174,#12175,#12176,#12177),
 .UNSPECIFIED.,.F.,.F.,(4,4),(0.,0.00015164624378081),.UNSPECIFIED.);
#230=B_SPLINE_CURVE_WITH_KNOTS('',3,(#12179,#12180,#12181,#12182),
 .UNSPECIFIED.,.F.,.F.,(4,4),(0.,0.00200836922078583),.UNSPECIFIED.);
#231=B_SPLINE_CURVE_WITH_KNOTS('',3,(#12184,#12185,#12186,#12187),
 .UNSPECIFIED.,.F.,.F.,(4,4),(0.,0.00102861537494484),.UNSPECIFIED.);
#232=B_SPLINE_CURVE_WITH_KNOTS('',3,(#12189,#12190,#12191,#12192,#12193,
#12194,#12195),.UNSPECIFIED.,.F.,.F.,(4,1,1,1,4),(0.,0.000717958397147724,
0.00143591679429545,0.00215387519144317,0.0028718335885909),
 .UNSPECIFIED.);
#233=B_SPLINE_CURVE_WITH_KNOTS('',3,(#12197,#12198,#12199,#12200),
 .UNSPECIFIED.,.F.,.F.,(4,4),(0.,0.000223878372459768),.UNSPECIFIED.);
#234=B_SPLINE_CURVE_WITH_KNOTS('',3,(#12202,#12203,#12204,#12205,#12206,
#12207,#12208,#12209,#12210,#12211,#12212),.UNSPECIFIED.,.T.,.F.,(1,1,1,
1,1,1,1,1,1,1,1,1,1,1,1),(-0.00707628929649292,-0.00471752619766195,-0.00235876309883097,
0.,0.00235876309883097,0.00471752619766195,0.00707628929649292,0.0094350523953239,
0.0117938154941549,0.0141525785929858,0.0165113416918168,0.0188701047906478,
0.0212288678894788,0.0235876309883097,0.0259463940871407),.UNSPECIFIED.);
#235=B_SPLINE_CURVE_WITH_KNOTS('',3,(#12214,#12215,#12216,#12217,#12218,
#12219,#12220,#12221,#12222,#12223,#12224),.UNSPECIFIED.,.T.,.F.,(1,1,1,
1,1,1,1,1,1,1,1,1,1,1,1),(-0.00270977471866715,-0.00180651647911143,-0.000903258239555716,
0.,0.000903258239555716,0.00180651647911143,0.00270977471866715,0.00361303295822286,
0.00451629119777858,0.0054195494373343,0.00632280767689001,0.00722606591644573,
0.00812932415600144,0.00903258239555716,0.00993584063511288),
 .UNSPECIFIED.);
#236=B_SPLINE_CURVE_WITH_KNOTS('',3,(#12230,#12231,#12232,#12233),
 .UNSPECIFIED.,.F.,.F.,(4,4),(0.,0.000149122733328419),.UNSPECIFIED.);
#237=B_SPLINE_CURVE_WITH_KNOTS('',3,(#12237,#12238,#12239,#12240),
 .UNSPECIFIED.,.F.,.F.,(4,4),(0.,0.000149122681159338),.UNSPECIFIED.);
#238=B_SPLINE_CURVE_WITH_KNOTS('',3,(#12244,#12245,#12246,#12247),
 .UNSPECIFIED.,.F.,.F.,(4,4),(0.,0.000149122733328369),.UNSPECIFIED.);
#239=B_SPLINE_CURVE_WITH_KNOTS('',3,(#12251,#12252,#12253,#12254),
 .UNSPECIFIED.,.F.,.F.,(4,4),(0.,0.000149082366786427),.UNSPECIFIED.);
#240=B_SPLINE_CURVE_WITH_KNOTS('',3,(#12258,#12259,#12260,#12261),
 .UNSPECIFIED.,.F.,.F.,(4,4),(0.,0.000149122733328399),.UNSPECIFIED.);
#241=B_SPLINE_CURVE_WITH_KNOTS('',3,(#12265,#12266,#12267,#12268),
 .UNSPECIFIED.,.F.,.F.,(4,4),(0.,0.00014912268115933),.UNSPECIFIED.);
#242=B_SPLINE_CURVE_WITH_KNOTS('',3,(#12272,#12273,#12274,#12275),
 .UNSPECIFIED.,.F.,.F.,(4,4),(0.,0.000149122733328404),.UNSPECIFIED.);
#243=B_SPLINE_CURVE_WITH_KNOTS('',3,(#12280,#12281,#12282,#12283),
 .UNSPECIFIED.,.F.,.F.,(4,4),(0.,0.000149082366786393),.UNSPECIFIED.);
#244=B_SPLINE_CURVE_WITH_KNOTS('',3,(#12287,#12288,#12289,#12290,#12291,
#12292,#12293),.UNSPECIFIED.,.F.,.F.,(4,1,1,1,4),(0.,0.000727897490700061,
0.00145579498140012,0.00218369247210018,0.00291158996280024),
 .UNSPECIFIED.);
#245=B_SPLINE_CURVE_WITH_KNOTS('',3,(#12297,#12298,#12299,#12300),
 .UNSPECIFIED.,.F.,.F.,(4,4),(0.,0.000149122733328442),.UNSPECIFIED.);
#246=B_SPLINE_CURVE_WITH_KNOTS('',3,(#12304,#12305,#12306,#12307),
 .UNSPECIFIED.,.F.,.F.,(4,4),(0.,0.000149122681159377),.UNSPECIFIED.);
#247=B_SPLINE_CURVE_WITH_KNOTS('',3,(#12311,#12312,#12313,#12314,#12315),
 .UNSPECIFIED.,.F.,.F.,(4,1,4),(0.,0.00173570630619558,0.00347141261239115),
 .UNSPECIFIED.);
#248=B_SPLINE_CURVE_WITH_KNOTS('',3,(#12317,#12318,#12319,#12320,#12321),
 .UNSPECIFIED.,.F.,.F.,(4,1,4),(0.,0.00225936151381508,0.00451872302763016),
 .UNSPECIFIED.);
#249=B_SPLINE_CURVE_WITH_KNOTS('',3,(#12325,#12326,#12327,#12328),
 .UNSPECIFIED.,.F.,.F.,(4,4),(0.,0.000149122733328389),.UNSPECIFIED.);
#250=B_SPLINE_CURVE_WITH_KNOTS('',3,(#12332,#12333,#12334,#12335),
 .UNSPECIFIED.,.F.,.F.,(4,4),(0.,0.000149122681159306),.UNSPECIFIED.);
#251=B_SPLINE_CURVE_WITH_KNOTS('',3,(#12339,#12340,#12341,#12342),
 .UNSPECIFIED.,.F.,.F.,(4,4),(0.,0.000149122733328351),.UNSPECIFIED.);
#252=B_SPLINE_CURVE_WITH_KNOTS('',3,(#12347,#12348,#12349,#12350),
 .UNSPECIFIED.,.F.,.F.,(4,4),(0.,0.00014912268115935),.UNSPECIFIED.);
#253=B_SPLINE_CURVE_WITH_KNOTS('',3,(#12354,#12355,#12356,#12357),
 .UNSPECIFIED.,.F.,.F.,(4,4),(0.,0.00188546212374137),.UNSPECIFIED.);
#254=B_SPLINE_CURVE_WITH_KNOTS('',3,(#12359,#12360,#12361,#12362),
 .UNSPECIFIED.,.F.,.F.,(4,4),(0.,0.00188387683933398),.UNSPECIFIED.);
#255=B_SPLINE_CURVE_WITH_KNOTS('',3,(#12364,#12365,#12366,#12367,#12368),
 .UNSPECIFIED.,.F.,.F.,(4,1,4),(0.,0.0017868490910022,0.00357369818200441),
 .UNSPECIFIED.);
#256=B_SPLINE_CURVE_WITH_KNOTS('',3,(#12372,#12373,#12374,#12375),
 .UNSPECIFIED.,.F.,.F.,(4,4),(0.,0.000149122681159374),.UNSPECIFIED.);
#257=B_SPLINE_CURVE_WITH_KNOTS('',3,(#12379,#12380,#12381,#12382),
 .UNSPECIFIED.,.F.,.F.,(4,4),(0.,0.000149122733328443),.UNSPECIFIED.);
#258=B_SPLINE_CURVE_WITH_KNOTS('',3,(#12386,#12387,#12388,#12389),
 .UNSPECIFIED.,.F.,.F.,(4,4),(0.,0.000149122681159338),.UNSPECIFIED.);
#259=B_SPLINE_CURVE_WITH_KNOTS('',3,(#12393,#12394,#12395,#12396),
 .UNSPECIFIED.,.F.,.F.,(4,4),(0.,0.00014908234123516),.UNSPECIFIED.);
#260=B_SPLINE_CURVE_WITH_KNOTS('',3,(#12400,#12401,#12402,#12403,#12404,
#12405,#12406),.UNSPECIFIED.,.F.,.F.,(4,1,1,1,4),(0.,0.000598466710731239,
0.00119693342146248,0.00179540013219372,0.00239386684292495),
 .UNSPECIFIED.);
#261=B_SPLINE_CURVE_WITH_KNOTS('',3,(#12410,#12411,#12412,#12413),
 .UNSPECIFIED.,.F.,.F.,(4,4),(0.,0.000149122681159314),.UNSPECIFIED.);
#262=B_SPLINE_CURVE_WITH_KNOTS('',3,(#12417,#12418,#12419,#12420),
 .UNSPECIFIED.,.F.,.F.,(4,4),(0.,0.000149122733328386),.UNSPECIFIED.);
#263=B_SPLINE_CURVE_WITH_KNOTS('',3,(#12424,#12425,#12426,#12427),
 .UNSPECIFIED.,.F.,.F.,(4,4),(0.,0.00116361910727843),.UNSPECIFIED.);
#264=B_SPLINE_CURVE_WITH_KNOTS('',3,(#12431,#12432,#12433,#12434),
 .UNSPECIFIED.,.F.,.F.,(4,4),(0.,0.000149122681159315),.UNSPECIFIED.);
#265=B_SPLINE_CURVE_WITH_KNOTS('',3,(#12439,#12440,#12441,#12442),
 .UNSPECIFIED.,.F.,.F.,(4,4),(0.,0.000149122733328397),.UNSPECIFIED.);
#266=B_SPLINE_CURVE_WITH_KNOTS('',3,(#12446,#12447,#12448,#12449,#12450,
#12451,#12452),.UNSPECIFIED.,.F.,.F.,(4,1,1,1,4),(0.,0.00185817180379042,
0.00371634360758084,0.00557451541137125,0.00743268721516167),
 .UNSPECIFIED.);
#267=B_SPLINE_CURVE_WITH_KNOTS('',3,(#12456,#12457,#12458,#12459),
 .UNSPECIFIED.,.F.,.F.,(4,4),(0.,0.000149122681159276),.UNSPECIFIED.);
#268=B_SPLINE_CURVE_WITH_KNOTS('',3,(#12463,#12464,#12465,#12466),
 .UNSPECIFIED.,.F.,.F.,(4,4),(0.,0.000149122733328348),.UNSPECIFIED.);
#269=B_SPLINE_CURVE_WITH_KNOTS('',3,(#12470,#12471,#12472,#12473),
 .UNSPECIFIED.,.F.,.F.,(4,4),(0.,0.000149122681159297),.UNSPECIFIED.);
#270=B_SPLINE_CURVE_WITH_KNOTS('',3,(#12479,#12480,#12481,#12482),
 .UNSPECIFIED.,.F.,.F.,(4,4),(0.,0.000149082341235186),.UNSPECIFIED.);
#271=B_SPLINE_CURVE_WITH_KNOTS('',3,(#12486,#12487,#12488,#12489,#12490,
#12491,#12492),.UNSPECIFIED.,.F.,.F.,(4,1,1,1,4),(0.,0.000598466710731206,
0.00119693342146241,0.00179540013219362,0.00239386684292482),
 .UNSPECIFIED.);
#272=B_SPLINE_CURVE_WITH_KNOTS('',3,(#12496,#12497,#12498,#12499,#12500,
#12501,#12502),.UNSPECIFIED.,.F.,.F.,(4,1,1,1,4),(0.,0.000598466710730589,
0.00119693342146118,0.00179540013219177,0.00239386684292235),
 .UNSPECIFIED.);
#273=B_SPLINE_CURVE_WITH_KNOTS('',3,(#12507,#12508,#12509,#12510),
 .UNSPECIFIED.,.F.,.F.,(4,4),(0.,0.00014912268115932),.UNSPECIFIED.);
#274=B_SPLINE_CURVE_WITH_KNOTS('',3,(#12514,#12515,#12516,#12517),
 .UNSPECIFIED.,.F.,.F.,(4,4),(0.,0.0001491227333284),.UNSPECIFIED.);
#275=B_SPLINE_CURVE_WITH_KNOTS('',3,(#12521,#12522,#12523,#12524),
 .UNSPECIFIED.,.F.,.F.,(4,4),(0.,0.00116361910727857),.UNSPECIFIED.);
#276=B_SPLINE_CURVE_WITH_KNOTS('',3,(#12528,#12529,#12530,#12531),
 .UNSPECIFIED.,.F.,.F.,(4,4),(0.,0.000149122733328421),.UNSPECIFIED.);
#277=B_SPLINE_CURVE_WITH_KNOTS('',3,(#12535,#12536,#12537,#12538),
 .UNSPECIFIED.,.F.,.F.,(4,4),(0.,0.000149122681159323),.UNSPECIFIED.);
#278=B_SPLINE_CURVE_WITH_KNOTS('',3,(#12542,#12543,#12544,#12545),
 .UNSPECIFIED.,.F.,.F.,(4,4),(0.,0.00188546212379201),.UNSPECIFIED.);
#279=B_SPLINE_CURVE_WITH_KNOTS('',3,(#12547,#12548,#12549,#12550),
 .UNSPECIFIED.,.F.,.F.,(4,4),(0.,0.00188387683959589),.UNSPECIFIED.);
#280=B_SPLINE_CURVE_WITH_KNOTS('',3,(#12552,#12553,#12554,#12555,#12556),
 .UNSPECIFIED.,.F.,.F.,(4,1,4),(0.,0.00178684909100234,0.00357369818200467),
 .UNSPECIFIED.);
#281=B_SPLINE_CURVE_WITH_KNOTS('',3,(#12560,#12561,#12562,#12563),
 .UNSPECIFIED.,.F.,.F.,(4,4),(0.,0.000149122681159318),.UNSPECIFIED.);
#282=B_SPLINE_CURVE_WITH_KNOTS('',3,(#12567,#12568,#12569,#12570),
 .UNSPECIFIED.,.F.,.F.,(4,4),(0.,0.000149122733328367),.UNSPECIFIED.);
#283=B_SPLINE_CURVE_WITH_KNOTS('',3,(#12574,#12575,#12576,#12577),
 .UNSPECIFIED.,.F.,.F.,(4,4),(0.,0.000149122681159335),.UNSPECIFIED.);
#284=B_SPLINE_CURVE_WITH_KNOTS('',3,(#12581,#12582,#12583,#12584),
 .UNSPECIFIED.,.F.,.F.,(4,4),(0.,0.000149082341235314),.UNSPECIFIED.);
#285=B_SPLINE_CURVE_WITH_KNOTS('',3,(#12588,#12589,#12590,#12591,#12592,
#12593,#12594,#12595,#12596,#12597,#12598),.UNSPECIFIED.,.T.,.F.,(1,1,1,
1,1,1,1,1,1,1,1,1,1,1,1),(-0.00707626515727609,-0.00471751010485072,-0.00235875505242536,
0.,0.00235875505242536,0.00471751010485072,0.00707626515727609,0.00943502020970145,
0.0117937752621268,0.0141525303145522,0.0165112853669775,0.0188700404194029,
0.0212287954718283,0.0235875505242536,0.025946305576679),.UNSPECIFIED.);
#286=B_SPLINE_CURVE_WITH_KNOTS('',3,(#12600,#12601,#12602,#12603,#12604,
#12605,#12606,#12607,#12608,#12609,#12610),.UNSPECIFIED.,.T.,.F.,(1,1,1,
1,1,1,1,1,1,1,1,1,1,1,1),(-0.00270977471866715,-0.00180651647911144,-0.000903258239555718,
0.,0.000903258239555718,0.00180651647911144,0.00270977471866715,0.00361303295822287,
0.00451629119777859,0.00541954943733431,0.00632280767689002,0.00722606591644574,
0.00812932415600146,0.00903258239555718,0.00993584063511289),
 .UNSPECIFIED.);
#287=B_SPLINE_CURVE_WITH_KNOTS('',3,(#12614,#12615,#12616,#12617),
 .UNSPECIFIED.,.F.,.F.,(4,4),(0.,0.00014912268115935),.UNSPECIFIED.);
#288=B_SPLINE_CURVE_WITH_KNOTS('',3,(#12622,#12623,#12624,#12625),
 .UNSPECIFIED.,.F.,.F.,(4,4),(0.,0.000149122733328408),.UNSPECIFIED.);
#289=B_SPLINE_CURVE_WITH_KNOTS('',3,(#12629,#12630,#12631,#12632,#12633,
#12634,#12635),.UNSPECIFIED.,.F.,.F.,(4,1,1,1,4),(0.,0.00067463389432489,
0.00134926778864978,0.00202390168297467,0.00269853557729956),
 .UNSPECIFIED.);
#290=B_SPLINE_CURVE_WITH_KNOTS('',3,(#12639,#12640,#12641,#12642),
 .UNSPECIFIED.,.F.,.F.,(4,4),(0.,0.000149122681159342),.UNSPECIFIED.);
#291=B_SPLINE_CURVE_WITH_KNOTS('',3,(#12646,#12647,#12648,#12649),
 .UNSPECIFIED.,.F.,.F.,(4,4),(0.,0.000149122733328354),.UNSPECIFIED.);
#292=B_SPLINE_CURVE_WITH_KNOTS('',3,(#12653,#12654,#12655,#12656,#12657,
#12658,#12659),.UNSPECIFIED.,.F.,.F.,(4,1,1,1,4),(0.,0.00145718906993324,
0.00291437813986649,0.00437156720979973,0.00582875627973298),
 .UNSPECIFIED.);
#293=B_SPLINE_CURVE_WITH_KNOTS('',3,(#12661,#12662,#12663,#12664,#12665,
#12666,#12667),.UNSPECIFIED.,.F.,.F.,(4,1,1,1,4),(0.,0.00117400708935279,
0.00234801417870557,0.00352202126805836,0.00469602835741114),
 .UNSPECIFIED.);
#294=B_SPLINE_CURVE_WITH_KNOTS('',3,(#12671,#12672,#12673,#12674),
 .UNSPECIFIED.,.F.,.F.,(4,4),(0.,0.000149122681159339),.UNSPECIFIED.);
#295=B_SPLINE_CURVE_WITH_KNOTS('',3,(#12678,#12679,#12680,#12681),
 .UNSPECIFIED.,.F.,.F.,(4,4),(0.,0.000149122733328422),.UNSPECIFIED.);
#296=B_SPLINE_CURVE_WITH_KNOTS('',3,(#12685,#12686,#12687,#12688),
 .UNSPECIFIED.,.F.,.F.,(4,4),(0.,0.000149122681159321),.UNSPECIFIED.);
#297=B_SPLINE_CURVE_WITH_KNOTS('',3,(#12692,#12693,#12694,#12695),
 .UNSPECIFIED.,.F.,.F.,(4,4),(0.,0.000149082341235297),.UNSPECIFIED.);
#298=B_SPLINE_CURVE_WITH_KNOTS('',3,(#12699,#12700,#12701,#12702,#12703,
#12704,#12705),.UNSPECIFIED.,.F.,.F.,(4,1,1,1,4),(0.,0.00047129526495813,
0.00094259052991626,0.00141388579487439,0.00188518105983252),
 .UNSPECIFIED.);
#299=B_SPLINE_CURVE_WITH_KNOTS('',3,(#12712,#12713,#12714,#12715),
 .UNSPECIFIED.,.F.,.F.,(4,4),(0.,0.000992823944075302),.UNSPECIFIED.);
#300=B_SPLINE_CURVE_WITH_KNOTS('',3,(#12717,#12718,#12719,#12720,#12721),
 .UNSPECIFIED.,.F.,.F.,(4,1,4),(0.,0.000671379587170151,0.0013427591743403),
 .UNSPECIFIED.);
#301=B_SPLINE_CURVE_WITH_KNOTS('',3,(#12725,#12726,#12727,#12728),
 .UNSPECIFIED.,.F.,.F.,(4,4),(0.,0.000149122681159323),.UNSPECIFIED.);
#302=B_SPLINE_CURVE_WITH_KNOTS('',3,(#12732,#12733,#12734,#12735),
 .UNSPECIFIED.,.F.,.F.,(4,4),(0.,0.000149122733328445),.UNSPECIFIED.);
#303=B_SPLINE_CURVE_WITH_KNOTS('',3,(#12739,#12740,#12741,#12742,#12743,
#12744,#12745),.UNSPECIFIED.,.F.,.F.,(4,1,1,1,4),(0.,0.000496707427020975,
0.00099341485404195,0.00149012228106293,0.0019868297080839),
 .UNSPECIFIED.);
#304=B_SPLINE_CURVE_WITH_KNOTS('',3,(#12749,#12750,#12751,#12752),
 .UNSPECIFIED.,.F.,.F.,(4,4),(0.,0.000149122681159334),.UNSPECIFIED.);
#305=B_SPLINE_CURVE_WITH_KNOTS('',3,(#12756,#12757,#12758,#12759),
 .UNSPECIFIED.,.F.,.F.,(4,4),(0.,0.000149122733328382),.UNSPECIFIED.);
#306=B_SPLINE_CURVE_WITH_KNOTS('',3,(#12763,#12764,#12765,#12766,#12767,
#12768,#12769),.UNSPECIFIED.,.F.,.F.,(4,1,1,1,4),(0.,0.00129903171843719,
0.00259806343687438,0.00389709515531157,0.00519612687374876),
 .UNSPECIFIED.);
#307=B_SPLINE_CURVE_WITH_KNOTS('',3,(#12771,#12772,#12773,#12774,#12775,
#12776,#12777),.UNSPECIFIED.,.F.,.F.,(4,1,1,1,4),(0.,0.00120681477491703,
0.00241362954983406,0.00362044432475109,0.00482725909966812),
 .UNSPECIFIED.);
#308=B_SPLINE_CURVE_WITH_KNOTS('',3,(#12781,#12782,#12783,#12784),
 .UNSPECIFIED.,.F.,.F.,(4,4),(0.,0.000149122681159374),.UNSPECIFIED.);
#309=B_SPLINE_CURVE_WITH_KNOTS('',3,(#12788,#12789,#12790,#12791),
 .UNSPECIFIED.,.F.,.F.,(4,4),(0.,0.000149122733328409),.UNSPECIFIED.);
#310=B_SPLINE_CURVE_WITH_KNOTS('',3,(#12793,#12794,#12795,#12796),
 .UNSPECIFIED.,.F.,.F.,(4,4),(0.,0.00501650581405891),.UNSPECIFIED.);
#311=B_SPLINE_CURVE_WITH_KNOTS('',3,(#12799,#12800,#12801,#12802),
 .UNSPECIFIED.,.F.,.F.,(4,4),(0.,0.00577850658635663),.UNSPECIFIED.);
#312=B_SPLINE_CURVE_WITH_KNOTS('',3,(#12806,#12807,#12808,#12809),
 .UNSPECIFIED.,.F.,.F.,(4,4),(0.,0.00501650581405892),.UNSPECIFIED.);
#313=B_SPLINE_CURVE_WITH_KNOTS('',3,(#12813,#12814,#12815,#12816),
 .UNSPECIFIED.,.F.,.F.,(4,4),(0.,0.00501650581405892),.UNSPECIFIED.);
#314=B_SPLINE_CURVE_WITH_KNOTS('',3,(#12820,#12821,#12822,#12823),
 .UNSPECIFIED.,.F.,.F.,(4,4),(0.,0.00577850658635663),.UNSPECIFIED.);
#315=B_SPLINE_CURVE_WITH_KNOTS('',3,(#12825,#12826,#12827,#12828),
 .UNSPECIFIED.,.F.,.F.,(4,4),(0.,0.0050165058140589),.UNSPECIFIED.);
#316=B_SPLINE_CURVE_WITH_KNOTS('',3,(#12833,#12834,#12835,#12836),
 .UNSPECIFIED.,.F.,.F.,(4,4),(0.,0.000120031897756253),.UNSPECIFIED.);
#317=B_SPLINE_CURVE_WITH_KNOTS('',3,(#12838,#12839,#12840,#12841,#12842,
#12843,#12844),.UNSPECIFIED.,.F.,.F.,(4,1,1,1,4),(0.,0.00159664088072281,
0.00319328176144562,0.00478992264216843,0.00638656352289124),
 .UNSPECIFIED.);
#318=B_SPLINE_CURVE_WITH_KNOTS('',3,(#12846,#12847,#12848,#12849),
 .UNSPECIFIED.,.F.,.F.,(4,4),(0.,0.00102861537494527),.UNSPECIFIED.);
#319=B_SPLINE_CURVE_WITH_KNOTS('',3,(#12851,#12852,#12853,#12854),
 .UNSPECIFIED.,.F.,.F.,(4,4),(0.,0.00102676432228186),.UNSPECIFIED.);
#320=B_SPLINE_CURVE_WITH_KNOTS('',3,(#12856,#12857,#12858,#12859),
 .UNSPECIFIED.,.F.,.F.,(4,4),(0.,0.000145074814957925),.UNSPECIFIED.);
#321=B_SPLINE_CURVE_WITH_KNOTS('',3,(#12863,#12864,#12865,#12866),
 .UNSPECIFIED.,.F.,.F.,(4,4),(0.,0.000151646243780809),.UNSPECIFIED.);
#322=B_SPLINE_CURVE_WITH_KNOTS('',3,(#12868,#12869,#12870,#12871),
 .UNSPECIFIED.,.F.,.F.,(4,4),(0.,0.00200836922078586),.UNSPECIFIED.);
#323=B_SPLINE_CURVE_WITH_KNOTS('',3,(#12873,#12874,#12875,#12876),
 .UNSPECIFIED.,.F.,.F.,(4,4),(0.,0.00102861537494484),.UNSPECIFIED.);
#324=B_SPLINE_CURVE_WITH_KNOTS('',3,(#12878,#12879,#12880,#12881,#12882,
#12883,#12884),.UNSPECIFIED.,.F.,.F.,(4,1,1,1,4),(0.,0.000717958397147623,
0.00143591679429525,0.00215387519144287,0.00287183358859049),
 .UNSPECIFIED.);
#325=B_SPLINE_CURVE_WITH_KNOTS('',3,(#12886,#12887,#12888,#12889),
 .UNSPECIFIED.,.F.,.F.,(4,4),(0.,0.000223878372459768),.UNSPECIFIED.);
#326=B_SPLINE_CURVE_WITH_KNOTS('',3,(#12891,#12892,#12893,#12894,#12895,
#12896,#12897,#12898,#12899,#12900,#12901),.UNSPECIFIED.,.T.,.F.,(1,1,1,
1,1,1,1,1,1,1,1,1,1,1,1),(-0.00707628929649297,-0.00471752619766198,-0.00235876309883099,
0.,0.00235876309883099,0.00471752619766198,0.00707628929649297,0.00943505239532396,
0.011793815494155,0.0141525785929859,0.0165113416918169,0.0188701047906479,
0.0212288678894789,0.0235876309883099,0.0259463940871409),.UNSPECIFIED.);
#327=B_SPLINE_CURVE_WITH_KNOTS('',3,(#12903,#12904,#12905,#12906,#12907,
#12908,#12909,#12910,#12911,#12912,#12913),.UNSPECIFIED.,.T.,.F.,(1,1,1,
1,1,1,1,1,1,1,1,1,1,1,1),(-0.0027097747186675,-0.00180651647911167,-0.000903258239555834,
0.,0.000903258239555834,0.00180651647911167,0.0027097747186675,0.00361303295822334,
0.00451629119777917,0.005419549437335,0.00632280767689084,0.00722606591644667,
0.00812932415600251,0.00903258239555834,0.00993584063511417),
 .UNSPECIFIED.);
#328=B_SPLINE_CURVE_WITH_KNOTS('',3,(#12919,#12920,#12921,#12922),
 .UNSPECIFIED.,.F.,.F.,(4,4),(0.,0.000149122733328415),.UNSPECIFIED.);
#329=B_SPLINE_CURVE_WITH_KNOTS('',3,(#12926,#12927,#12928,#12929),
 .UNSPECIFIED.,.F.,.F.,(4,4),(0.,0.000149122681159336),.UNSPECIFIED.);
#330=B_SPLINE_CURVE_WITH_KNOTS('',3,(#12933,#12934,#12935,#12936),
 .UNSPECIFIED.,.F.,.F.,(4,4),(0.,0.000149122733328363),.UNSPECIFIED.);
#331=B_SPLINE_CURVE_WITH_KNOTS('',3,(#12940,#12941,#12942,#12943),
 .UNSPECIFIED.,.F.,.F.,(4,4),(0.,0.000149082366786415),.UNSPECIFIED.);
#332=B_SPLINE_CURVE_WITH_KNOTS('',3,(#12947,#12948,#12949,#12950),
 .UNSPECIFIED.,.F.,.F.,(4,4),(0.,0.000149122733328399),.UNSPECIFIED.);
#333=B_SPLINE_CURVE_WITH_KNOTS('',3,(#12954,#12955,#12956,#12957),
 .UNSPECIFIED.,.F.,.F.,(4,4),(0.,0.000149122681159362),.UNSPECIFIED.);
#334=B_SPLINE_CURVE_WITH_KNOTS('',3,(#12961,#12962,#12963,#12964),
 .UNSPECIFIED.,.F.,.F.,(4,4),(0.,0.000149122733328404),.UNSPECIFIED.);
#335=B_SPLINE_CURVE_WITH_KNOTS('',3,(#12969,#12970,#12971,#12972),
 .UNSPECIFIED.,.F.,.F.,(4,4),(0.,0.000149082366786393),.UNSPECIFIED.);
#336=B_SPLINE_CURVE_WITH_KNOTS('',3,(#12976,#12977,#12978,#12979,#12980,
#12981,#12982),.UNSPECIFIED.,.F.,.F.,(4,1,1,1,4),(0.,0.00072789749070001,
0.00145579498140002,0.00218369247210003,0.00291158996280004),
 .UNSPECIFIED.);
#337=B_SPLINE_CURVE_WITH_KNOTS('',3,(#12986,#12987,#12988,#12989),
 .UNSPECIFIED.,.F.,.F.,(4,4),(0.,0.000149122733328419),.UNSPECIFIED.);
#338=B_SPLINE_CURVE_WITH_KNOTS('',3,(#12993,#12994,#12995,#12996),
 .UNSPECIFIED.,.F.,.F.,(4,4),(0.,0.00014912268115934),.UNSPECIFIED.);
#339=B_SPLINE_CURVE_WITH_KNOTS('',3,(#13000,#13001,#13002,#13003,#13004),
 .UNSPECIFIED.,.F.,.F.,(4,1,4),(0.,0.00173570630619534,0.00347141261239068),
 .UNSPECIFIED.);
#340=B_SPLINE_CURVE_WITH_KNOTS('',3,(#13006,#13007,#13008,#13009,#13010),
 .UNSPECIFIED.,.F.,.F.,(4,1,4),(0.,0.00225936151381497,0.00451872302762995),
 .UNSPECIFIED.);
#341=B_SPLINE_CURVE_WITH_KNOTS('',3,(#13014,#13015,#13016,#13017),
 .UNSPECIFIED.,.F.,.F.,(4,4),(0.,0.000149122733328343),.UNSPECIFIED.);
#342=B_SPLINE_CURVE_WITH_KNOTS('',3,(#13021,#13022,#13023,#13024),
 .UNSPECIFIED.,.F.,.F.,(4,4),(0.,0.00014912268115927),.UNSPECIFIED.);
#343=B_SPLINE_CURVE_WITH_KNOTS('',3,(#13028,#13029,#13030,#13031),
 .UNSPECIFIED.,.F.,.F.,(4,4),(0.,0.00014912273332838),.UNSPECIFIED.);
#344=B_SPLINE_CURVE_WITH_KNOTS('',3,(#13036,#13037,#13038,#13039),
 .UNSPECIFIED.,.F.,.F.,(4,4),(0.,0.000149122681159317),.UNSPECIFIED.);
#345=B_SPLINE_CURVE_WITH_KNOTS('',3,(#13043,#13044,#13045,#13046),
 .UNSPECIFIED.,.F.,.F.,(4,4),(0.,0.00188546212374135),.UNSPECIFIED.);
#346=B_SPLINE_CURVE_WITH_KNOTS('',3,(#13048,#13049,#13050,#13051),
 .UNSPECIFIED.,.F.,.F.,(4,4),(0.,0.00188387683933399),.UNSPECIFIED.);
#347=B_SPLINE_CURVE_WITH_KNOTS('',3,(#13053,#13054,#13055,#13056,#13057),
 .UNSPECIFIED.,.F.,.F.,(4,1,4),(0.,0.00178684909100223,0.00357369818200447),
 .UNSPECIFIED.);
#348=B_SPLINE_CURVE_WITH_KNOTS('',3,(#13061,#13062,#13063,#13064),
 .UNSPECIFIED.,.F.,.F.,(4,4),(0.,0.000149122681159374),.UNSPECIFIED.);
#349=B_SPLINE_CURVE_WITH_KNOTS('',3,(#13068,#13069,#13070,#13071),
 .UNSPECIFIED.,.F.,.F.,(4,4),(0.,0.000149122733328425),.UNSPECIFIED.);
#350=B_SPLINE_CURVE_WITH_KNOTS('',3,(#13075,#13076,#13077,#13078),
 .UNSPECIFIED.,.F.,.F.,(4,4),(0.,0.00014912268115931),.UNSPECIFIED.);
#351=B_SPLINE_CURVE_WITH_KNOTS('',3,(#13082,#13083,#13084,#13085),
 .UNSPECIFIED.,.F.,.F.,(4,4),(0.,0.00014908234123516),.UNSPECIFIED.);
#352=B_SPLINE_CURVE_WITH_KNOTS('',3,(#13089,#13090,#13091,#13092,#13093,
#13094,#13095),.UNSPECIFIED.,.F.,.F.,(4,1,1,1,4),(0.,0.000598466710731141,
0.00119693342146228,0.00179540013219342,0.00239386684292456),
 .UNSPECIFIED.);
#353=B_SPLINE_CURVE_WITH_KNOTS('',3,(#13099,#13100,#13101,#13102),
 .UNSPECIFIED.,.F.,.F.,(4,4),(0.,0.000149122681159314),.UNSPECIFIED.);
#354=B_SPLINE_CURVE_WITH_KNOTS('',3,(#13106,#13107,#13108,#13109),
 .UNSPECIFIED.,.F.,.F.,(4,4),(0.,0.000149122733328358),.UNSPECIFIED.);
#355=B_SPLINE_CURVE_WITH_KNOTS('',3,(#13113,#13114,#13115,#13116),
 .UNSPECIFIED.,.F.,.F.,(4,4),(0.,0.0011636191072785),.UNSPECIFIED.);
#356=B_SPLINE_CURVE_WITH_KNOTS('',3,(#13120,#13121,#13122,#13123),
 .UNSPECIFIED.,.F.,.F.,(4,4),(0.,0.000149122681159315),.UNSPECIFIED.);
#357=B_SPLINE_CURVE_WITH_KNOTS('',3,(#13128,#13129,#13130,#13131),
 .UNSPECIFIED.,.F.,.F.,(4,4),(0.,0.000149122733328408),.UNSPECIFIED.);
#358=B_SPLINE_CURVE_WITH_KNOTS('',3,(#13135,#13136,#13137,#13138,#13139,
#13140,#13141),.UNSPECIFIED.,.F.,.F.,(4,1,1,1,4),(0.,0.00185817180379083,
0.00371634360758167,0.0055745154113725,0.00743268721516333),
 .UNSPECIFIED.);
#359=B_SPLINE_CURVE_WITH_KNOTS('',3,(#13145,#13146,#13147,#13148),
 .UNSPECIFIED.,.F.,.F.,(4,4),(0.,0.000149122681159301),.UNSPECIFIED.);
#360=B_SPLINE_CURVE_WITH_KNOTS('',3,(#13152,#13153,#13154,#13155),
 .UNSPECIFIED.,.F.,.F.,(4,4),(0.,0.000149122733328387),.UNSPECIFIED.);
#361=B_SPLINE_CURVE_WITH_KNOTS('',3,(#13159,#13160,#13161,#13162),
 .UNSPECIFIED.,.F.,.F.,(4,4),(0.,0.000149122681159276),.UNSPECIFIED.);
#362=B_SPLINE_CURVE_WITH_KNOTS('',3,(#13168,#13169,#13170,#13171),
 .UNSPECIFIED.,.F.,.F.,(4,4),(0.,0.000149082341235193),.UNSPECIFIED.);
#363=B_SPLINE_CURVE_WITH_KNOTS('',3,(#13175,#13176,#13177,#13178,#13179,
#13180,#13181),.UNSPECIFIED.,.F.,.F.,(4,1,1,1,4),(0.,0.000598466710731287,
0.00119693342146257,0.00179540013219386,0.00239386684292515),
 .UNSPECIFIED.);
#364=B_SPLINE_CURVE_WITH_KNOTS('',3,(#13185,#13186,#13187,#13188,#13189,
#13190,#13191),.UNSPECIFIED.,.F.,.F.,(4,1,1,1,4),(0.,0.000598466710730469,
0.00119693342146094,0.00179540013219141,0.00239386684292187),
 .UNSPECIFIED.);
#365=B_SPLINE_CURVE_WITH_KNOTS('',3,(#13196,#13197,#13198,#13199),
 .UNSPECIFIED.,.F.,.F.,(4,4),(0.,0.00014912268115932),.UNSPECIFIED.);
#366=B_SPLINE_CURVE_WITH_KNOTS('',3,(#13203,#13204,#13205,#13206),
 .UNSPECIFIED.,.F.,.F.,(4,4),(0.,0.0001491227333284),.UNSPECIFIED.);
#367=B_SPLINE_CURVE_WITH_KNOTS('',3,(#13210,#13211,#13212,#13213),
 .UNSPECIFIED.,.F.,.F.,(4,4),(0.,0.00116361910727869),.UNSPECIFIED.);
#368=B_SPLINE_CURVE_WITH_KNOTS('',3,(#13217,#13218,#13219,#13220),
 .UNSPECIFIED.,.F.,.F.,(4,4),(0.,0.000149122733328407),.UNSPECIFIED.);
#369=B_SPLINE_CURVE_WITH_KNOTS('',3,(#13224,#13225,#13226,#13227),
 .UNSPECIFIED.,.F.,.F.,(4,4),(0.,0.000149122681159323),.UNSPECIFIED.);
#370=B_SPLINE_CURVE_WITH_KNOTS('',3,(#13231,#13232,#13233,#13234),
 .UNSPECIFIED.,.F.,.F.,(4,4),(0.,0.001885462123792),.UNSPECIFIED.);
#371=B_SPLINE_CURVE_WITH_KNOTS('',3,(#13236,#13237,#13238,#13239),
 .UNSPECIFIED.,.F.,.F.,(4,4),(0.,0.00188387683959589),.UNSPECIFIED.);
#372=B_SPLINE_CURVE_WITH_KNOTS('',3,(#13241,#13242,#13243,#13244,#13245),
 .UNSPECIFIED.,.F.,.F.,(4,1,4),(0.,0.00178684909100237,0.00357369818200475),
 .UNSPECIFIED.);
#373=B_SPLINE_CURVE_WITH_KNOTS('',3,(#13249,#13250,#13251,#13252),
 .UNSPECIFIED.,.F.,.F.,(4,4),(0.,0.000149122681159318),.UNSPECIFIED.);
#374=B_SPLINE_CURVE_WITH_KNOTS('',3,(#13256,#13257,#13258,#13259),
 .UNSPECIFIED.,.F.,.F.,(4,4),(0.,0.000149122733328342),.UNSPECIFIED.);
#375=B_SPLINE_CURVE_WITH_KNOTS('',3,(#13263,#13264,#13265,#13266),
 .UNSPECIFIED.,.F.,.F.,(4,4),(0.,0.000149122681159327),.UNSPECIFIED.);
#376=B_SPLINE_CURVE_WITH_KNOTS('',3,(#13270,#13271,#13272,#13273),
 .UNSPECIFIED.,.F.,.F.,(4,4),(0.,0.000149082341235314),.UNSPECIFIED.);
#377=B_SPLINE_CURVE_WITH_KNOTS('',3,(#13277,#13278,#13279,#13280,#13281,
#13282,#13283,#13284,#13285,#13286,#13287),.UNSPECIFIED.,.T.,.F.,(1,1,1,
1,1,1,1,1,1,1,1,1,1,1,1),(-0.00707626515727611,-0.00471751010485074,-0.00235875505242537,
0.,0.00235875505242537,0.00471751010485074,0.00707626515727611,0.00943502020970148,
0.0117937752621268,0.0141525303145522,0.0165112853669776,0.018870040419403,
0.0212287954718283,0.0235875505242537,0.0259463055766791),.UNSPECIFIED.);
#378=B_SPLINE_CURVE_WITH_KNOTS('',3,(#13289,#13290,#13291,#13292,#13293,
#13294,#13295,#13296,#13297,#13298,#13299),.UNSPECIFIED.,.T.,.F.,(1,1,1,
1,1,1,1,1,1,1,1,1,1,1,1),(-0.0027097747186676,-0.00180651647911173,-0.000903258239555866,
0.,0.000903258239555866,0.00180651647911173,0.0027097747186676,0.00361303295822346,
0.00451629119777933,0.0054195494373352,0.00632280767689106,0.00722606591644693,
0.00812932415600279,0.00903258239555866,0.00993584063511453),
 .UNSPECIFIED.);
#379=B_SPLINE_CURVE_WITH_KNOTS('',3,(#13303,#13304,#13305,#13306),
 .UNSPECIFIED.,.F.,.F.,(4,4),(0.,0.00014912268115935),.UNSPECIFIED.);
#380=B_SPLINE_CURVE_WITH_KNOTS('',3,(#13311,#13312,#13313,#13314),
 .UNSPECIFIED.,.F.,.F.,(4,4),(0.,0.000149122733328408),.UNSPECIFIED.);
#381=B_SPLINE_CURVE_WITH_KNOTS('',3,(#13318,#13319,#13320,#13321,#13322,
#13323,#13324),.UNSPECIFIED.,.F.,.F.,(4,1,1,1,4),(0.,0.000674633894324955,
0.00134926778864991,0.00202390168297486,0.00269853557729982),
 .UNSPECIFIED.);
#382=B_SPLINE_CURVE_WITH_KNOTS('',3,(#13328,#13329,#13330,#13331),
 .UNSPECIFIED.,.F.,.F.,(4,4),(0.,0.00014912268115932),.UNSPECIFIED.);
#383=B_SPLINE_CURVE_WITH_KNOTS('',3,(#13335,#13336,#13337,#13338),
 .UNSPECIFIED.,.F.,.F.,(4,4),(0.,0.000149122733328379),.UNSPECIFIED.);
#384=B_SPLINE_CURVE_WITH_KNOTS('',3,(#13342,#13343,#13344,#13345,#13346,
#13347,#13348),.UNSPECIFIED.,.F.,.F.,(4,1,1,1,4),(0.,0.00145718906993326,
0.00291437813986652,0.00437156720979978,0.00582875627973304),
 .UNSPECIFIED.);
#385=B_SPLINE_CURVE_WITH_KNOTS('',3,(#13350,#13351,#13352,#13353,#13354,
#13355,#13356),.UNSPECIFIED.,.F.,.F.,(4,1,1,1,4),(0.,0.00117400708935281,
0.00234801417870563,0.00352202126805844,0.00469602835741126),
 .UNSPECIFIED.);
#386=B_SPLINE_CURVE_WITH_KNOTS('',3,(#13360,#13361,#13362,#13363),
 .UNSPECIFIED.,.F.,.F.,(4,4),(0.,0.000149122681159344),.UNSPECIFIED.);
#387=B_SPLINE_CURVE_WITH_KNOTS('',3,(#13367,#13368,#13369,#13370),
 .UNSPECIFIED.,.F.,.F.,(4,4),(0.,0.000149122733328418),.UNSPECIFIED.);
#388=B_SPLINE_CURVE_WITH_KNOTS('',3,(#13374,#13375,#13376,#13377),
 .UNSPECIFIED.,.F.,.F.,(4,4),(0.,0.000149122681159321),.UNSPECIFIED.);
#389=B_SPLINE_CURVE_WITH_KNOTS('',3,(#13381,#13382,#13383,#13384),
 .UNSPECIFIED.,.F.,.F.,(4,4),(0.,0.000149082341235311),.UNSPECIFIED.);
#390=B_SPLINE_CURVE_WITH_KNOTS('',3,(#13388,#13389,#13390,#13391,#13392,
#13393,#13394),.UNSPECIFIED.,.F.,.F.,(4,1,1,1,4),(0.,0.000471295264958122,
0.000942590529916245,0.00141388579487437,0.00188518105983249),
 .UNSPECIFIED.);
#391=B_SPLINE_CURVE_WITH_KNOTS('',3,(#13401,#13402,#13403,#13404),
 .UNSPECIFIED.,.F.,.F.,(4,4),(0.,0.000992823944075512),.UNSPECIFIED.);
#392=B_SPLINE_CURVE_WITH_KNOTS('',3,(#13406,#13407,#13408,#13409,#13410),
 .UNSPECIFIED.,.F.,.F.,(4,1,4),(0.,0.000671379587170156,0.00134275917434031),
 .UNSPECIFIED.);
#393=B_SPLINE_CURVE_WITH_KNOTS('',3,(#13414,#13415,#13416,#13417),
 .UNSPECIFIED.,.F.,.F.,(4,4),(0.,0.000149122681159323),.UNSPECIFIED.);
#394=B_SPLINE_CURVE_WITH_KNOTS('',3,(#13421,#13422,#13423,#13424),
 .UNSPECIFIED.,.F.,.F.,(4,4),(0.,0.000149122733328445),.UNSPECIFIED.);
#395=B_SPLINE_CURVE_WITH_KNOTS('',3,(#13428,#13429,#13430,#13431,#13432,
#13433,#13434),.UNSPECIFIED.,.F.,.F.,(4,1,1,1,4),(0.,0.000496707427021218,
0.000993414854042435,0.00149012228106365,0.00198682970808487),
 .UNSPECIFIED.);
#396=B_SPLINE_CURVE_WITH_KNOTS('',3,(#13438,#13439,#13440,#13441),
 .UNSPECIFIED.,.F.,.F.,(4,4),(0.,0.000149122681159309),.UNSPECIFIED.);
#397=B_SPLINE_CURVE_WITH_KNOTS('',3,(#13445,#13446,#13447,#13448),
 .UNSPECIFIED.,.F.,.F.,(4,4),(0.,0.000149122733328423),.UNSPECIFIED.);
#398=B_SPLINE_CURVE_WITH_KNOTS('',3,(#13452,#13453,#13454,#13455,#13456,
#13457,#13458),.UNSPECIFIED.,.F.,.F.,(4,1,1,1,4),(0.,0.00129903171843713,
0.00259806343687427,0.0038970951553114,0.00519612687374854),
 .UNSPECIFIED.);
#399=B_SPLINE_CURVE_WITH_KNOTS('',3,(#13460,#13461,#13462,#13463,#13464,
#13465,#13466),.UNSPECIFIED.,.F.,.F.,(4,1,1,1,4),(0.,0.00120681477491744,
0.00241362954983489,0.00362044432475233,0.00482725909966978),
 .UNSPECIFIED.);
#400=B_SPLINE_CURVE_WITH_KNOTS('',3,(#13470,#13471,#13472,#13473),
 .UNSPECIFIED.,.F.,.F.,(4,4),(0.,0.00014912268115936),.UNSPECIFIED.);
#401=B_SPLINE_CURVE_WITH_KNOTS('',3,(#13477,#13478,#13479,#13480),
 .UNSPECIFIED.,.F.,.F.,(4,4),(0.,0.000149122733328407),.UNSPECIFIED.);
#402=B_SPLINE_CURVE_WITH_KNOTS('',3,(#13482,#13483,#13484,#13485),
 .UNSPECIFIED.,.F.,.F.,(4,4),(0.,0.00501650581405891),.UNSPECIFIED.);
#403=B_SPLINE_CURVE_WITH_KNOTS('',3,(#13488,#13489,#13490,#13491),
 .UNSPECIFIED.,.F.,.F.,(4,4),(0.,0.00577850658635663),.UNSPECIFIED.);
#404=B_SPLINE_CURVE_WITH_KNOTS('',3,(#13495,#13496,#13497,#13498),
 .UNSPECIFIED.,.F.,.F.,(4,4),(0.,0.00501650581405892),.UNSPECIFIED.);
#405=B_SPLINE_CURVE_WITH_KNOTS('',3,(#13502,#13503,#13504,#13505),
 .UNSPECIFIED.,.F.,.F.,(4,4),(0.,0.00501650581405892),.UNSPECIFIED.);
#406=B_SPLINE_CURVE_WITH_KNOTS('',3,(#13509,#13510,#13511,#13512),
 .UNSPECIFIED.,.F.,.F.,(4,4),(0.,0.00577850658635663),.UNSPECIFIED.);
#407=B_SPLINE_CURVE_WITH_KNOTS('',3,(#13514,#13515,#13516,#13517),
 .UNSPECIFIED.,.F.,.F.,(4,4),(0.,0.00501650581405891),.UNSPECIFIED.);
#408=B_SPLINE_CURVE_WITH_KNOTS('',3,(#13522,#13523,#13524,#13525),
 .UNSPECIFIED.,.F.,.F.,(4,4),(0.,0.000120031897756259),.UNSPECIFIED.);
#409=B_SPLINE_CURVE_WITH_KNOTS('',3,(#13527,#13528,#13529,#13530,#13531,
#13532,#13533),.UNSPECIFIED.,.F.,.F.,(4,1,1,1,4),(0.,0.00159664088072284,
0.00319328176144568,0.00478992264216851,0.00638656352289135),
 .UNSPECIFIED.);
#410=B_SPLINE_CURVE_WITH_KNOTS('',3,(#13535,#13536,#13537,#13538),
 .UNSPECIFIED.,.F.,.F.,(4,4),(0.,0.00102861537494527),.UNSPECIFIED.);
#411=B_SPLINE_CURVE_WITH_KNOTS('',3,(#13540,#13541,#13542,#13543),
 .UNSPECIFIED.,.F.,.F.,(4,4),(0.,0.00102676432228186),.UNSPECIFIED.);
#412=B_SPLINE_CURVE_WITH_KNOTS('',3,(#13545,#13546,#13547,#13548),
 .UNSPECIFIED.,.F.,.F.,(4,4),(0.,0.000145074814957911),.UNSPECIFIED.);
#413=B_SPLINE_CURVE_WITH_KNOTS('',3,(#13552,#13553,#13554,#13555),
 .UNSPECIFIED.,.F.,.F.,(4,4),(0.,0.000151646243780803),.UNSPECIFIED.);
#414=B_SPLINE_CURVE_WITH_KNOTS('',3,(#13557,#13558,#13559,#13560),
 .UNSPECIFIED.,.F.,.F.,(4,4),(0.,0.00200836922078581),.UNSPECIFIED.);
#415=B_SPLINE_CURVE_WITH_KNOTS('',3,(#13562,#13563,#13564,#13565),
 .UNSPECIFIED.,.F.,.F.,(4,4),(0.,0.00102861537494484),.UNSPECIFIED.);
#416=B_SPLINE_CURVE_WITH_KNOTS('',3,(#13567,#13568,#13569,#13570,#13571,
#13572,#13573),.UNSPECIFIED.,.F.,.F.,(4,1,1,1,4),(0.,0.000717958397147724,
0.00143591679429545,0.00215387519144317,0.0028718335885909),
 .UNSPECIFIED.);
#417=B_SPLINE_CURVE_WITH_KNOTS('',3,(#13575,#13576,#13577,#13578),
 .UNSPECIFIED.,.F.,.F.,(4,4),(0.,0.000223878372459768),.UNSPECIFIED.);
#418=B_SPLINE_CURVE_WITH_KNOTS('',3,(#13580,#13581,#13582,#13583,#13584,
#13585,#13586,#13587,#13588,#13589,#13590),.UNSPECIFIED.,.T.,.F.,(1,1,1,
1,1,1,1,1,1,1,1,1,1,1,1),(-0.00707628929649294,-0.00471752619766196,-0.00235876309883098,
0.,0.00235876309883098,0.00471752619766196,0.00707628929649294,0.00943505239532392,
0.0117938154941549,0.0141525785929859,0.0165113416918169,0.0188701047906478,
0.0212288678894788,0.0235876309883098,0.0259463940871408),.UNSPECIFIED.);
#419=B_SPLINE_CURVE_WITH_KNOTS('',3,(#13592,#13593,#13594,#13595,#13596,
#13597,#13598,#13599,#13600,#13601,#13602),.UNSPECIFIED.,.T.,.F.,(1,1,1,
1,1,1,1,1,1,1,1,1,1,1,1),(-0.00270977471866627,-0.00180651647911085,-0.000903258239555424,
0.,0.000903258239555424,0.00180651647911085,0.00270977471866627,0.00361303295822169,
0.00451629119777712,0.00541954943733254,0.00632280767688796,0.00722606591644339,
0.00812932415599881,0.00903258239555424,0.00993584063510966),
 .UNSPECIFIED.);
#420=B_SPLINE_CURVE_WITH_KNOTS('',3,(#13607,#13608,#13609,#13610),
 .UNSPECIFIED.,.F.,.F.,(4,4),(0.,0.000149122733328413),.UNSPECIFIED.);
#421=B_SPLINE_CURVE_WITH_KNOTS('',3,(#13614,#13615,#13616,#13617),
 .UNSPECIFIED.,.F.,.F.,(4,4),(0.,0.000149122681159338),.UNSPECIFIED.);
#422=B_SPLINE_CURVE_WITH_KNOTS('',3,(#13621,#13622,#13623,#13624),
 .UNSPECIFIED.,.F.,.F.,(4,4),(0.,0.000149122733328382),.UNSPECIFIED.);
#423=B_SPLINE_CURVE_WITH_KNOTS('',3,(#13628,#13629,#13630,#13631),
 .UNSPECIFIED.,.F.,.F.,(4,4),(0.,0.000149082366786434),.UNSPECIFIED.);
#424=B_SPLINE_CURVE_WITH_KNOTS('',3,(#13635,#13636,#13637,#13638),
 .UNSPECIFIED.,.F.,.F.,(4,4),(0.,0.00014912273332842),.UNSPECIFIED.);
#425=B_SPLINE_CURVE_WITH_KNOTS('',3,(#13642,#13643,#13644,#13645),
 .UNSPECIFIED.,.F.,.F.,(4,4),(0.,0.000149122681159342),.UNSPECIFIED.);
#426=B_SPLINE_CURVE_WITH_KNOTS('',3,(#13650,#13651,#13652,#13653),
 .UNSPECIFIED.,.F.,.F.,(4,4),(0.,0.000149122733328404),.UNSPECIFIED.);
#427=B_SPLINE_CURVE_WITH_KNOTS('',3,(#13658,#13659,#13660,#13661),
 .UNSPECIFIED.,.F.,.F.,(4,4),(0.,0.000149082366786393),.UNSPECIFIED.);
#428=B_SPLINE_CURVE_WITH_KNOTS('',3,(#13665,#13666,#13667,#13668,#13669,
#13670,#13671),.UNSPECIFIED.,.F.,.F.,(4,1,1,1,4),(0.,0.000727897490700204,
0.00145579498140041,0.00218369247210061,0.00291158996280082),
 .UNSPECIFIED.);
#429=B_SPLINE_CURVE_WITH_KNOTS('',3,(#13675,#13676,#13677,#13678),
 .UNSPECIFIED.,.F.,.F.,(4,4),(0.,0.000149122733328418),.UNSPECIFIED.);
#430=B_SPLINE_CURVE_WITH_KNOTS('',3,(#13682,#13683,#13684,#13685),
 .UNSPECIFIED.,.F.,.F.,(4,4),(0.,0.000149122681159371),.UNSPECIFIED.);
#431=B_SPLINE_CURVE_WITH_KNOTS('',3,(#13689,#13690,#13691,#13692,#13693),
 .UNSPECIFIED.,.F.,.F.,(4,1,4),(0.,0.00173570630619537,0.00347141261239074),
 .UNSPECIFIED.);
#432=B_SPLINE_CURVE_WITH_KNOTS('',3,(#13695,#13696,#13697,#13698,#13699),
 .UNSPECIFIED.,.F.,.F.,(4,1,4),(0.,0.00225936151381492,0.00451872302762984),
 .UNSPECIFIED.);
#433=B_SPLINE_CURVE_WITH_KNOTS('',3,(#13703,#13704,#13705,#13706),
 .UNSPECIFIED.,.F.,.F.,(4,4),(0.,0.000149122733328389),.UNSPECIFIED.);
#434=B_SPLINE_CURVE_WITH_KNOTS('',3,(#13710,#13711,#13712,#13713),
 .UNSPECIFIED.,.F.,.F.,(4,4),(0.,0.000149122681159306),.UNSPECIFIED.);
#435=B_SPLINE_CURVE_WITH_KNOTS('',3,(#13717,#13718,#13719,#13720),
 .UNSPECIFIED.,.F.,.F.,(4,4),(0.,0.000149122681159315),.UNSPECIFIED.);
#436=B_SPLINE_CURVE_WITH_KNOTS('',3,(#13725,#13726,#13727,#13728),
 .UNSPECIFIED.,.F.,.F.,(4,4),(0.,0.000149122733328397),.UNSPECIFIED.);
#437=B_SPLINE_CURVE_WITH_KNOTS('',3,(#13732,#13733,#13734,#13735,#13736,
#13737,#13738),.UNSPECIFIED.,.F.,.F.,(4,1,1,1,4),(0.,0.00185817180379093,
0.00371634360758185,0.00557451541137278,0.0074326872151637),
 .UNSPECIFIED.);
#438=B_SPLINE_CURVE_WITH_KNOTS('',3,(#13742,#13743,#13744,#13745),
 .UNSPECIFIED.,.F.,.F.,(4,4),(0.,0.00014912268115926),.UNSPECIFIED.);
#439=B_SPLINE_CURVE_WITH_KNOTS('',3,(#13749,#13750,#13751,#13752),
 .UNSPECIFIED.,.F.,.F.,(4,4),(0.,0.000149122733328336),.UNSPECIFIED.);
#440=B_SPLINE_CURVE_WITH_KNOTS('',3,(#13756,#13757,#13758,#13759),
 .UNSPECIFIED.,.F.,.F.,(4,4),(0.,0.00014912268115932),.UNSPECIFIED.);
#441=B_SPLINE_CURVE_WITH_KNOTS('',3,(#13765,#13766,#13767,#13768),
 .UNSPECIFIED.,.F.,.F.,(4,4),(0.,0.000149082341235187),.UNSPECIFIED.);
#442=B_SPLINE_CURVE_WITH_KNOTS('',3,(#13772,#13773,#13774,#13775,#13776,
#13777,#13778),.UNSPECIFIED.,.F.,.F.,(4,1,1,1,4),(0.,0.000598466710731302,
0.0011969334214626,0.00179540013219391,0.00239386684292521),
 .UNSPECIFIED.);
#443=B_SPLINE_CURVE_WITH_KNOTS('',3,(#13782,#13783,#13784,#13785,#13786,
#13787,#13788),.UNSPECIFIED.,.F.,.F.,(4,1,1,1,4),(0.,0.000598466710730445,
0.00119693342146089,0.00179540013219133,0.00239386684292178),
 .UNSPECIFIED.);
#444=B_SPLINE_CURVE_WITH_KNOTS('',3,(#13793,#13794,#13795,#13796),
 .UNSPECIFIED.,.F.,.F.,(4,4),(0.,0.00014912268115932),.UNSPECIFIED.);
#445=B_SPLINE_CURVE_WITH_KNOTS('',3,(#13800,#13801,#13802,#13803),
 .UNSPECIFIED.,.F.,.F.,(4,4),(0.,0.0001491227333284),.UNSPECIFIED.);
#446=B_SPLINE_CURVE_WITH_KNOTS('',3,(#13807,#13808,#13809,#13810),
 .UNSPECIFIED.,.F.,.F.,(4,4),(0.,0.00116361910727871),.UNSPECIFIED.);
#447=B_SPLINE_CURVE_WITH_KNOTS('',3,(#13814,#13815,#13816,#13817),
 .UNSPECIFIED.,.F.,.F.,(4,4),(0.,0.000149122733328434),.UNSPECIFIED.);
#448=B_SPLINE_CURVE_WITH_KNOTS('',3,(#13821,#13822,#13823,#13824),
 .UNSPECIFIED.,.F.,.F.,(4,4),(0.,0.000149122681159337),.UNSPECIFIED.);
#449=B_SPLINE_CURVE_WITH_KNOTS('',3,(#13828,#13829,#13830,#13831),
 .UNSPECIFIED.,.F.,.F.,(4,4),(0.,0.00188546212379199),.UNSPECIFIED.);
#450=B_SPLINE_CURVE_WITH_KNOTS('',3,(#13833,#13834,#13835,#13836),
 .UNSPECIFIED.,.F.,.F.,(4,4),(0.,0.00188387683959592),.UNSPECIFIED.);
#451=B_SPLINE_CURVE_WITH_KNOTS('',3,(#13838,#13839,#13840,#13841,#13842),
 .UNSPECIFIED.,.F.,.F.,(4,1,4),(0.,0.00178684909100239,0.00357369818200477),
 .UNSPECIFIED.);
#452=B_SPLINE_CURVE_WITH_KNOTS('',3,(#13846,#13847,#13848,#13849),
 .UNSPECIFIED.,.F.,.F.,(4,4),(0.,0.000149122681159384),.UNSPECIFIED.);
#453=B_SPLINE_CURVE_WITH_KNOTS('',3,(#13853,#13854,#13855,#13856),
 .UNSPECIFIED.,.F.,.F.,(4,4),(0.,0.000149122733328368),.UNSPECIFIED.);
#454=B_SPLINE_CURVE_WITH_KNOTS('',3,(#13860,#13861,#13862,#13863),
 .UNSPECIFIED.,.F.,.F.,(4,4),(0.,0.000149122681159346),.UNSPECIFIED.);
#455=B_SPLINE_CURVE_WITH_KNOTS('',3,(#13867,#13868,#13869,#13870),
 .UNSPECIFIED.,.F.,.F.,(4,4),(0.,0.000149082341235272),.UNSPECIFIED.);
#456=B_SPLINE_CURVE_WITH_KNOTS('',3,(#13874,#13875,#13876,#13877),
 .UNSPECIFIED.,.F.,.F.,(4,4),(0.,0.00014912268115935),.UNSPECIFIED.);
#457=B_SPLINE_CURVE_WITH_KNOTS('',3,(#13882,#13883,#13884,#13885),
 .UNSPECIFIED.,.F.,.F.,(4,4),(0.,0.000149122733328408),.UNSPECIFIED.);
#458=B_SPLINE_CURVE_WITH_KNOTS('',3,(#13889,#13890,#13891,#13892,#13893,
#13894,#13895),.UNSPECIFIED.,.F.,.F.,(4,1,1,1,4),(0.,0.000674633894325114,
0.00134926778865023,0.00202390168297534,0.00269853557730046),
 .UNSPECIFIED.);
#459=B_SPLINE_CURVE_WITH_KNOTS('',3,(#13899,#13900,#13901,#13902),
 .UNSPECIFIED.,.F.,.F.,(4,4),(0.,0.000149122681159344),.UNSPECIFIED.);
#460=B_SPLINE_CURVE_WITH_KNOTS('',3,(#13906,#13907,#13908,#13909),
 .UNSPECIFIED.,.F.,.F.,(4,4),(0.,0.000149122733328337),.UNSPECIFIED.);
#461=B_SPLINE_CURVE_WITH_KNOTS('',3,(#13913,#13914,#13915,#13916,#13917,
#13918,#13919),.UNSPECIFIED.,.F.,.F.,(4,1,1,1,4),(0.,0.00145718906993323,
0.00291437813986646,0.0043715672097997,0.00582875627973293),
 .UNSPECIFIED.);
#462=B_SPLINE_CURVE_WITH_KNOTS('',3,(#13921,#13922,#13923,#13924,#13925,
#13926,#13927),.UNSPECIFIED.,.F.,.F.,(4,1,1,1,4),(0.,0.00117400708935285,
0.0023480141787057,0.00352202126805854,0.00469602835741139),
 .UNSPECIFIED.);
#463=B_SPLINE_CURVE_WITH_KNOTS('',3,(#13931,#13932,#13933,#13934),
 .UNSPECIFIED.,.F.,.F.,(4,4),(0.,0.000149122681159346),.UNSPECIFIED.);
#464=B_SPLINE_CURVE_WITH_KNOTS('',3,(#13938,#13939,#13940,#13941),
 .UNSPECIFIED.,.F.,.F.,(4,4),(0.,0.000149122733328425),.UNSPECIFIED.);
#465=B_SPLINE_CURVE_WITH_KNOTS('',3,(#13945,#13946,#13947,#13948),
 .UNSPECIFIED.,.F.,.F.,(4,4),(0.,0.000149122681159354),.UNSPECIFIED.);
#466=B_SPLINE_CURVE_WITH_KNOTS('',3,(#13952,#13953,#13954,#13955),
 .UNSPECIFIED.,.F.,.F.,(4,4),(0.,0.00014908234123528),.UNSPECIFIED.);
#467=B_SPLINE_CURVE_WITH_KNOTS('',3,(#13959,#13960,#13961,#13962,#13963,
#13964,#13965),.UNSPECIFIED.,.F.,.F.,(4,1,1,1,4),(0.,0.000471295264958115,
0.00094259052991623,0.00141388579487435,0.00188518105983246),
 .UNSPECIFIED.);
#468=B_SPLINE_CURVE_WITH_KNOTS('',3,(#13972,#13973,#13974,#13975),
 .UNSPECIFIED.,.F.,.F.,(4,4),(0.,0.000992823944075186),.UNSPECIFIED.);
#469=B_SPLINE_CURVE_WITH_KNOTS('',3,(#13977,#13978,#13979,#13980,#13981),
 .UNSPECIFIED.,.F.,.F.,(4,1,4),(0.,0.000671379587170156,0.00134275917434031),
 .UNSPECIFIED.);
#470=B_SPLINE_CURVE_WITH_KNOTS('',3,(#13985,#13986,#13987,#13988),
 .UNSPECIFIED.,.F.,.F.,(4,4),(0.,0.000149122681159323),.UNSPECIFIED.);
#471=B_SPLINE_CURVE_WITH_KNOTS('',3,(#13992,#13993,#13994,#13995),
 .UNSPECIFIED.,.F.,.F.,(4,4),(0.,0.000149122733328445),.UNSPECIFIED.);
#472=B_SPLINE_CURVE_WITH_KNOTS('',3,(#13999,#14000,#14001,#14002,#14003,
#14004,#14005),.UNSPECIFIED.,.F.,.F.,(4,1,1,1,4),(0.,0.00049670742702096,
0.00099341485404192,0.00149012228106288,0.00198682970808384),
 .UNSPECIFIED.);
#473=B_SPLINE_CURVE_WITH_KNOTS('',3,(#14009,#14010,#14011,#14012),
 .UNSPECIFIED.,.F.,.F.,(4,4),(0.,0.000149122681159301),.UNSPECIFIED.);
#474=B_SPLINE_CURVE_WITH_KNOTS('',3,(#14016,#14017,#14018,#14019),
 .UNSPECIFIED.,.F.,.F.,(4,4),(0.,0.000149122733328414),.UNSPECIFIED.);
#475=B_SPLINE_CURVE_WITH_KNOTS('',3,(#14023,#14024,#14025,#14026,#14027,
#14028,#14029),.UNSPECIFIED.,.F.,.F.,(4,1,1,1,4),(0.,0.00129903171843712,
0.00259806343687425,0.00389709515531137,0.0051961268737485),
 .UNSPECIFIED.);
#476=B_SPLINE_CURVE_WITH_KNOTS('',3,(#14031,#14032,#14033,#14034,#14035,
#14036,#14037),.UNSPECIFIED.,.F.,.F.,(4,1,1,1,4),(0.,0.00120681477491701,
0.00241362954983403,0.00362044432475105,0.00482725909966806),
 .UNSPECIFIED.);
#477=B_SPLINE_CURVE_WITH_KNOTS('',3,(#14041,#14042,#14043,#14044),
 .UNSPECIFIED.,.F.,.F.,(4,4),(0.,0.000149122681159374),.UNSPECIFIED.);
#478=B_SPLINE_CURVE_WITH_KNOTS('',3,(#14048,#14049,#14050,#14051),
 .UNSPECIFIED.,.F.,.F.,(4,4),(0.,0.000149122733328393),.UNSPECIFIED.);
#479=B_SPLINE_CURVE_WITH_KNOTS('',3,(#14053,#14054,#14055,#14056),
 .UNSPECIFIED.,.F.,.F.,(4,4),(0.,0.00014912273332837),.UNSPECIFIED.);
#480=B_SPLINE_CURVE_WITH_KNOTS('',3,(#14061,#14062,#14063,#14064),
 .UNSPECIFIED.,.F.,.F.,(4,4),(0.,0.000149122681159334),.UNSPECIFIED.);
#481=B_SPLINE_CURVE_WITH_KNOTS('',3,(#14068,#14069,#14070,#14071),
 .UNSPECIFIED.,.F.,.F.,(4,4),(0.,0.00188546212374136),.UNSPECIFIED.);
#482=B_SPLINE_CURVE_WITH_KNOTS('',3,(#14073,#14074,#14075,#14076),
 .UNSPECIFIED.,.F.,.F.,(4,4),(0.,0.00188387683933536),.UNSPECIFIED.);
#483=B_SPLINE_CURVE_WITH_KNOTS('',3,(#14078,#14079,#14080,#14081,#14082),
 .UNSPECIFIED.,.F.,.F.,(4,1,4),(0.,0.00178684909100216,0.00357369818200432),
 .UNSPECIFIED.);
#484=B_SPLINE_CURVE_WITH_KNOTS('',3,(#14086,#14087,#14088,#14089),
 .UNSPECIFIED.,.F.,.F.,(4,4),(0.,0.000149122681159316),.UNSPECIFIED.);
#485=B_SPLINE_CURVE_WITH_KNOTS('',3,(#14093,#14094,#14095,#14096),
 .UNSPECIFIED.,.F.,.F.,(4,4),(0.,0.000149122733328443),.UNSPECIFIED.);
#486=B_SPLINE_CURVE_WITH_KNOTS('',3,(#14100,#14101,#14102,#14103),
 .UNSPECIFIED.,.F.,.F.,(4,4),(0.,0.00014912268115935),.UNSPECIFIED.);
#487=B_SPLINE_CURVE_WITH_KNOTS('',3,(#14107,#14108,#14109,#14110),
 .UNSPECIFIED.,.F.,.F.,(4,4),(0.,0.000149082341235154),.UNSPECIFIED.);
#488=B_SPLINE_CURVE_WITH_KNOTS('',3,(#14114,#14115,#14116,#14117,#14118,
#14119,#14120),.UNSPECIFIED.,.F.,.F.,(4,1,1,1,4),(0.,0.000598466710731271,
0.00119693342146254,0.00179540013219381,0.00239386684292508),
 .UNSPECIFIED.);
#489=B_SPLINE_CURVE_WITH_KNOTS('',3,(#14124,#14125,#14126,#14127),
 .UNSPECIFIED.,.F.,.F.,(4,4),(0.,0.000149122681159314),.UNSPECIFIED.);
#490=B_SPLINE_CURVE_WITH_KNOTS('',3,(#14131,#14132,#14133,#14134),
 .UNSPECIFIED.,.F.,.F.,(4,4),(0.,0.000149122733328386),.UNSPECIFIED.);
#491=B_SPLINE_CURVE_WITH_KNOTS('',3,(#14138,#14139,#14140,#14141),
 .UNSPECIFIED.,.F.,.F.,(4,4),(0.,0.00116361910727844),.UNSPECIFIED.);
#492=B_SPLINE_CURVE_WITH_KNOTS('',3,(#14145,#14146,#14147,#14148,#14149,
#14150,#14151,#14152,#14153,#14154,#14155),.UNSPECIFIED.,.T.,.F.,(1,1,1,
1,1,1,1,1,1,1,1,1,1,1,1),(-0.00707626515727614,-0.00471751010485076,-0.00235875505242538,
0.,0.00235875505242538,0.00471751010485076,0.00707626515727614,0.00943502020970152,
0.0117937752621269,0.0141525303145523,0.0165112853669777,0.018870040419403,
0.0212287954718284,0.0235875505242538,0.0259463055766792),.UNSPECIFIED.);
#493=B_SPLINE_CURVE_WITH_KNOTS('',3,(#14157,#14158,#14159,#14160,#14161,
#14162,#14163,#14164,#14165,#14166,#14167),.UNSPECIFIED.,.T.,.F.,(1,1,1,
1,1,1,1,1,1,1,1,1,1,1,1),(-0.00270977471866614,-0.00180651647911076,-0.00090325823955538,
0.,0.00090325823955538,0.00180651647911076,0.00270977471866614,0.00361303295822152,
0.0045162911977769,0.00541954943733228,0.00632280767688766,0.00722606591644304,
0.00812932415599842,0.0090325823955538,0.00993584063510919),
 .UNSPECIFIED.);
#494=B_SPLINE_CURVE_WITH_KNOTS('',3,(#14184,#14185,#14186,#14187,#14188,
#14189,#14190,#14191,#14192,#14193,#14194,#14195,#14196,#14197,#14198,#14199,
#14200,#14201,#14202,#14203,#14204),.UNSPECIFIED.,.F.,.F.,(4,1,1,1,1,1,
1,1,1,1,1,1,1,1,1,1,1,1,4),(0.0163354297550242,0.0163982772069627,0.0164611246589011,
0.0165868195627781,0.016838209370532,0.0170895991782859,0.0173409889860399,
0.0178437686015477,0.0183465482170556,0.0188493278325634,0.0193521074480713,
0.020357666679087,0.0213632259101027,0.0223687851411184,0.0243799036031498,
0.0263910220651812,0.0284021405272126,0.030413258989244,0.0324243774512754),
 .UNSPECIFIED.);
#495=B_SPLINE_CURVE_WITH_KNOTS('',3,(#14209,#14210,#14211,#14212,#14213,
#14214,#14215,#14216,#14217,#14218,#14219,#14220,#14221,#14222,#14223,#14224,
#14225,#14226,#14227,#14228,#14229),.UNSPECIFIED.,.F.,.F.,(4,1,1,1,1,1,
1,1,1,1,1,1,1,1,1,1,1,1,4),(0.000216504257485253,0.00223136994467759,0.00424623563186992,
0.00626110131906225,0.00827596700625458,0.0102908326934469,0.0112982655370431,
0.0123056983806392,0.0133131312242354,0.0138168476460335,0.0143205640678316,
0.0148242804896297,0.0153279969114277,0.0155798551223268,0.0158317133332258,
0.0160835715441249,0.0162095006495744,0.0162724652022992,0.0163354297550239),
 .UNSPECIFIED.);
#496=B_SPLINE_CURVE_WITH_KNOTS('',3,(#14231,#14232,#14233,#14234),
 .UNSPECIFIED.,.F.,.F.,(4,4),(0.,0.000136678408493862),.UNSPECIFIED.);
#497=B_SPLINE_CURVE_WITH_KNOTS('',3,(#14238,#14239,#14240,#14241),
 .UNSPECIFIED.,.F.,.F.,(4,4),(0.,0.000136678408493863),.UNSPECIFIED.);
#498=B_SPLINE_CURVE_WITH_KNOTS('',3,(#14243,#14244,#14245,#14246,#14247,
#14248,#14249,#14250,#14251,#14252,#14253,#14254,#14255,#14256,#14257,#14258,
#14259,#14260,#14261,#14262,#14263),.UNSPECIFIED.,.F.,.F.,(4,1,1,1,1,1,
1,1,1,1,1,1,1,1,1,1,1,1,4),(0.000216504257485253,0.00223136994467762,0.00424623563186998,
0.00626110131906235,0.00827596700625471,0.0102908326934471,0.0112982655370433,
0.0123056983806394,0.0133131312242356,0.0138168476460337,0.0143205640678318,
0.0148242804896299,0.015327996911428,0.015579855122327,0.0158317133332261,
0.0160835715441251,0.0162095006495747,0.0162724652022994,0.0163354297550242),
 .UNSPECIFIED.);
#499=B_SPLINE_CURVE_WITH_KNOTS('',3,(#14265,#14266,#14267,#14268),
 .UNSPECIFIED.,.F.,.F.,(4,4),(0.,0.000136678408493861),.UNSPECIFIED.);
#500=B_SPLINE_CURVE_WITH_KNOTS('',3,(#14272,#14273,#14274,#14275),
 .UNSPECIFIED.,.F.,.F.,(4,4),(0.,0.000136678408493861),.UNSPECIFIED.);
#501=B_SPLINE_CURVE_WITH_KNOTS('',3,(#14277,#14278,#14279,#14280,#14281,
#14282,#14283,#14284,#14285,#14286,#14287,#14288,#14289,#14290,#14291,#14292,
#14293,#14294,#14295,#14296,#14297),.UNSPECIFIED.,.F.,.F.,(4,1,1,1,1,1,
1,1,1,1,1,1,1,1,1,1,1,1,4),(0.000216504257485296,0.00223136994467763,0.00424623563186996,
0.00626110131906229,0.00827596700625462,0.0102908326934469,0.0112982655370431,
0.0123056983806393,0.0133131312242354,0.0138168476460335,0.0143205640678316,
0.0148242804896297,0.0153279969114278,0.0155798551223268,0.0158317133332259,
0.0160835715441249,0.0162095006495744,0.0162724652022992,0.0163354297550239),
 .UNSPECIFIED.);
#502=B_SPLINE_CURVE_WITH_KNOTS('',3,(#14301,#14302,#14303,#14304),
 .UNSPECIFIED.,.F.,.F.,(4,4),(0.,0.000703320723647455),.UNSPECIFIED.);
#503=B_SPLINE_CURVE_WITH_KNOTS('',3,(#14308,#14309,#14310,#14311),
 .UNSPECIFIED.,.F.,.F.,(4,4),(0.,0.000703320723647452),.UNSPECIFIED.);
#504=B_SPLINE_CURVE_WITH_KNOTS('',3,(#14316,#14317,#14318,#14319),
 .UNSPECIFIED.,.F.,.F.,(4,4),(0.,0.000703320723647449),.UNSPECIFIED.);
#505=B_SPLINE_CURVE_WITH_KNOTS('',3,(#14320,#14321,#14322,#14323),
 .UNSPECIFIED.,.F.,.F.,(4,4),(0.,0.000703320723647455),.UNSPECIFIED.);
#506=B_SPLINE_CURVE_WITH_KNOTS('',3,(#14328,#14329,#14330,#14331),
 .UNSPECIFIED.,.F.,.F.,(4,4),(0.,0.000703320723647454),.UNSPECIFIED.);
#507=B_SPLINE_CURVE_WITH_KNOTS('',3,(#14335,#14336,#14337,#14338),
 .UNSPECIFIED.,.F.,.F.,(4,4),(0.,0.000703320723647452),.UNSPECIFIED.);
#508=B_SPLINE_CURVE_WITH_KNOTS('',3,(#14343,#14344,#14345,#14346),
 .UNSPECIFIED.,.F.,.F.,(4,4),(0.,0.000136678408493861),.UNSPECIFIED.);
#509=B_SPLINE_CURVE_WITH_KNOTS('',3,(#14348,#14349,#14350,#14351,#14352,
#14353,#14354,#14355,#14356,#14357,#14358,#14359,#14360,#14361,#14362,#14363,
#14364,#14365,#14366,#14367,#14368),.UNSPECIFIED.,.F.,.F.,(4,1,1,1,1,1,
1,1,1,1,1,1,1,1,1,1,1,1,4),(0.000216504257485296,0.00223136994467763,0.00424623563186997,
0.00626110131906231,0.00827596700625464,0.010290832693447,0.0112982655370432,
0.0123056983806393,0.0133131312242355,0.0138168476460336,0.0143205640678317,
0.0148242804896297,0.0153279969114278,0.0155798551223269,0.0158317133332259,
0.016083571544125,0.0162095006495745,0.0162724652022992,0.016335429755024),
 .UNSPECIFIED.);
#510=B_SPLINE_CURVE_WITH_KNOTS('',3,(#14371,#14372,#14373,#14374,#14375,
#14376,#14377,#14378,#14379,#14380,#14381,#14382,#14383,#14384,#14385,#14386,
#14387,#14388,#14389,#14390,#14391),.UNSPECIFIED.,.F.,.F.,(4,1,1,1,1,1,
1,1,1,1,1,1,1,1,1,1,1,1,4),(0.0163354297550239,0.0163982772069625,0.0164611246589011,
0.0165868195627783,0.0168382093705326,0.0170895991782869,0.0173409889860413,
0.0178437686015499,0.0183465482170586,0.0188493278325673,0.0193521074480759,
0.0203576666790933,0.0213632259101106,0.0223687851411279,0.0243799036031626,
0.0263910220651973,0.028402140527232,0.0304132589892666,0.0324243774513013),
 .UNSPECIFIED.);
#511=B_SPLINE_CURVE_WITH_KNOTS('',3,(#14393,#14394,#14395,#14396),
 .UNSPECIFIED.,.F.,.F.,(4,4),(9.99585012992364E-19,0.000136678408493861),
 .UNSPECIFIED.);
#512=B_SPLINE_CURVE_WITH_KNOTS('',3,(#14401,#14402,#14403,#14404),
 .UNSPECIFIED.,.F.,.F.,(4,4),(0.,0.000703320723647456),.UNSPECIFIED.);
#513=B_SPLINE_CURVE_WITH_KNOTS('',3,(#14405,#14406,#14407,#14408),
 .UNSPECIFIED.,.F.,.F.,(4,4),(0.,0.000703320723647453),.UNSPECIFIED.);
#514=B_SPLINE_CURVE_WITH_KNOTS('',3,(#14411,#14412,#14413,#14414,#14415,
#14416,#14417,#14418,#14419,#14420,#14421,#14422,#14423,#14424,#14425,#14426,
#14427,#14428,#14429,#14430,#14431),.UNSPECIFIED.,.F.,.F.,(4,1,1,1,1,1,
1,1,1,1,1,1,1,1,1,1,1,1,4),(0.016335429755024,0.0163982772069625,0.0164611246589011,
0.0165868195627781,0.0168382093705323,0.0170895991782864,0.0173409889860405,
0.0178437686015488,0.018346548217057,0.0188493278325653,0.0193521074480736,
0.0203576666790901,0.0213632259101066,0.0223687851411231,0.0243799036031562,
0.0263910220651892,0.0284021405272222,0.0304132589892553,0.0324243774512883),
 .UNSPECIFIED.);
#515=B_SPLINE_CURVE_WITH_KNOTS('',3,(#14433,#14434,#14435,#14436),
 .UNSPECIFIED.,.F.,.F.,(4,4),(6.50521303491303E-19,0.000136678408493862),
 .UNSPECIFIED.);
#516=B_SPLINE_CURVE_WITH_KNOTS('',3,(#14437,#14438,#14439,#14440),
 .UNSPECIFIED.,.F.,.F.,(4,4),(0.,0.000136678408493858),.UNSPECIFIED.);
#517=B_SPLINE_CURVE_WITH_KNOTS('',3,(#14442,#14443,#14444,#14445,#14446,
#14447,#14448,#14449,#14450,#14451,#14452,#14453,#14454,#14455,#14456,#14457,
#14458,#14459,#14460,#14461,#14462),.UNSPECIFIED.,.F.,.F.,(4,1,1,1,1,1,
1,1,1,1,1,1,1,1,1,1,1,1,4),(0.0163354297550239,0.0163982772069624,0.0164611246589009,
0.0165868195627778,0.0168382093705317,0.0170895991782855,0.0173409889860394,
0.0178437686015472,0.0183465482170549,0.0188493278325627,0.0193521074480704,
0.0203576666790859,0.0213632259101015,0.022368785141117,0.024379903603148,
0.026391022065179,0.02840214052721,0.030413258989241,0.032424377451272),
 .UNSPECIFIED.);
#518=B_SPLINE_CURVE_WITH_KNOTS('',3,(#14467,#14468,#14469,#14470,#14471),
 .UNSPECIFIED.,.F.,.F.,(4,1,4),(0.00260510004936643,0.0155964364513072,
0.0285877728532481),.UNSPECIFIED.);
#519=B_SPLINE_CURVE_WITH_KNOTS('',3,(#14475,#14476,#14477,#14478,#14479),
 .UNSPECIFIED.,.F.,.F.,(4,1,4),(0.00259650431811559,0.0155869495519153,
0.0285773947857151),.UNSPECIFIED.);
#520=B_SPLINE_CURVE_WITH_KNOTS('',3,(#14481,#14482,#14483,#14484,#14485),
 .UNSPECIFIED.,.F.,.F.,(4,1,4),(0.00260510004936641,0.0155964364513072,
0.0285877728532481),.UNSPECIFIED.);
#521=B_SPLINE_CURVE_WITH_KNOTS('',3,(#14490,#14491,#14492,#14493,#14494),
 .UNSPECIFIED.,.F.,.F.,(4,1,4),(0.00260510004936643,0.0155964364513072,
0.0285877728532481),.UNSPECIFIED.);
#522=B_SPLINE_CURVE_WITH_KNOTS('',3,(#14501,#14502,#14503,#14504,#14505),
 .UNSPECIFIED.,.F.,.F.,(4,1,4),(0.00259650431811559,0.0155869495519153,
0.0285773947857151),.UNSPECIFIED.);
#523=B_SPLINE_CURVE_WITH_KNOTS('',3,(#14509,#14510,#14511,#14512,#14513),
 .UNSPECIFIED.,.F.,.F.,(4,1,4),(0.00259650431811559,0.0155869495519153,
0.0285773947857151),.UNSPECIFIED.);
#524=B_SPLINE_CURVE_WITH_KNOTS('',3,(#14515,#14516,#14517,#14518),
 .UNSPECIFIED.,.F.,.F.,(4,4),(2.01224873818225E-7,0.000920182631006858),
 .UNSPECIFIED.);
#525=B_SPLINE_CURVE_WITH_KNOTS('',3,(#14521,#14522,#14523,#14524),
 .UNSPECIFIED.,.F.,.F.,(4,4),(2.01256380685385E-7,0.00327155778162899),
 .UNSPECIFIED.);
#526=B_SPLINE_CURVE_WITH_KNOTS('',3,(#14528,#14529,#14530,#14531),
 .UNSPECIFIED.,.F.,.F.,(4,4),(2.01256380685385E-7,0.00327155778162899),
 .UNSPECIFIED.);
#527=B_SPLINE_CURVE_WITH_KNOTS('',3,(#14533,#14534,#14535,#14536),
 .UNSPECIFIED.,.F.,.F.,(4,4),(2.01224873818225E-7,0.000920182631006858),
 .UNSPECIFIED.);
#528=B_SPLINE_CURVE_WITH_KNOTS('',3,(#14540,#14541,#14542,#14543),
 .UNSPECIFIED.,.F.,.F.,(4,4),(2.01216947840038E-7,0.000920182623079366),
 .UNSPECIFIED.);
#529=B_SPLINE_CURVE_WITH_KNOTS('',3,(#14548,#14549,#14550,#14551),
 .UNSPECIFIED.,.F.,.F.,(4,4),(2.01216947840038E-7,0.000920182623079366),
 .UNSPECIFIED.);
#530=B_SPLINE_CURVE_WITH_KNOTS('',3,(#14553,#14554,#14555,#14556),
 .UNSPECIFIED.,.F.,.F.,(4,4),(2.01224551092523E-7,0.0032715577497994),
 .UNSPECIFIED.);
#531=B_SPLINE_CURVE_WITH_KNOTS('',3,(#14560,#14561,#14562,#14563),
 .UNSPECIFIED.,.F.,.F.,(4,4),(2.01224551092523E-7,0.0032715577497994),
 .UNSPECIFIED.);
#532=B_SPLINE_CURVE_WITH_KNOTS('',3,(#14577,#14578,#14579,#14580),
 .UNSPECIFIED.,.F.,.F.,(4,4),(2.01297385550039E-7,0.00498600170693306),
 .UNSPECIFIED.);
#533=B_SPLINE_CURVE_WITH_KNOTS('',3,(#14584,#14585,#14586,#14587),
 .UNSPECIFIED.,.F.,.F.,(4,4),(2.01297385550039E-7,0.00498600170693306),
 .UNSPECIFIED.);
#534=B_SPLINE_CURVE_WITH_KNOTS('',3,(#14592,#14593,#14594,#14595),
 .UNSPECIFIED.,.F.,.F.,(4,4),(2.01353995056053E-7,0.00498600176354256),
 .UNSPECIFIED.);
#535=B_SPLINE_CURVE_WITH_KNOTS('',3,(#14596,#14597,#14598,#14599),
 .UNSPECIFIED.,.F.,.F.,(4,4),(2.01353995056053E-7,0.00498600176354256),
 .UNSPECIFIED.);
#536=ELLIPSE('',#8226,0.018545119247223,0.00479668227409544);
#537=ELLIPSE('',#8228,0.000516174617092041,0.00034643494102867);
#538=ELLIPSE('',#8229,0.018545119247223,0.00479668227409544);
#539=ELLIPSE('',#8230,0.00523814197095773,0.000458011840017196);
#540=ELLIPSE('',#8233,0.01905,0.00530154537409544);
#541=ELLIPSE('',#8239,0.00688253191356315,0.006746875);
#542=ELLIPSE('',#8240,0.00688253191356316,0.006746875);
#543=ELLIPSE('',#8241,0.0015875,0.00079375);
#544=ELLIPSE('',#8242,0.0015875,0.00079375);
#545=ELLIPSE('',#8244,0.00728929442442767,0.006746875);
#546=ELLIPSE('',#8245,0.00728929442442766,0.006746875);
#547=ELLIPSE('',#8293,0.00688253191356315,0.006746875);
#548=ELLIPSE('',#8294,0.00688253191356316,0.006746875);
#549=ELLIPSE('',#8295,0.0015875,0.00079375);
#550=ELLIPSE('',#8296,0.0015875,0.00079375);
#551=ELLIPSE('',#8298,0.00728929442442767,0.006746875);
#552=ELLIPSE('',#8299,0.00728929442442766,0.006746875);
#553=ELLIPSE('',#8343,0.0160582526629356,0.0157606333547043);
#554=ELLIPSE('',#8344,0.0192922352887104,0.0189346782218625);
#555=ELLIPSE('',#8345,0.019165907842391,0.0188106920942392);
#556=ELLIPSE('',#8346,0.0161845801092549,0.0158846194823276);
#557=ELLIPSE('',#8350,0.0192922352887104,0.0189346782218625);
#558=ELLIPSE('',#8351,0.0160582526629356,0.0157606333547043);
#559=ELLIPSE('',#8352,0.0192922352887104,0.0189346782218625);
#560=ELLIPSE('',#8353,0.0160582526629356,0.0157606333547043);
#561=ELLIPSE('',#8354,0.0192922352887104,0.0189346782218625);
#562=ELLIPSE('',#8355,0.0160582526629356,0.0157606333547043);
#563=ELLIPSE('',#8357,0.019165907842391,0.0188106920942392);
#564=ELLIPSE('',#8358,0.0161845801092549,0.0158846194823276);
#565=ELLIPSE('',#8361,0.019165907842391,0.0188106920942392);
#566=ELLIPSE('',#8362,0.0161845801092549,0.0158846194823276);
#567=ELLIPSE('',#8365,0.0161845801092549,0.0158846194823276);
#568=ELLIPSE('',#8366,0.019165907842391,0.0188106920942392);
#569=OVER_RIDING_STYLED_ITEM('',(#7351),#7105,#7333);
#570=OVER_RIDING_STYLED_ITEM('',(#7352),#7106,#7333);
#571=OVER_RIDING_STYLED_ITEM('',(#7353),#7107,#7333);
#572=OVER_RIDING_STYLED_ITEM('',(#7354),#7108,#7333);
#573=OVER_RIDING_STYLED_ITEM('',(#7355),#7109,#7333);
#574=OVER_RIDING_STYLED_ITEM('',(#7356),#7110,#7333);
#575=OVER_RIDING_STYLED_ITEM('',(#7357),#7111,#7333);
#576=OVER_RIDING_STYLED_ITEM('',(#7358),#7112,#7333);
#577=OVER_RIDING_STYLED_ITEM('',(#7359),#7113,#7333);
#578=OVER_RIDING_STYLED_ITEM('',(#7360),#7114,#7333);
#579=OVER_RIDING_STYLED_ITEM('',(#7361),#7115,#7333);
#580=OVER_RIDING_STYLED_ITEM('',(#7362),#7116,#7333);
#581=OVER_RIDING_STYLED_ITEM('',(#7363),#7117,#7333);
#582=OVER_RIDING_STYLED_ITEM('',(#7364),#7118,#7333);
#583=OVER_RIDING_STYLED_ITEM('',(#7365),#7119,#7333);
#584=OVER_RIDING_STYLED_ITEM('',(#7366),#7120,#7333);
#585=OVER_RIDING_STYLED_ITEM('',(#7367),#7121,#7333);
#586=OVER_RIDING_STYLED_ITEM('',(#7368),#7122,#7333);
#587=OVER_RIDING_STYLED_ITEM('',(#7369),#7123,#7333);
#588=OVER_RIDING_STYLED_ITEM('',(#7370),#7124,#7333);
#589=OVER_RIDING_STYLED_ITEM('',(#7371),#7125,#7333);
#590=OVER_RIDING_STYLED_ITEM('',(#7372),#7126,#7333);
#591=OVER_RIDING_STYLED_ITEM('',(#7373),#7127,#7333);
#592=OVER_RIDING_STYLED_ITEM('',(#7376),#7132,#7335);
#593=OVER_RIDING_STYLED_ITEM('',(#7377),#7133,#7335);
#594=OVER_RIDING_STYLED_ITEM('',(#7378),#7134,#7335);
#595=OVER_RIDING_STYLED_ITEM('',(#7381),#7141,#7337);
#596=OVER_RIDING_STYLED_ITEM('',(#7382),#7142,#7337);
#597=OVER_RIDING_STYLED_ITEM('',(#7383),#7143,#7337);
#598=OVER_RIDING_STYLED_ITEM('',(#7385),#7145,#7338);
#599=OVER_RIDING_STYLED_ITEM('',(#7386),#7146,#7338);
#600=OVER_RIDING_STYLED_ITEM('',(#7387),#7147,#7338);
#601=OVER_RIDING_STYLED_ITEM('',(#7388),#7148,#7338);
#602=OVER_RIDING_STYLED_ITEM('',(#7389),#7149,#7338);
#603=OVER_RIDING_STYLED_ITEM('',(#7390),#7150,#7338);
#604=OVER_RIDING_STYLED_ITEM('',(#7391),#7151,#7338);
#605=OVER_RIDING_STYLED_ITEM('',(#7392),#7152,#7338);
#606=OVER_RIDING_STYLED_ITEM('',(#7393),#7153,#7338);
#607=OVER_RIDING_STYLED_ITEM('',(#7394),#7154,#7338);
#608=OVER_RIDING_STYLED_ITEM('',(#7395),#7155,#7338);
#609=OVER_RIDING_STYLED_ITEM('',(#7396),#7156,#7338);
#610=OVER_RIDING_STYLED_ITEM('',(#7397),#7157,#7338);
#611=OVER_RIDING_STYLED_ITEM('',(#7399),#7158,#7339);
#612=OVER_RIDING_STYLED_ITEM('',(#7400),#7159,#7339);
#613=OVER_RIDING_STYLED_ITEM('',(#7401),#7160,#7339);
#614=OVER_RIDING_STYLED_ITEM('',(#7402),#7161,#7339);
#615=OVER_RIDING_STYLED_ITEM('',(#7403),#7162,#7339);
#616=OVER_RIDING_STYLED_ITEM('',(#7404),#7163,#7339);
#617=OVER_RIDING_STYLED_ITEM('',(#7406),#7166,#7340);
#618=OVER_RIDING_STYLED_ITEM('',(#7407),#7168,#7340);
#619=OVER_RIDING_STYLED_ITEM('',(#7408),#7170,#7340);
#620=OVER_RIDING_STYLED_ITEM('',(#7409),#7172,#7340);
#621=OVER_RIDING_STYLED_ITEM('',(#7411),#7179,#7341);
#622=OVER_RIDING_STYLED_ITEM('',(#7413),#7182,#7342);
#623=OVER_RIDING_STYLED_ITEM('',(#7414),#7183,#7342);
#624=OVER_RIDING_STYLED_ITEM('',(#7415),#7184,#7342);
#625=OVER_RIDING_STYLED_ITEM('',(#7416),#7185,#7342);
#626=OVER_RIDING_STYLED_ITEM('',(#7417),#7191,#7342);
#627=OVER_RIDING_STYLED_ITEM('',(#7419),#7194,#7343);
#628=OVER_RIDING_STYLED_ITEM('',(#7422),#7214,#7345);
#629=OVER_RIDING_STYLED_ITEM('',(#7423),#7215,#7345);
#630=OVER_RIDING_STYLED_ITEM('',(#7424),#7216,#7345);
#631=OVER_RIDING_STYLED_ITEM('',(#7425),#7217,#7345);
#632=OVER_RIDING_STYLED_ITEM('',(#7426),#7218,#7345);
#633=OVER_RIDING_STYLED_ITEM('',(#7427),#7219,#7345);
#634=OVER_RIDING_STYLED_ITEM('',(#7428),#7220,#7345);
#635=OVER_RIDING_STYLED_ITEM('',(#7429),#7221,#7345);
#636=OVER_RIDING_STYLED_ITEM('',(#7430),#7222,#7345);
#637=OVER_RIDING_STYLED_ITEM('',(#7431),#7223,#7345);
#638=OVER_RIDING_STYLED_ITEM('',(#7432),#7224,#7345);
#639=OVER_RIDING_STYLED_ITEM('',(#7433),#7225,#7345);
#640=OVER_RIDING_STYLED_ITEM('',(#7434),#7226,#7345);
#641=OVER_RIDING_STYLED_ITEM('',(#7435),#7227,#7345);
#642=OVER_RIDING_STYLED_ITEM('',(#7436),#7228,#7345);
#643=OVER_RIDING_STYLED_ITEM('',(#7437),#7229,#7345);
#644=OVER_RIDING_STYLED_ITEM('',(#7438),#7230,#7345);
#645=OVER_RIDING_STYLED_ITEM('',(#7439),#7231,#7345);
#646=OVER_RIDING_STYLED_ITEM('',(#7440),#7232,#7345);
#647=OVER_RIDING_STYLED_ITEM('',(#7441),#7233,#7345);
#648=OVER_RIDING_STYLED_ITEM('',(#7442),#7234,#7345);
#649=OVER_RIDING_STYLED_ITEM('',(#7443),#7235,#7345);
#650=OVER_RIDING_STYLED_ITEM('',(#7444),#7236,#7345);
#651=OVER_RIDING_STYLED_ITEM('',(#7445),#7237,#7345);
#652=OVER_RIDING_STYLED_ITEM('',(#7446),#7238,#7345);
#653=OVER_RIDING_STYLED_ITEM('',(#7447),#7239,#7345);
#654=OVER_RIDING_STYLED_ITEM('',(#7448),#7240,#7345);
#655=OVER_RIDING_STYLED_ITEM('',(#7449),#7241,#7345);
#656=OVER_RIDING_STYLED_ITEM('',(#7450),#7242,#7345);
#657=OVER_RIDING_STYLED_ITEM('',(#7451),#7243,#7345);
#658=OVER_RIDING_STYLED_ITEM('',(#7452),#7244,#7345);
#659=OVER_RIDING_STYLED_ITEM('',(#7453),#7245,#7345);
#660=OVER_RIDING_STYLED_ITEM('',(#7454),#7246,#7345);
#661=OVER_RIDING_STYLED_ITEM('',(#7455),#7247,#7345);
#662=OVER_RIDING_STYLED_ITEM('',(#7456),#7248,#7345);
#663=OVER_RIDING_STYLED_ITEM('',(#7457),#7249,#7345);
#664=OVER_RIDING_STYLED_ITEM('',(#7458),#7250,#7345);
#665=OVER_RIDING_STYLED_ITEM('',(#7459),#7251,#7345);
#666=OVER_RIDING_STYLED_ITEM('',(#7460),#7252,#7345);
#667=OVER_RIDING_STYLED_ITEM('',(#7461),#7253,#7345);
#668=OVER_RIDING_STYLED_ITEM('',(#7462),#7254,#7345);
#669=OVER_RIDING_STYLED_ITEM('',(#7463),#7255,#7345);
#670=OVER_RIDING_STYLED_ITEM('',(#7464),#7256,#7345);
#671=OVER_RIDING_STYLED_ITEM('',(#7465),#7257,#7345);
#672=OVER_RIDING_STYLED_ITEM('',(#7466),#7258,#7345);
#673=OVER_RIDING_STYLED_ITEM('',(#7467),#7259,#7345);
#674=OVER_RIDING_STYLED_ITEM('',(#7468),#7260,#7345);
#675=OVER_RIDING_STYLED_ITEM('',(#7469),#7261,#7345);
#676=OVER_RIDING_STYLED_ITEM('',(#7470),#7262,#7345);
#677=OVER_RIDING_STYLED_ITEM('',(#7471),#7263,#7345);
#678=OVER_RIDING_STYLED_ITEM('',(#7472),#7264,#7345);
#679=OVER_RIDING_STYLED_ITEM('',(#7473),#7265,#7345);
#680=OVER_RIDING_STYLED_ITEM('',(#7474),#7267,#7345);
#681=COLOUR_RGB('',0.901960784313726,0.87843137254902,0.811764705882353);
#682=COLOUR_RGB('',0.8,0.776470588235294,0.713725490196078);
#683=COLOUR_RGB('',0.725490196078431,0.568627450980392,0.313725490196078);
#684=COLOUR_RGB('',0.196078431372549,0.43921568627451,0.0784313725490196);
#685=COLOUR_RGB('',0.603921568627451,0.647058823529412,0.686274509803922);
#686=CONTEXT_DEPENDENT_SHAPE_REPRESENTATION(#744,#14719);
#687=CONTEXT_DEPENDENT_SHAPE_REPRESENTATION(#745,#14721);
#688=CONTEXT_DEPENDENT_SHAPE_REPRESENTATION(#746,#14723);
#689=CONTEXT_DEPENDENT_SHAPE_REPRESENTATION(#747,#14725);
#690=CONTEXT_DEPENDENT_SHAPE_REPRESENTATION(#748,#14727);
#691=CONTEXT_DEPENDENT_SHAPE_REPRESENTATION(#749,#14728);
#692=CONTEXT_DEPENDENT_SHAPE_REPRESENTATION(#750,#14729);
#693=CONTEXT_DEPENDENT_SHAPE_REPRESENTATION(#751,#14730);
#694=CONTEXT_DEPENDENT_SHAPE_REPRESENTATION(#752,#14731);
#695=CONTEXT_DEPENDENT_SHAPE_REPRESENTATION(#753,#14733);
#696=CONTEXT_DEPENDENT_SHAPE_REPRESENTATION(#754,#14735);
#697=CONTEXT_DEPENDENT_SHAPE_REPRESENTATION(#755,#14736);
#698=CONTEXT_DEPENDENT_SHAPE_REPRESENTATION(#756,#14737);
#699=CONTEXT_DEPENDENT_SHAPE_REPRESENTATION(#757,#14738);
#700=CONTEXT_DEPENDENT_SHAPE_REPRESENTATION(#758,#14740);
#701=CONTEXT_DEPENDENT_SHAPE_REPRESENTATION(#759,#14741);
#702=CONTEXT_DEPENDENT_SHAPE_REPRESENTATION(#760,#14743);
#703=CONTEXT_DEPENDENT_SHAPE_REPRESENTATION(#761,#14744);
#704=CONTEXT_DEPENDENT_SHAPE_REPRESENTATION(#762,#14747);
#705=CONTEXT_DEPENDENT_SHAPE_REPRESENTATION(#763,#14749);
#706=CONTEXT_DEPENDENT_SHAPE_REPRESENTATION(#764,#14751);
#707=CONTEXT_DEPENDENT_SHAPE_REPRESENTATION(#765,#14753);
#708=CONTEXT_DEPENDENT_SHAPE_REPRESENTATION(#766,#14754);
#709=CONTEXT_DEPENDENT_SHAPE_REPRESENTATION(#767,#14756);
#710=CONTEXT_DEPENDENT_SHAPE_REPRESENTATION(#768,#14758);
#711=CONTEXT_DEPENDENT_SHAPE_REPRESENTATION(#769,#14760);
#712=CONTEXT_DEPENDENT_SHAPE_REPRESENTATION(#770,#14761);
#713=CONTEXT_DEPENDENT_SHAPE_REPRESENTATION(#771,#14763);
#714=CONTEXT_DEPENDENT_SHAPE_REPRESENTATION(#772,#14764);
#715=NEXT_ASSEMBLY_USAGE_OCCURRENCE('NAUO1','Part 1','Part 1',#14765,#14766,
'');
#716=NEXT_ASSEMBLY_USAGE_OCCURRENCE('NAUO2','Part 1','Part 1',#14765,#14767,
'');
#717=NEXT_ASSEMBLY_USAGE_OCCURRENCE('NAUO3','Part 1','Part 1',#14765,#14768,
'');
#718=NEXT_ASSEMBLY_USAGE_OCCURRENCE('NAUO4','Part 1','Part 1',#14765,#14769,
'');
#719=NEXT_ASSEMBLY_USAGE_OCCURRENCE('NAUO5','Part 1','Part 1',#14765,#14770,
'');
#720=NEXT_ASSEMBLY_USAGE_OCCURRENCE('NAUO6','Part 1','Part 1',#14765,#14769,
'');
#721=NEXT_ASSEMBLY_USAGE_OCCURRENCE('NAUO7','Part 1','Part 1',#14765,#14769,
'');
#722=NEXT_ASSEMBLY_USAGE_OCCURRENCE('NAUO8','Part 1','Part 1',#14765,#14769,
'');
#723=NEXT_ASSEMBLY_USAGE_OCCURRENCE('NAUO9','Part 1','Part 1',#14765,#14769,
'');
#724=NEXT_ASSEMBLY_USAGE_OCCURRENCE('NAUO10','Part 1','Part 1',#14765,#14771,
'');
#725=NEXT_ASSEMBLY_USAGE_OCCURRENCE('NAUO11','Part 1','Part 1',#14765,#14772,
'');
#726=NEXT_ASSEMBLY_USAGE_OCCURRENCE('NAUO12','Part 1','Part 1',#14765,#14769,
'');
#727=NEXT_ASSEMBLY_USAGE_OCCURRENCE('NAUO13','Part 1','Part 1',#14765,#14770,
'');
#728=NEXT_ASSEMBLY_USAGE_OCCURRENCE('NAUO14','Part 1','Part 1',#14765,#14769,
'');
#729=NEXT_ASSEMBLY_USAGE_OCCURRENCE('NAUO15','Part 1','Part 1',#14765,#14773,
'');
#730=NEXT_ASSEMBLY_USAGE_OCCURRENCE('NAUO16','Part 1','Part 1',#14765,#14766,
'');
#731=NEXT_ASSEMBLY_USAGE_OCCURRENCE('NAUO17','Part 1','Part 1',#14765,#14774,
'');
#732=NEXT_ASSEMBLY_USAGE_OCCURRENCE('NAUO18','Part 1','Part 1',#14765,#14769,
'');
#733=NEXT_ASSEMBLY_USAGE_OCCURRENCE('NAUO19','Part 1','Part 1',#14775,#14776,
'');
#734=NEXT_ASSEMBLY_USAGE_OCCURRENCE('NAUO20','Part 1','Part 1',#14775,#14777,
'');
#735=NEXT_ASSEMBLY_USAGE_OCCURRENCE('NAUO21','Part 1','Part 1',#14775,#14778,
'');
#736=NEXT_ASSEMBLY_USAGE_OCCURRENCE('NAUO22','Part 1','Part 1',#14775,#14779,
'');
#737=NEXT_ASSEMBLY_USAGE_OCCURRENCE('NAUO23',
'Estes Solar Prob part <1>','Estes Solar Prob part <1>',#14765,#14775,
'');
#738=NEXT_ASSEMBLY_USAGE_OCCURRENCE('NAUO24','Part 1','Part 1',#14765,#14780,
'');
#739=NEXT_ASSEMBLY_USAGE_OCCURRENCE('NAUO25','Part 1','Part 1',#14765,#14781,
'');
#740=NEXT_ASSEMBLY_USAGE_OCCURRENCE('NAUO26','Part 1','Part 1',#14765,#14782,
'');
#741=NEXT_ASSEMBLY_USAGE_OCCURRENCE('NAUO27','Part 1','Part 1',#14765,#14772,
'');
#742=NEXT_ASSEMBLY_USAGE_OCCURRENCE('NAUO28','Part 1','Part 1',#14765,#14783,
'');
#743=NEXT_ASSEMBLY_USAGE_OCCURRENCE('NAUO29','Part 1','Part 1',#14765,#14767,
'');
#744=(
REPRESENTATION_RELATIONSHIP(' ',' ',#8163,#8162)
REPRESENTATION_RELATIONSHIP_WITH_TRANSFORMATION(#773)
SHAPE_REPRESENTATION_RELATIONSHIP()
);
#745=(
REPRESENTATION_RELATIONSHIP(' ',' ',#8164,#8162)
REPRESENTATION_RELATIONSHIP_WITH_TRANSFORMATION(#774)
SHAPE_REPRESENTATION_RELATIONSHIP()
);
#746=(
REPRESENTATION_RELATIONSHIP(' ',' ',#8165,#8162)
REPRESENTATION_RELATIONSHIP_WITH_TRANSFORMATION(#775)
SHAPE_REPRESENTATION_RELATIONSHIP()
);
#747=(
REPRESENTATION_RELATIONSHIP(' ',' ',#8166,#8162)
REPRESENTATION_RELATIONSHIP_WITH_TRANSFORMATION(#776)
SHAPE_REPRESENTATION_RELATIONSHIP()
);
#748=(
REPRESENTATION_RELATIONSHIP(' ',' ',#8167,#8162)
REPRESENTATION_RELATIONSHIP_WITH_TRANSFORMATION(#777)
SHAPE_REPRESENTATION_RELATIONSHIP()
);
#749=(
REPRESENTATION_RELATIONSHIP(' ',' ',#8166,#8162)
REPRESENTATION_RELATIONSHIP_WITH_TRANSFORMATION(#778)
SHAPE_REPRESENTATION_RELATIONSHIP()
);
#750=(
REPRESENTATION_RELATIONSHIP(' ',' ',#8166,#8162)
REPRESENTATION_RELATIONSHIP_WITH_TRANSFORMATION(#779)
SHAPE_REPRESENTATION_RELATIONSHIP()
);
#751=(
REPRESENTATION_RELATIONSHIP(' ',' ',#8166,#8162)
REPRESENTATION_RELATIONSHIP_WITH_TRANSFORMATION(#780)
SHAPE_REPRESENTATION_RELATIONSHIP()
);
#752=(
REPRESENTATION_RELATIONSHIP(' ',' ',#8166,#8162)
REPRESENTATION_RELATIONSHIP_WITH_TRANSFORMATION(#781)
SHAPE_REPRESENTATION_RELATIONSHIP()
);
#753=(
REPRESENTATION_RELATIONSHIP(' ',' ',#8168,#8162)
REPRESENTATION_RELATIONSHIP_WITH_TRANSFORMATION(#782)
SHAPE_REPRESENTATION_RELATIONSHIP()
);
#754=(
REPRESENTATION_RELATIONSHIP(' ',' ',#8169,#8162)
REPRESENTATION_RELATIONSHIP_WITH_TRANSFORMATION(#783)
SHAPE_REPRESENTATION_RELATIONSHIP()
);
#755=(
REPRESENTATION_RELATIONSHIP(' ',' ',#8166,#8162)
REPRESENTATION_RELATIONSHIP_WITH_TRANSFORMATION(#784)
SHAPE_REPRESENTATION_RELATIONSHIP()
);
#756=(
REPRESENTATION_RELATIONSHIP(' ',' ',#8167,#8162)
REPRESENTATION_RELATIONSHIP_WITH_TRANSFORMATION(#785)
SHAPE_REPRESENTATION_RELATIONSHIP()
);
#757=(
REPRESENTATION_RELATIONSHIP(' ',' ',#8166,#8162)
REPRESENTATION_RELATIONSHIP_WITH_TRANSFORMATION(#786)
SHAPE_REPRESENTATION_RELATIONSHIP()
);
#758=(
REPRESENTATION_RELATIONSHIP(' ',' ',#8170,#8162)
REPRESENTATION_RELATIONSHIP_WITH_TRANSFORMATION(#787)
SHAPE_REPRESENTATION_RELATIONSHIP()
);
#759=(
REPRESENTATION_RELATIONSHIP(' ',' ',#8163,#8162)
REPRESENTATION_RELATIONSHIP_WITH_TRANSFORMATION(#788)
SHAPE_REPRESENTATION_RELATIONSHIP()
);
#760=(
REPRESENTATION_RELATIONSHIP(' ',' ',#8171,#8162)
REPRESENTATION_RELATIONSHIP_WITH_TRANSFORMATION(#789)
SHAPE_REPRESENTATION_RELATIONSHIP()
);
#761=(
REPRESENTATION_RELATIONSHIP(' ',' ',#8166,#8162)
REPRESENTATION_RELATIONSHIP_WITH_TRANSFORMATION(#790)
SHAPE_REPRESENTATION_RELATIONSHIP()
);
#762=(
REPRESENTATION_RELATIONSHIP(' ',' ',#8173,#8172)
REPRESENTATION_RELATIONSHIP_WITH_TRANSFORMATION(#791)
SHAPE_REPRESENTATION_RELATIONSHIP()
);
#763=(
REPRESENTATION_RELATIONSHIP(' ',' ',#8174,#8172)
REPRESENTATION_RELATIONSHIP_WITH_TRANSFORMATION(#792)
SHAPE_REPRESENTATION_RELATIONSHIP()
);
#764=(
REPRESENTATION_RELATIONSHIP(' ',' ',#8175,#8172)
REPRESENTATION_RELATIONSHIP_WITH_TRANSFORMATION(#793)
SHAPE_REPRESENTATION_RELATIONSHIP()
);
#765=(
REPRESENTATION_RELATIONSHIP(' ',' ',#8176,#8172)
REPRESENTATION_RELATIONSHIP_WITH_TRANSFORMATION(#794)
SHAPE_REPRESENTATION_RELATIONSHIP()
);
#766=(
REPRESENTATION_RELATIONSHIP(' ',' ',#8172,#8162)
REPRESENTATION_RELATIONSHIP_WITH_TRANSFORMATION(#795)
SHAPE_REPRESENTATION_RELATIONSHIP()
);
#767=(
REPRESENTATION_RELATIONSHIP(' ',' ',#8177,#8162)
REPRESENTATION_RELATIONSHIP_WITH_TRANSFORMATION(#796)
SHAPE_REPRESENTATION_RELATIONSHIP()
);
#768=(
REPRESENTATION_RELATIONSHIP(' ',' ',#8178,#8162)
REPRESENTATION_RELATIONSHIP_WITH_TRANSFORMATION(#797)
SHAPE_REPRESENTATION_RELATIONSHIP()
);
#769=(
REPRESENTATION_RELATIONSHIP(' ',' ',#8179,#8162)
REPRESENTATION_RELATIONSHIP_WITH_TRANSFORMATION(#798)
SHAPE_REPRESENTATION_RELATIONSHIP()
);
#770=(
REPRESENTATION_RELATIONSHIP(' ',' ',#8169,#8162)
REPRESENTATION_RELATIONSHIP_WITH_TRANSFORMATION(#799)
SHAPE_REPRESENTATION_RELATIONSHIP()
);
#771=(
REPRESENTATION_RELATIONSHIP(' ',' ',#8180,#8162)
REPRESENTATION_RELATIONSHIP_WITH_TRANSFORMATION(#800)
SHAPE_REPRESENTATION_RELATIONSHIP()
);
#772=(
REPRESENTATION_RELATIONSHIP(' ',' ',#8164,#8162)
REPRESENTATION_RELATIONSHIP_WITH_TRANSFORMATION(#801)
SHAPE_REPRESENTATION_RELATIONSHIP()
);
#773=ITEM_DEFINED_TRANSFORMATION(' ',' ',#8181,#8195);
#774=ITEM_DEFINED_TRANSFORMATION(' ',' ',#8181,#8251);
#775=ITEM_DEFINED_TRANSFORMATION(' ',' ',#8181,#8260);
#776=ITEM_DEFINED_TRANSFORMATION(' ',' ',#8181,#8266);
#777=ITEM_DEFINED_TRANSFORMATION(' ',' ',#8181,#8275);
#778=ITEM_DEFINED_TRANSFORMATION(' ',' ',#8181,#8276);
#779=ITEM_DEFINED_TRANSFORMATION(' ',' ',#8181,#8277);
#780=ITEM_DEFINED_TRANSFORMATION(' ',' ',#8181,#8278);
#781=ITEM_DEFINED_TRANSFORMATION(' ',' ',#8181,#8279);
#782=ITEM_DEFINED_TRANSFORMATION(' ',' ',#8181,#8291);
#783=ITEM_DEFINED_TRANSFORMATION(' ',' ',#8181,#8305);
#784=ITEM_DEFINED_TRANSFORMATION(' ',' ',#8181,#8306);
#785=ITEM_DEFINED_TRANSFORMATION(' ',' ',#8181,#8307);
#786=ITEM_DEFINED_TRANSFORMATION(' ',' ',#8181,#8308);
#787=ITEM_DEFINED_TRANSFORMATION(' ',' ',#8181,#8340);
#788=ITEM_DEFINED_TRANSFORMATION(' ',' ',#8181,#8341);
#789=ITEM_DEFINED_TRANSFORMATION(' ',' ',#8181,#8374);
#790=ITEM_DEFINED_TRANSFORMATION(' ',' ',#8181,#8375);
#791=ITEM_DEFINED_TRANSFORMATION(' ',' ',#8181,#8384);
#792=ITEM_DEFINED_TRANSFORMATION(' ',' ',#8181,#8404);
#793=ITEM_DEFINED_TRANSFORMATION(' ',' ',#8181,#8421);
#794=ITEM_DEFINED_TRANSFORMATION(' ',' ',#8181,#8444);
#795=ITEM_DEFINED_TRANSFORMATION(' ',' ',#8181,#8445);
#796=ITEM_DEFINED_TRANSFORMATION(' ',' ',#8181,#8642);
#797=ITEM_DEFINED_TRANSFORMATION(' ',' ',#8181,#8722);
#798=ITEM_DEFINED_TRANSFORMATION(' ',' ',#8181,#8731);
#799=ITEM_DEFINED_TRANSFORMATION(' ',' ',#8181,#8732);
#800=ITEM_DEFINED_TRANSFORMATION(' ',' ',#8181,#8741);
#801=ITEM_DEFINED_TRANSFORMATION(' ',' ',#8181,#8742);
#802=SHAPE_REPRESENTATION_RELATIONSHIP('','',#8163,#819);
#803=SHAPE_REPRESENTATION_RELATIONSHIP('','',#8164,#820);
#804=SHAPE_REPRESENTATION_RELATIONSHIP('','',#8165,#821);
#805=SHAPE_REPRESENTATION_RELATIONSHIP('','',#8166,#822);
#806=SHAPE_REPRESENTATION_RELATIONSHIP('','',#8167,#823);
#807=SHAPE_REPRESENTATION_RELATIONSHIP('','',#8168,#824);
#808=SHAPE_REPRESENTATION_RELATIONSHIP('','',#8169,#825);
#809=SHAPE_REPRESENTATION_RELATIONSHIP('','',#8170,#826);
#810=SHAPE_REPRESENTATION_RELATIONSHIP('','',#8171,#827);
#811=SHAPE_REPRESENTATION_RELATIONSHIP('','',#8173,#828);
#812=SHAPE_REPRESENTATION_RELATIONSHIP('','',#8174,#829);
#813=SHAPE_REPRESENTATION_RELATIONSHIP('','',#8175,#830);
#814=SHAPE_REPRESENTATION_RELATIONSHIP('','',#8176,#831);
#815=SHAPE_REPRESENTATION_RELATIONSHIP('','',#8177,#832);
#816=SHAPE_REPRESENTATION_RELATIONSHIP('','',#8178,#833);
#817=SHAPE_REPRESENTATION_RELATIONSHIP('','',#8179,#834);
#818=SHAPE_REPRESENTATION_RELATIONSHIP('','',#8180,#835);
#819=ADVANCED_BREP_SHAPE_REPRESENTATION('',(#8126),#14677);
#820=ADVANCED_BREP_SHAPE_REPRESENTATION('',(#8127),#14678);
#821=ADVANCED_BREP_SHAPE_REPRESENTATION('',(#8128),#14679);
#822=ADVANCED_BREP_SHAPE_REPRESENTATION('',(#8129),#14680);
#823=ADVANCED_BREP_SHAPE_REPRESENTATION('',(#8130),#14681);
#824=ADVANCED_BREP_SHAPE_REPRESENTATION('',(#8131),#14682);
#825=ADVANCED_BREP_SHAPE_REPRESENTATION('',(#8132),#14683);
#826=ADVANCED_BREP_SHAPE_REPRESENTATION('',(#8133),#14684);
#827=ADVANCED_BREP_SHAPE_REPRESENTATION('',(#8134),#14685);
#828=ADVANCED_BREP_SHAPE_REPRESENTATION('',(#8135),#14687);
#829=ADVANCED_BREP_SHAPE_REPRESENTATION('',(#8136),#14688);
#830=ADVANCED_BREP_SHAPE_REPRESENTATION('',(#8137),#14689);
#831=ADVANCED_BREP_SHAPE_REPRESENTATION('',(#8138),#14690);
#832=ADVANCED_BREP_SHAPE_REPRESENTATION('',(#8139),#14691);
#833=ADVANCED_BREP_SHAPE_REPRESENTATION('',(#8140),#14692);
#834=ADVANCED_BREP_SHAPE_REPRESENTATION('',(#8141),#14693);
#835=ADVANCED_BREP_SHAPE_REPRESENTATION('',(#8142),#14694);
#836=CIRCLE('',#8184,0.001905);
#837=CIRCLE('',#8185,0.001905);
#838=CIRCLE('',#8188,0.0123952);
#839=CIRCLE('',#8189,0.0123952);
#840=CIRCLE('',#8191,0.0202565);
#841=CIRCLE('',#8192,0.0202565);
#842=CIRCLE('',#8197,0.000402068366886342);
#843=CIRCLE('',#8198,0.000957875664930891);
#844=CIRCLE('',#8199,0.000402068366886342);
#845=CIRCLE('',#8200,0.000204903294474922);
#846=CIRCLE('',#8201,0.000352298330198982);
#847=CIRCLE('',#8202,0.000147870439093176);
#848=CIRCLE('',#8203,0.000402068366886342);
#849=CIRCLE('',#8204,0.000957875664930891);
#850=CIRCLE('',#8205,0.000402068366886342);
#851=CIRCLE('',#8206,0.000204903294474922);
#852=CIRCLE('',#8207,0.000352298330198982);
#853=CIRCLE('',#8208,0.000147870439093176);
#854=CIRCLE('',#8212,0.000402068366886342);
#855=CIRCLE('',#8213,0.000957875664930891);
#856=CIRCLE('',#8214,0.000402068366886342);
#857=CIRCLE('',#8215,0.000204903294474922);
#858=CIRCLE('',#8216,0.000352298330198982);
#859=CIRCLE('',#8217,0.000147870439093176);
#860=CIRCLE('',#8218,0.000402068366886342);
#861=CIRCLE('',#8219,0.000957875664930892);
#862=CIRCLE('',#8220,0.000402068366886342);
#863=CIRCLE('',#8221,0.000204903294474922);
#864=CIRCLE('',#8222,0.000352298330198982);
#865=CIRCLE('',#8223,0.000147870439093176);
#866=CIRCLE('',#8231,0.00160948979776937);
#867=CIRCLE('',#8232,0.000908431465480779);
#868=CIRCLE('',#8234,0.00185213472248808);
#869=CIRCLE('',#8253,0.0126538218919048);
#870=CIRCLE('',#8254,0.0123952);
#871=CIRCLE('',#8256,0.0205312781080952);
#872=CIRCLE('',#8258,0.0207899);
#873=CIRCLE('',#8262,0.00079375);
#874=CIRCLE('',#8264,0.00079375);
#875=CIRCLE('',#8268,0.0123952);
#876=CIRCLE('',#8269,0.0123952);
#877=CIRCLE('',#8271,0.0202565);
#878=CIRCLE('',#8272,0.0202565);
#879=CIRCLE('',#8281,0.000812460669258219);
#880=CIRCLE('',#8282,0.0113157);
#881=CIRCLE('',#8284,0.0123952);
#882=CIRCLE('',#8286,0.0018669);
#883=CIRCLE('',#8288,0.000825500000000028);
#884=CIRCLE('',#8310,0.0123952);
#885=CIRCLE('',#8311,0.0123952);
#886=CIRCLE('',#8312,0.0123952);
#887=CIRCLE('',#8313,0.0123952);
#888=CIRCLE('',#8314,0.0123952);
#889=CIRCLE('',#8315,0.0123952);
#890=CIRCLE('',#8316,0.0123952);
#891=CIRCLE('',#8317,0.0123952);
#892=CIRCLE('',#8318,0.0123952);
#893=CIRCLE('',#8320,0.0123952);
#894=CIRCLE('',#8321,0.0123952);
#895=CIRCLE('',#8322,0.0123952);
#896=CIRCLE('',#8323,0.0123952);
#897=CIRCLE('',#8324,0.0123952);
#898=CIRCLE('',#8325,0.0123952);
#899=CIRCLE('',#8326,0.0123952);
#900=CIRCLE('',#8327,0.0123952);
#901=CIRCLE('',#8328,0.0123952);
#902=CIRCLE('',#8329,0.0123952);
#903=CIRCLE('',#8330,0.0123952);
#904=CIRCLE('',#8333,0.0123952);
#905=CIRCLE('',#8335,0.012065);
#906=CIRCLE('',#8338,0.012065);
#907=CIRCLE('',#8348,0.0207899);
#908=CIRCLE('',#8349,0.0126538218919048);
#909=CIRCLE('',#8369,0.0123952);
#910=CIRCLE('',#8371,0.0205312781080952);
#911=CIRCLE('',#8377,0.0094107);
#912=CIRCLE('',#8378,0.01189355);
#913=CIRCLE('',#8380,0.01189355);
#914=CIRCLE('',#8382,0.0094107);
#915=CIRCLE('',#8386,0.0016002);
#916=CIRCLE('',#8388,0.0016002);
#917=CIRCLE('',#8390,0.0024384);
#918=CIRCLE('',#8392,0.00635);
#919=CIRCLE('',#8394,0.00635);
#920=CIRCLE('',#8396,0.008763);
#921=CIRCLE('',#8398,0.008763);
#922=CIRCLE('',#8400,0.00635);
#923=CIRCLE('',#8402,0.00635);
#924=CIRCLE('',#8406,0.0093472);
#925=CIRCLE('',#8407,0.0093472);
#926=CIRCLE('',#8408,0.0093472);
#927=CIRCLE('',#8410,0.009017);
#928=CIRCLE('',#8411,0.009017);
#929=CIRCLE('',#8412,0.009017);
#930=CIRCLE('',#8417,0.0005588);
#931=CIRCLE('',#8418,0.0005588);
#932=CIRCLE('',#8423,0.0005588);
#933=CIRCLE('',#8424,0.0005588);
#934=CIRCLE('',#8427,0.0005588);
#935=CIRCLE('',#8428,0.0005588);
#936=CIRCLE('',#8433,0.00127);
#937=CIRCLE('',#8434,0.00127);
#938=CIRCLE('',#8437,0.00127);
#939=CIRCLE('',#8438,0.00127);
#940=CIRCLE('',#8447,0.0207899);
#941=CIRCLE('',#8448,0.0207899);
#942=CIRCLE('',#8449,0.0207899);
#943=CIRCLE('',#8451,0.0207899);
#944=CIRCLE('',#8455,0.0207899);
#945=CIRCLE('',#8456,0.0207899);
#946=CIRCLE('',#8457,0.0207899);
#947=CIRCLE('',#8458,0.0207899);
#948=CIRCLE('',#8460,0.0207899);
#949=CIRCLE('',#8461,0.0207899);
#950=CIRCLE('',#8462,0.0207899);
#951=CIRCLE('',#8463,0.0207899);
#952=CIRCLE('',#8464,0.0207899);
#953=CIRCLE('',#8466,0.0207899);
#954=CIRCLE('',#8467,0.0207899);
#955=CIRCLE('',#8468,0.0207899);
#956=CIRCLE('',#8469,0.0207899);
#957=CIRCLE('',#8470,0.0207899);
#958=CIRCLE('',#8472,0.0207899);
#959=CIRCLE('',#8473,0.0207899);
#960=CIRCLE('',#8474,0.0207899);
#961=CIRCLE('',#8475,0.0207899);
#962=CIRCLE('',#8477,0.0207899);
#963=CIRCLE('',#8478,0.0207899);
#964=CIRCLE('',#8479,0.0207899);
#965=CIRCLE('',#8480,0.0207899);
#966=CIRCLE('',#8481,0.0207899);
#967=CIRCLE('',#8485,0.0207899);
#968=CIRCLE('',#8486,0.0207899);
#969=CIRCLE('',#8487,0.0207899);
#970=CIRCLE('',#8488,0.0207899);
#971=CIRCLE('',#8490,0.0207899);
#972=CIRCLE('',#8491,0.0207899);
#973=CIRCLE('',#8492,0.0207899);
#974=CIRCLE('',#8494,0.0207899);
#975=CIRCLE('',#8495,0.0207899);
#976=CIRCLE('',#8496,0.0207899);
#977=CIRCLE('',#8498,0.0207899);
#978=CIRCLE('',#8502,0.0207899);
#979=CIRCLE('',#8503,0.0207899);
#980=CIRCLE('',#8504,0.0207899);
#981=CIRCLE('',#8505,0.0207899);
#982=CIRCLE('',#8507,0.0207899);
#983=CIRCLE('',#8508,0.0207899);
#984=CIRCLE('',#8509,0.0207899);
#985=CIRCLE('',#8510,0.0207899);
#986=CIRCLE('',#8511,0.0207899);
#987=CIRCLE('',#8513,0.0207899);
#988=CIRCLE('',#8514,0.0207899);
#989=CIRCLE('',#8515,0.0207899);
#990=CIRCLE('',#8516,0.0207899);
#991=CIRCLE('',#8517,0.0207899);
#992=CIRCLE('',#8519,0.0207899);
#993=CIRCLE('',#8520,0.0207899);
#994=CIRCLE('',#8521,0.0207899);
#995=CIRCLE('',#8522,0.0207899);
#996=CIRCLE('',#8524,0.0207899);
#997=CIRCLE('',#8525,0.0207899);
#998=CIRCLE('',#8526,0.0207899);
#999=CIRCLE('',#8527,0.0207899);
#1000=CIRCLE('',#8528,0.0207899);
#1001=CIRCLE('',#8532,0.0207899);
#1002=CIRCLE('',#8533,0.0207899);
#1003=CIRCLE('',#8534,0.0207899);
#1004=CIRCLE('',#8535,0.0207899);
#1005=CIRCLE('',#8537,0.0207899);
#1006=CIRCLE('',#8538,0.0207899);
#1007=CIRCLE('',#8539,0.0207899);
#1008=CIRCLE('',#8541,0.0207899);
#1009=CIRCLE('',#8542,0.0207899);
#1010=CIRCLE('',#8543,0.0207899);
#1011=CIRCLE('',#8545,0.0207899);
#1012=CIRCLE('',#8549,0.0207899);
#1013=CIRCLE('',#8550,0.0207899);
#1014=CIRCLE('',#8551,0.0207899);
#1015=CIRCLE('',#8552,0.0207899);
#1016=CIRCLE('',#8554,0.0207899);
#1017=CIRCLE('',#8555,0.0207899);
#1018=CIRCLE('',#8556,0.0207899);
#1019=CIRCLE('',#8557,0.0207899);
#1020=CIRCLE('',#8558,0.0207899);
#1021=CIRCLE('',#8560,0.0207899);
#1022=CIRCLE('',#8561,0.0207899);
#1023=CIRCLE('',#8562,0.0207899);
#1024=CIRCLE('',#8563,0.0207899);
#1025=CIRCLE('',#8564,0.0207899);
#1026=CIRCLE('',#8566,0.0207899);
#1027=CIRCLE('',#8567,0.0207899);
#1028=CIRCLE('',#8568,0.0207899);
#1029=CIRCLE('',#8569,0.0207899);
#1030=CIRCLE('',#8571,0.0207899);
#1031=CIRCLE('',#8572,0.0207899);
#1032=CIRCLE('',#8573,0.0207899);
#1033=CIRCLE('',#8574,0.0207899);
#1034=CIRCLE('',#8575,0.0207899);
#1035=CIRCLE('',#8579,0.0207899);
#1036=CIRCLE('',#8580,0.0207899);
#1037=CIRCLE('',#8581,0.0207899);
#1038=CIRCLE('',#8582,0.0207899);
#1039=CIRCLE('',#8584,0.0207899);
#1040=CIRCLE('',#8585,0.0207899);
#1041=CIRCLE('',#8586,0.0207899);
#1042=CIRCLE('',#8588,0.0207899);
#1043=CIRCLE('',#8589,0.0207899);
#1044=CIRCLE('',#8590,0.0207899);
#1045=CIRCLE('',#8592,0.0207899);
#1046=CIRCLE('',#8595,0.0207899);
#1047=CIRCLE('',#8596,0.0207899);
#1048=CIRCLE('',#8597,0.0207899);
#1049=CIRCLE('',#8598,0.0207899);
#1050=CIRCLE('',#8601,0.0207899);
#1051=CIRCLE('',#8602,0.0207899);
#1052=CIRCLE('',#8603,0.0207899);
#1053=CIRCLE('',#8604,0.0207899);
#1054=CIRCLE('',#8605,0.0207899);
#1055=CIRCLE('',#8607,0.0207899);
#1056=CIRCLE('',#8608,0.0207899);
#1057=CIRCLE('',#8609,0.0207899);
#1058=CIRCLE('',#8610,0.0207899);
#1059=CIRCLE('',#8612,0.0207899);
#1060=CIRCLE('',#8613,0.0207899);
#1061=CIRCLE('',#8614,0.0207899);
#1062=CIRCLE('',#8615,0.0207899);
#1063=CIRCLE('',#8616,0.0207899);
#1064=CIRCLE('',#8618,0.0207899);
#1065=CIRCLE('',#8619,0.0207899);
#1066=CIRCLE('',#8620,0.0207899);
#1067=CIRCLE('',#8621,0.0207899);
#1068=CIRCLE('',#8623,0.0207899);
#1069=CIRCLE('',#8624,0.0207899);
#1070=CIRCLE('',#8625,0.0207899);
#1071=CIRCLE('',#8627,0.0207899);
#1072=CIRCLE('',#8628,0.0207899);
#1073=CIRCLE('',#8629,0.0207899);
#1074=CIRCLE('',#8630,0.0207899);
#1075=CIRCLE('',#8631,0.0207899);
#1076=CIRCLE('',#8635,0.0202565);
#1077=CIRCLE('',#8636,0.0207899);
#1078=CIRCLE('',#8638,0.0207899);
#1079=CIRCLE('',#8640,0.0202565);
#1080=CIRCLE('',#8644,0.0119888);
#1081=CIRCLE('',#8645,0.0116411933658919);
#1082=CIRCLE('',#8647,0.0116411933658919);
#1083=CIRCLE('',#8648,0.0119888);
#1084=CIRCLE('',#8650,0.0112602808995346);
#1085=CIRCLE('',#8652,0.0112602808995346);
#1086=CIRCLE('',#8654,0.0116411933658919);
#1087=CIRCLE('',#8655,0.0112602808995346);
#1088=CIRCLE('',#8657,0.0116411933658919);
#1089=CIRCLE('',#8658,0.0119888);
#1090=CIRCLE('',#8660,0.0112602808995346);
#1091=CIRCLE('',#8662,0.0119888);
#1092=CIRCLE('',#8664,0.0105791);
#1093=CIRCLE('',#8665,0.0098552);
#1094=CIRCLE('',#8667,0.0105791);
#1095=CIRCLE('',#8668,0.0098552);
#1096=CIRCLE('',#8670,0.0098552);
#1097=CIRCLE('',#8671,0.0105791);
#1098=CIRCLE('',#8673,0.00353149942543765);
#1099=CIRCLE('',#8674,0.00394805942543765);
#1100=CIRCLE('',#8676,0.00394805942543765);
#1101=CIRCLE('',#8677,0.00353149942543765);
#1102=CIRCLE('',#8680,0.0042037);
#1103=CIRCLE('',#8681,0.0042037);
#1104=CIRCLE('',#8683,0.004699);
#1105=CIRCLE('',#8685,0.004699);
#1106=CIRCLE('',#8687,0.000220519100465419);
#1107=CIRCLE('',#8688,0.000220519100465419);
#1108=CIRCLE('',#8689,0.000220519100465419);
#1109=CIRCLE('',#8690,0.000220519100465419);
#1110=CIRCLE('',#8692,0.0113157);
#1111=CIRCLE('',#8694,0.011176);
#1112=CIRCLE('',#8696,0.00152399999999954);
#1113=CIRCLE('',#8697,0.00152399999999954);
#1114=CIRCLE('',#8698,0.00152399999999954);
#1115=CIRCLE('',#8700,0.00229368534357158);
#1116=CIRCLE('',#8701,0.00229368534357158);
#1117=CIRCLE('',#8702,0.00229368534357158);
#1118=CIRCLE('',#8711,0.000728519100465419);
#1119=CIRCLE('',#8713,0.000728519100465419);
#1120=CIRCLE('',#8715,0.000728519100465419);
#1121=CIRCLE('',#8717,0.000728519100465419);
#1122=CIRCLE('',#8724,0.0018796);
#1123=CIRCLE('',#8725,0.0021717);
#1124=CIRCLE('',#8727,0.0021717);
#1125=CIRCLE('',#8729,0.0018796);
#1126=CIRCLE('',#8734,0.0123952);
#1127=CIRCLE('',#8735,0.0124968);
#1128=CIRCLE('',#8737,0.0124968);
#1129=CIRCLE('',#8739,0.0123952);
#1130=CYLINDRICAL_SURFACE('',#8183,0.001905);
#1131=CYLINDRICAL_SURFACE('',#8187,0.0123952);
#1132=CYLINDRICAL_SURFACE('',#8190,0.0202565);
#1133=CYLINDRICAL_SURFACE('',#8249,0.006746875);
#1134=CYLINDRICAL_SURFACE('',#8250,0.006746875);
#1135=CYLINDRICAL_SURFACE('',#8263,0.00079375);
#1136=CYLINDRICAL_SURFACE('',#8267,0.0123952);
#1137=CYLINDRICAL_SURFACE('',#8270,0.0202565);
#1138=CYLINDRICAL_SURFACE('',#8303,0.006746875);
#1139=CYLINDRICAL_SURFACE('',#8304,0.006746875);
#1140=CYLINDRICAL_SURFACE('',#8309,0.0123952);
#1141=CYLINDRICAL_SURFACE('',#8319,0.0123952);
#1142=CYLINDRICAL_SURFACE('',#8331,0.0123952);
#1143=CYLINDRICAL_SURFACE('',#8332,0.0123952);
#1144=CYLINDRICAL_SURFACE('',#8336,0.0123952);
#1145=CYLINDRICAL_SURFACE('',#8339,0.012065);
#1146=CYLINDRICAL_SURFACE('',#8379,0.01189355);
#1147=CYLINDRICAL_SURFACE('',#8383,0.0094107);
#1148=CYLINDRICAL_SURFACE('',#8387,0.0016002);
#1149=CYLINDRICAL_SURFACE('',#8393,0.00635);
#1150=CYLINDRICAL_SURFACE('',#8397,0.008763);
#1151=CYLINDRICAL_SURFACE('',#8401,0.00635);
#1152=CYLINDRICAL_SURFACE('',#8405,0.0093472);
#1153=CYLINDRICAL_SURFACE('',#8409,0.009017);
#1154=CYLINDRICAL_SURFACE('',#8416,0.0005588);
#1155=CYLINDRICAL_SURFACE('',#8422,0.0005588);
#1156=CYLINDRICAL_SURFACE('',#8426,0.0005588);
#1157=CYLINDRICAL_SURFACE('',#8432,0.00127);
#1158=CYLINDRICAL_SURFACE('',#8436,0.00127);
#1159=CYLINDRICAL_SURFACE('',#8446,0.0207899);
#1160=CYLINDRICAL_SURFACE('',#8450,0.0207899);
#1161=CYLINDRICAL_SURFACE('',#8452,0.0207899);
#1162=CYLINDRICAL_SURFACE('',#8453,0.0207899);
#1163=CYLINDRICAL_SURFACE('',#8454,0.0207899);
#1164=CYLINDRICAL_SURFACE('',#8459,0.0207899);
#1165=CYLINDRICAL_SURFACE('',#8465,0.0207899);
#1166=CYLINDRICAL_SURFACE('',#8471,0.0207899);
#1167=CYLINDRICAL_SURFACE('',#8476,0.0207899);
#1168=CYLINDRICAL_SURFACE('',#8482,0.0207899);
#1169=CYLINDRICAL_SURFACE('',#8483,0.0207899);
#1170=CYLINDRICAL_SURFACE('',#8484,0.0207899);
#1171=CYLINDRICAL_SURFACE('',#8489,0.0207899);
#1172=CYLINDRICAL_SURFACE('',#8493,0.0207899);
#1173=CYLINDRICAL_SURFACE('',#8497,0.0207899);
#1174=CYLINDRICAL_SURFACE('',#8499,0.0207899);
#1175=CYLINDRICAL_SURFACE('',#8500,0.0207899);
#1176=CYLINDRICAL_SURFACE('',#8501,0.0207899);
#1177=CYLINDRICAL_SURFACE('',#8506,0.0207899);
#1178=CYLINDRICAL_SURFACE('',#8512,0.0207899);
#1179=CYLINDRICAL_SURFACE('',#8518,0.0207899);
#1180=CYLINDRICAL_SURFACE('',#8523,0.0207899);
#1181=CYLINDRICAL_SURFACE('',#8529,0.0207899);
#1182=CYLINDRICAL_SURFACE('',#8530,0.0207899);
#1183=CYLINDRICAL_SURFACE('',#8531,0.0207899);
#1184=CYLINDRICAL_SURFACE('',#8536,0.0207899);
#1185=CYLINDRICAL_SURFACE('',#8540,0.0207899);
#1186=CYLINDRICAL_SURFACE('',#8544,0.0207899);
#1187=CYLINDRICAL_SURFACE('',#8546,0.0207899);
#1188=CYLINDRICAL_SURFACE('',#8547,0.0207899);
#1189=CYLINDRICAL_SURFACE('',#8548,0.0207899);
#1190=CYLINDRICAL_SURFACE('',#8553,0.0207899);
#1191=CYLINDRICAL_SURFACE('',#8559,0.0207899);
#1192=CYLINDRICAL_SURFACE('',#8565,0.0207899);
#1193=CYLINDRICAL_SURFACE('',#8570,0.0207899);
#1194=CYLINDRICAL_SURFACE('',#8576,0.0207899);
#1195=CYLINDRICAL_SURFACE('',#8577,0.0207899);
#1196=CYLINDRICAL_SURFACE('',#8578,0.0207899);
#1197=CYLINDRICAL_SURFACE('',#8583,0.0207899);
#1198=CYLINDRICAL_SURFACE('',#8587,0.0207899);
#1199=CYLINDRICAL_SURFACE('',#8591,0.0207899);
#1200=CYLINDRICAL_SURFACE('',#8593,0.0207899);
#1201=CYLINDRICAL_SURFACE('',#8594,0.0207899);
#1202=CYLINDRICAL_SURFACE('',#8599,0.0207899);
#1203=CYLINDRICAL_SURFACE('',#8600,0.0207899);
#1204=CYLINDRICAL_SURFACE('',#8606,0.0207899);
#1205=CYLINDRICAL_SURFACE('',#8611,0.0207899);
#1206=CYLINDRICAL_SURFACE('',#8617,0.0207899);
#1207=CYLINDRICAL_SURFACE('',#8622,0.0207899);
#1208=CYLINDRICAL_SURFACE('',#8626,0.0207899);
#1209=CYLINDRICAL_SURFACE('',#8632,0.0207899);
#1210=CYLINDRICAL_SURFACE('',#8633,0.0207899);
#1211=CYLINDRICAL_SURFACE('',#8637,0.0207899);
#1212=CYLINDRICAL_SURFACE('',#8641,0.0202565);
#1213=CYLINDRICAL_SURFACE('',#8710,0.000728519100465419);
#1214=CYLINDRICAL_SURFACE('',#8712,0.000728519100465419);
#1215=CYLINDRICAL_SURFACE('',#8714,0.000728519100465419);
#1216=CYLINDRICAL_SURFACE('',#8716,0.000728519100465419);
#1217=CYLINDRICAL_SURFACE('',#8726,0.0021717);
#1218=CYLINDRICAL_SURFACE('',#8730,0.0018796);
#1219=CYLINDRICAL_SURFACE('',#8736,0.0124968);
#1220=CYLINDRICAL_SURFACE('',#8740,0.0123952);
#1221=ORIENTED_EDGE('',*,*,#3487,.F.);
#1222=ORIENTED_EDGE('',*,*,#3488,.F.);
#1223=ORIENTED_EDGE('',*,*,#3489,.T.);
#1224=ORIENTED_EDGE('',*,*,#3490,.T.);
#1225=ORIENTED_EDGE('',*,*,#3491,.F.);
#1226=ORIENTED_EDGE('',*,*,#3492,.F.);
#1227=ORIENTED_EDGE('',*,*,#3493,.T.);
#1228=ORIENTED_EDGE('',*,*,#3488,.T.);
#1229=ORIENTED_EDGE('',*,*,#3494,.T.);
#1230=ORIENTED_EDGE('',*,*,#3495,.F.);
#1231=ORIENTED_EDGE('',*,*,#3496,.F.);
#1232=ORIENTED_EDGE('',*,*,#3492,.T.);
#1233=ORIENTED_EDGE('',*,*,#3497,.F.);
#1234=ORIENTED_EDGE('',*,*,#3490,.F.);
#1235=ORIENTED_EDGE('',*,*,#3498,.T.);
#1236=ORIENTED_EDGE('',*,*,#3495,.T.);
#1237=ORIENTED_EDGE('',*,*,#3499,.F.);
#1238=ORIENTED_EDGE('',*,*,#3500,.T.);
#1239=ORIENTED_EDGE('',*,*,#3489,.F.);
#1240=ORIENTED_EDGE('',*,*,#3493,.F.);
#1241=ORIENTED_EDGE('',*,*,#3496,.T.);
#1242=ORIENTED_EDGE('',*,*,#3498,.F.);
#1243=ORIENTED_EDGE('',*,*,#3499,.T.);
#1244=ORIENTED_EDGE('',*,*,#3487,.T.);
#1245=ORIENTED_EDGE('',*,*,#3497,.T.);
#1246=ORIENTED_EDGE('',*,*,#3494,.F.);
#1247=ORIENTED_EDGE('',*,*,#3491,.T.);
#1248=ORIENTED_EDGE('',*,*,#3500,.F.);
#1249=ORIENTED_EDGE('',*,*,#3501,.T.);
#1250=ORIENTED_EDGE('',*,*,#3502,.T.);
#1251=ORIENTED_EDGE('',*,*,#3503,.T.);
#1252=ORIENTED_EDGE('',*,*,#3504,.T.);
#1253=ORIENTED_EDGE('',*,*,#3505,.T.);
#1254=ORIENTED_EDGE('',*,*,#3506,.T.);
#1255=ORIENTED_EDGE('',*,*,#3507,.T.);
#1256=ORIENTED_EDGE('',*,*,#3508,.F.);
#1257=ORIENTED_EDGE('',*,*,#3509,.F.);
#1258=ORIENTED_EDGE('',*,*,#3510,.F.);
#1259=ORIENTED_EDGE('',*,*,#3511,.F.);
#1260=ORIENTED_EDGE('',*,*,#3512,.F.);
#1261=ORIENTED_EDGE('',*,*,#3513,.F.);
#1262=ORIENTED_EDGE('',*,*,#3514,.F.);
#1263=ORIENTED_EDGE('',*,*,#3515,.F.);
#1264=ORIENTED_EDGE('',*,*,#3516,.T.);
#1265=ORIENTED_EDGE('',*,*,#3517,.T.);
#1266=ORIENTED_EDGE('',*,*,#3518,.T.);
#1267=ORIENTED_EDGE('',*,*,#3519,.T.);
#1268=ORIENTED_EDGE('',*,*,#3520,.T.);
#1269=ORIENTED_EDGE('',*,*,#3521,.T.);
#1270=ORIENTED_EDGE('',*,*,#3522,.T.);
#1271=ORIENTED_EDGE('',*,*,#3523,.F.);
#1272=ORIENTED_EDGE('',*,*,#3524,.T.);
#1273=ORIENTED_EDGE('',*,*,#3525,.F.);
#1274=ORIENTED_EDGE('',*,*,#3526,.T.);
#1275=ORIENTED_EDGE('',*,*,#3527,.F.);
#1276=ORIENTED_EDGE('',*,*,#3528,.T.);
#1277=ORIENTED_EDGE('',*,*,#3529,.T.);
#1278=ORIENTED_EDGE('',*,*,#3530,.T.);
#1279=ORIENTED_EDGE('',*,*,#3531,.T.);
#1280=ORIENTED_EDGE('',*,*,#3532,.F.);
#1281=ORIENTED_EDGE('',*,*,#3533,.F.);
#1282=ORIENTED_EDGE('',*,*,#3534,.T.);
#1283=ORIENTED_EDGE('',*,*,#3535,.T.);
#1284=ORIENTED_EDGE('',*,*,#3536,.F.);
#1285=ORIENTED_EDGE('',*,*,#3537,.F.);
#1286=ORIENTED_EDGE('',*,*,#3538,.T.);
#1287=ORIENTED_EDGE('',*,*,#3539,.T.);
#1288=ORIENTED_EDGE('',*,*,#3540,.T.);
#1289=ORIENTED_EDGE('',*,*,#3541,.T.);
#1290=ORIENTED_EDGE('',*,*,#3542,.T.);
#1291=ORIENTED_EDGE('',*,*,#3543,.T.);
#1292=ORIENTED_EDGE('',*,*,#3544,.F.);
#1293=ORIENTED_EDGE('',*,*,#3545,.T.);
#1294=ORIENTED_EDGE('',*,*,#3546,.T.);
#1295=ORIENTED_EDGE('',*,*,#3547,.F.);
#1296=ORIENTED_EDGE('',*,*,#3548,.F.);
#1297=ORIENTED_EDGE('',*,*,#3549,.F.);
#1298=ORIENTED_EDGE('',*,*,#3550,.T.);
#1299=ORIENTED_EDGE('',*,*,#3551,.T.);
#1300=ORIENTED_EDGE('',*,*,#3552,.T.);
#1301=ORIENTED_EDGE('',*,*,#3553,.F.);
#1302=ORIENTED_EDGE('',*,*,#3554,.T.);
#1303=ORIENTED_EDGE('',*,*,#3555,.T.);
#1304=ORIENTED_EDGE('',*,*,#3556,.F.);
#1305=ORIENTED_EDGE('',*,*,#3557,.F.);
#1306=ORIENTED_EDGE('',*,*,#3558,.F.);
#1307=ORIENTED_EDGE('',*,*,#3559,.F.);
#1308=ORIENTED_EDGE('',*,*,#3560,.F.);
#1309=ORIENTED_EDGE('',*,*,#3561,.F.);
#1310=ORIENTED_EDGE('',*,*,#3562,.F.);
#1311=ORIENTED_EDGE('',*,*,#3563,.F.);
#1312=ORIENTED_EDGE('',*,*,#3564,.T.);
#1313=ORIENTED_EDGE('',*,*,#3565,.T.);
#1314=ORIENTED_EDGE('',*,*,#3566,.T.);
#1315=ORIENTED_EDGE('',*,*,#3567,.F.);
#1316=ORIENTED_EDGE('',*,*,#3568,.T.);
#1317=ORIENTED_EDGE('',*,*,#3569,.F.);
#1318=ORIENTED_EDGE('',*,*,#3570,.F.);
#1319=ORIENTED_EDGE('',*,*,#3571,.T.);
#1320=ORIENTED_EDGE('',*,*,#3572,.F.);
#1321=ORIENTED_EDGE('',*,*,#3573,.T.);
#1322=ORIENTED_EDGE('',*,*,#3574,.F.);
#1323=ORIENTED_EDGE('',*,*,#3575,.F.);
#1324=ORIENTED_EDGE('',*,*,#3576,.T.);
#1325=ORIENTED_EDGE('',*,*,#3577,.T.);
#1326=ORIENTED_EDGE('',*,*,#3578,.T.);
#1327=ORIENTED_EDGE('',*,*,#3579,.F.);
#1328=ORIENTED_EDGE('',*,*,#3580,.T.);
#1329=ORIENTED_EDGE('',*,*,#3581,.F.);
#1330=ORIENTED_EDGE('',*,*,#3582,.F.);
#1331=ORIENTED_EDGE('',*,*,#3583,.F.);
#1332=ORIENTED_EDGE('',*,*,#3584,.T.);
#1333=ORIENTED_EDGE('',*,*,#3585,.F.);
#1334=ORIENTED_EDGE('',*,*,#3586,.F.);
#1335=ORIENTED_EDGE('',*,*,#3587,.F.);
#1336=ORIENTED_EDGE('',*,*,#3588,.T.);
#1337=ORIENTED_EDGE('',*,*,#3502,.F.);
#1338=ORIENTED_EDGE('',*,*,#3501,.F.);
#1339=ORIENTED_EDGE('',*,*,#3528,.F.);
#1340=ORIENTED_EDGE('',*,*,#3527,.T.);
#1341=ORIENTED_EDGE('',*,*,#3526,.F.);
#1342=ORIENTED_EDGE('',*,*,#3525,.T.);
#1343=ORIENTED_EDGE('',*,*,#3524,.F.);
#1344=ORIENTED_EDGE('',*,*,#3523,.T.);
#1345=ORIENTED_EDGE('',*,*,#3522,.F.);
#1346=ORIENTED_EDGE('',*,*,#3521,.F.);
#1347=ORIENTED_EDGE('',*,*,#3520,.F.);
#1348=ORIENTED_EDGE('',*,*,#3519,.F.);
#1349=ORIENTED_EDGE('',*,*,#3518,.F.);
#1350=ORIENTED_EDGE('',*,*,#3517,.F.);
#1351=ORIENTED_EDGE('',*,*,#3516,.F.);
#1352=ORIENTED_EDGE('',*,*,#3515,.T.);
#1353=ORIENTED_EDGE('',*,*,#3514,.T.);
#1354=ORIENTED_EDGE('',*,*,#3513,.T.);
#1355=ORIENTED_EDGE('',*,*,#3512,.T.);
#1356=ORIENTED_EDGE('',*,*,#3511,.T.);
#1357=ORIENTED_EDGE('',*,*,#3510,.T.);
#1358=ORIENTED_EDGE('',*,*,#3509,.T.);
#1359=ORIENTED_EDGE('',*,*,#3508,.T.);
#1360=ORIENTED_EDGE('',*,*,#3507,.F.);
#1361=ORIENTED_EDGE('',*,*,#3506,.F.);
#1362=ORIENTED_EDGE('',*,*,#3505,.F.);
#1363=ORIENTED_EDGE('',*,*,#3504,.F.);
#1364=ORIENTED_EDGE('',*,*,#3503,.F.);
#1365=ORIENTED_EDGE('',*,*,#3530,.F.);
#1366=ORIENTED_EDGE('',*,*,#3529,.F.);
#1367=ORIENTED_EDGE('',*,*,#3540,.F.);
#1368=ORIENTED_EDGE('',*,*,#3539,.F.);
#1369=ORIENTED_EDGE('',*,*,#3538,.F.);
#1370=ORIENTED_EDGE('',*,*,#3537,.T.);
#1371=ORIENTED_EDGE('',*,*,#3536,.T.);
#1372=ORIENTED_EDGE('',*,*,#3535,.F.);
#1373=ORIENTED_EDGE('',*,*,#3534,.F.);
#1374=ORIENTED_EDGE('',*,*,#3533,.T.);
#1375=ORIENTED_EDGE('',*,*,#3532,.T.);
#1376=ORIENTED_EDGE('',*,*,#3531,.F.);
#1377=ORIENTED_EDGE('',*,*,#3542,.F.);
#1378=ORIENTED_EDGE('',*,*,#3541,.F.);
#1379=ORIENTED_EDGE('',*,*,#3548,.T.);
#1380=ORIENTED_EDGE('',*,*,#3547,.T.);
#1381=ORIENTED_EDGE('',*,*,#3546,.F.);
#1382=ORIENTED_EDGE('',*,*,#3545,.F.);
#1383=ORIENTED_EDGE('',*,*,#3544,.T.);
#1384=ORIENTED_EDGE('',*,*,#3543,.F.);
#1385=ORIENTED_EDGE('',*,*,#3550,.F.);
#1386=ORIENTED_EDGE('',*,*,#3549,.T.);
#1387=ORIENTED_EDGE('',*,*,#3576,.F.);
#1388=ORIENTED_EDGE('',*,*,#3575,.T.);
#1389=ORIENTED_EDGE('',*,*,#3574,.T.);
#1390=ORIENTED_EDGE('',*,*,#3573,.F.);
#1391=ORIENTED_EDGE('',*,*,#3572,.T.);
#1392=ORIENTED_EDGE('',*,*,#3571,.F.);
#1393=ORIENTED_EDGE('',*,*,#3570,.T.);
#1394=ORIENTED_EDGE('',*,*,#3569,.T.);
#1395=ORIENTED_EDGE('',*,*,#3568,.F.);
#1396=ORIENTED_EDGE('',*,*,#3567,.T.);
#1397=ORIENTED_EDGE('',*,*,#3566,.F.);
#1398=ORIENTED_EDGE('',*,*,#3565,.F.);
#1399=ORIENTED_EDGE('',*,*,#3564,.F.);
#1400=ORIENTED_EDGE('',*,*,#3563,.T.);
#1401=ORIENTED_EDGE('',*,*,#3562,.T.);
#1402=ORIENTED_EDGE('',*,*,#3561,.T.);
#1403=ORIENTED_EDGE('',*,*,#3560,.T.);
#1404=ORIENTED_EDGE('',*,*,#3559,.T.);
#1405=ORIENTED_EDGE('',*,*,#3558,.T.);
#1406=ORIENTED_EDGE('',*,*,#3557,.T.);
#1407=ORIENTED_EDGE('',*,*,#3556,.T.);
#1408=ORIENTED_EDGE('',*,*,#3555,.F.);
#1409=ORIENTED_EDGE('',*,*,#3554,.F.);
#1410=ORIENTED_EDGE('',*,*,#3553,.T.);
#1411=ORIENTED_EDGE('',*,*,#3552,.F.);
#1412=ORIENTED_EDGE('',*,*,#3551,.F.);
#1413=ORIENTED_EDGE('',*,*,#3578,.F.);
#1414=ORIENTED_EDGE('',*,*,#3577,.F.);
#1415=ORIENTED_EDGE('',*,*,#3588,.F.);
#1416=ORIENTED_EDGE('',*,*,#3587,.T.);
#1417=ORIENTED_EDGE('',*,*,#3586,.T.);
#1418=ORIENTED_EDGE('',*,*,#3585,.T.);
#1419=ORIENTED_EDGE('',*,*,#3584,.F.);
#1420=ORIENTED_EDGE('',*,*,#3583,.T.);
#1421=ORIENTED_EDGE('',*,*,#3582,.T.);
#1422=ORIENTED_EDGE('',*,*,#3581,.T.);
#1423=ORIENTED_EDGE('',*,*,#3580,.F.);
#1424=ORIENTED_EDGE('',*,*,#3579,.T.);
#1425=ORIENTED_EDGE('',*,*,#3589,.T.);
#1426=ORIENTED_EDGE('',*,*,#3590,.T.);
#1427=ORIENTED_EDGE('',*,*,#3590,.F.);
#1428=ORIENTED_EDGE('',*,*,#3589,.F.);
#1429=ORIENTED_EDGE('',*,*,#3591,.F.);
#1430=ORIENTED_EDGE('',*,*,#3592,.T.);
#1431=ORIENTED_EDGE('',*,*,#3593,.F.);
#1432=ORIENTED_EDGE('',*,*,#3594,.F.);
#1433=ORIENTED_EDGE('',*,*,#3595,.F.);
#1434=ORIENTED_EDGE('',*,*,#3596,.F.);
#1435=ORIENTED_EDGE('',*,*,#3597,.F.);
#1436=ORIENTED_EDGE('',*,*,#3598,.T.);
#1437=ORIENTED_EDGE('',*,*,#3599,.F.);
#1438=ORIENTED_EDGE('',*,*,#3600,.T.);
#1439=ORIENTED_EDGE('',*,*,#3601,.T.);
#1440=ORIENTED_EDGE('',*,*,#3602,.T.);
#1441=ORIENTED_EDGE('',*,*,#3603,.T.);
#1442=ORIENTED_EDGE('',*,*,#3604,.T.);
#1443=ORIENTED_EDGE('',*,*,#3605,.F.);
#1444=ORIENTED_EDGE('',*,*,#3606,.F.);
#1445=ORIENTED_EDGE('',*,*,#3607,.F.);
#1446=ORIENTED_EDGE('',*,*,#3592,.F.);
#1447=ORIENTED_EDGE('',*,*,#3591,.T.);
#1448=ORIENTED_EDGE('',*,*,#3596,.T.);
#1449=ORIENTED_EDGE('',*,*,#3595,.T.);
#1450=ORIENTED_EDGE('',*,*,#3594,.T.);
#1451=ORIENTED_EDGE('',*,*,#3593,.T.);
#1452=ORIENTED_EDGE('',*,*,#3597,.T.);
#1453=ORIENTED_EDGE('',*,*,#3600,.F.);
#1454=ORIENTED_EDGE('',*,*,#3599,.T.);
#1455=ORIENTED_EDGE('',*,*,#3607,.T.);
#1456=ORIENTED_EDGE('',*,*,#3606,.T.);
#1457=ORIENTED_EDGE('',*,*,#3605,.T.);
#1458=ORIENTED_EDGE('',*,*,#3604,.F.);
#1459=ORIENTED_EDGE('',*,*,#3603,.F.);
#1460=ORIENTED_EDGE('',*,*,#3602,.F.);
#1461=ORIENTED_EDGE('',*,*,#3601,.F.);
#1462=ORIENTED_EDGE('',*,*,#3608,.F.);
#1463=ORIENTED_EDGE('',*,*,#3609,.T.);
#1464=ORIENTED_EDGE('',*,*,#3610,.F.);
#1465=ORIENTED_EDGE('',*,*,#3611,.F.);
#1466=ORIENTED_EDGE('',*,*,#3612,.F.);
#1467=ORIENTED_EDGE('',*,*,#3613,.T.);
#1468=ORIENTED_EDGE('',*,*,#3614,.F.);
#1469=ORIENTED_EDGE('',*,*,#3615,.T.);
#1470=ORIENTED_EDGE('',*,*,#3616,.F.);
#1471=ORIENTED_EDGE('',*,*,#3617,.T.);
#1472=ORIENTED_EDGE('',*,*,#3618,.T.);
#1473=ORIENTED_EDGE('',*,*,#3619,.F.);
#1474=ORIENTED_EDGE('',*,*,#3620,.F.);
#1475=ORIENTED_EDGE('',*,*,#3621,.F.);
#1476=ORIENTED_EDGE('',*,*,#3617,.F.);
#1477=ORIENTED_EDGE('',*,*,#3622,.T.);
#1478=ORIENTED_EDGE('',*,*,#3598,.F.);
#1479=ORIENTED_EDGE('',*,*,#3623,.F.);
#1480=ORIENTED_EDGE('',*,*,#3613,.F.);
#1481=ORIENTED_EDGE('',*,*,#3624,.F.);
#1482=ORIENTED_EDGE('',*,*,#3625,.F.);
#1483=ORIENTED_EDGE('',*,*,#3626,.F.);
#1484=ORIENTED_EDGE('',*,*,#3622,.F.);
#1485=ORIENTED_EDGE('',*,*,#3616,.T.);
#1486=ORIENTED_EDGE('',*,*,#3610,.T.);
#1487=ORIENTED_EDGE('',*,*,#3627,.T.);
#1488=ORIENTED_EDGE('',*,*,#3618,.F.);
#1489=ORIENTED_EDGE('',*,*,#3621,.T.);
#1490=ORIENTED_EDGE('',*,*,#3628,.T.);
#1491=ORIENTED_EDGE('',*,*,#3629,.T.);
#1492=ORIENTED_EDGE('',*,*,#3630,.T.);
#1493=ORIENTED_EDGE('',*,*,#3620,.T.);
#1494=ORIENTED_EDGE('',*,*,#3631,.T.);
#1495=ORIENTED_EDGE('',*,*,#3632,.F.);
#1496=ORIENTED_EDGE('',*,*,#3628,.F.);
#1497=ORIENTED_EDGE('',*,*,#3629,.F.);
#1498=ORIENTED_EDGE('',*,*,#3632,.T.);
#1499=ORIENTED_EDGE('',*,*,#3633,.T.);
#1500=ORIENTED_EDGE('',*,*,#3634,.F.);
#1501=ORIENTED_EDGE('',*,*,#3634,.T.);
#1502=ORIENTED_EDGE('',*,*,#3635,.T.);
#1503=ORIENTED_EDGE('',*,*,#3611,.T.);
#1504=ORIENTED_EDGE('',*,*,#3630,.F.);
#1505=ORIENTED_EDGE('',*,*,#3619,.T.);
#1506=ORIENTED_EDGE('',*,*,#3626,.T.);
#1507=ORIENTED_EDGE('',*,*,#3636,.F.);
#1508=ORIENTED_EDGE('',*,*,#3631,.F.);
#1509=ORIENTED_EDGE('',*,*,#3633,.F.);
#1510=ORIENTED_EDGE('',*,*,#3636,.T.);
#1511=ORIENTED_EDGE('',*,*,#3625,.T.);
#1512=ORIENTED_EDGE('',*,*,#3637,.F.);
#1513=ORIENTED_EDGE('',*,*,#3637,.T.);
#1514=ORIENTED_EDGE('',*,*,#3624,.T.);
#1515=ORIENTED_EDGE('',*,*,#3612,.T.);
#1516=ORIENTED_EDGE('',*,*,#3635,.F.);
#1517=ORIENTED_EDGE('',*,*,#3638,.T.);
#1518=ORIENTED_EDGE('',*,*,#3614,.T.);
#1519=ORIENTED_EDGE('',*,*,#3627,.F.);
#1520=ORIENTED_EDGE('',*,*,#3609,.F.);
#1521=ORIENTED_EDGE('',*,*,#3608,.T.);
#1522=ORIENTED_EDGE('',*,*,#3623,.T.);
#1523=ORIENTED_EDGE('',*,*,#3615,.F.);
#1524=ORIENTED_EDGE('',*,*,#3638,.F.);
#1525=ORIENTED_EDGE('',*,*,#3639,.T.);
#1526=ORIENTED_EDGE('',*,*,#3640,.F.);
#1527=ORIENTED_EDGE('',*,*,#3641,.F.);
#1528=ORIENTED_EDGE('',*,*,#3640,.T.);
#1529=ORIENTED_EDGE('',*,*,#3642,.F.);
#1530=ORIENTED_EDGE('',*,*,#3641,.T.);
#1531=ORIENTED_EDGE('',*,*,#3642,.T.);
#1532=ORIENTED_EDGE('',*,*,#3639,.F.);
#1533=ORIENTED_EDGE('',*,*,#3643,.T.);
#1534=ORIENTED_EDGE('',*,*,#3643,.F.);
#1535=ORIENTED_EDGE('',*,*,#3644,.T.);
#1536=ORIENTED_EDGE('',*,*,#3644,.F.);
#1537=ORIENTED_EDGE('',*,*,#3645,.T.);
#1538=ORIENTED_EDGE('',*,*,#3646,.F.);
#1539=ORIENTED_EDGE('',*,*,#3647,.F.);
#1540=ORIENTED_EDGE('',*,*,#3648,.T.);
#1541=ORIENTED_EDGE('',*,*,#3645,.F.);
#1542=ORIENTED_EDGE('',*,*,#3647,.T.);
#1543=ORIENTED_EDGE('',*,*,#3646,.T.);
#1544=ORIENTED_EDGE('',*,*,#3648,.F.);
#1545=ORIENTED_EDGE('',*,*,#3649,.F.);
#1546=ORIENTED_EDGE('',*,*,#3650,.T.);
#1547=ORIENTED_EDGE('',*,*,#3651,.T.);
#1548=ORIENTED_EDGE('',*,*,#3650,.F.);
#1549=ORIENTED_EDGE('',*,*,#3652,.T.);
#1550=ORIENTED_EDGE('',*,*,#3651,.F.);
#1551=ORIENTED_EDGE('',*,*,#3653,.T.);
#1552=ORIENTED_EDGE('',*,*,#3652,.F.);
#1553=ORIENTED_EDGE('',*,*,#3653,.F.);
#1554=ORIENTED_EDGE('',*,*,#3649,.T.);
#1555=ORIENTED_EDGE('',*,*,#3654,.F.);
#1556=ORIENTED_EDGE('',*,*,#3655,.T.);
#1557=ORIENTED_EDGE('',*,*,#3656,.F.);
#1558=ORIENTED_EDGE('',*,*,#3657,.F.);
#1559=ORIENTED_EDGE('',*,*,#3658,.F.);
#1560=ORIENTED_EDGE('',*,*,#3659,.T.);
#1561=ORIENTED_EDGE('',*,*,#3660,.F.);
#1562=ORIENTED_EDGE('',*,*,#3661,.T.);
#1563=ORIENTED_EDGE('',*,*,#3662,.F.);
#1564=ORIENTED_EDGE('',*,*,#3663,.T.);
#1565=ORIENTED_EDGE('',*,*,#3664,.T.);
#1566=ORIENTED_EDGE('',*,*,#3665,.F.);
#1567=ORIENTED_EDGE('',*,*,#3666,.F.);
#1568=ORIENTED_EDGE('',*,*,#3667,.F.);
#1569=ORIENTED_EDGE('',*,*,#3663,.F.);
#1570=ORIENTED_EDGE('',*,*,#3668,.T.);
#1571=ORIENTED_EDGE('',*,*,#3669,.F.);
#1572=ORIENTED_EDGE('',*,*,#3659,.F.);
#1573=ORIENTED_EDGE('',*,*,#3670,.F.);
#1574=ORIENTED_EDGE('',*,*,#3671,.F.);
#1575=ORIENTED_EDGE('',*,*,#3672,.F.);
#1576=ORIENTED_EDGE('',*,*,#3668,.F.);
#1577=ORIENTED_EDGE('',*,*,#3662,.T.);
#1578=ORIENTED_EDGE('',*,*,#3656,.T.);
#1579=ORIENTED_EDGE('',*,*,#3673,.T.);
#1580=ORIENTED_EDGE('',*,*,#3664,.F.);
#1581=ORIENTED_EDGE('',*,*,#3667,.T.);
#1582=ORIENTED_EDGE('',*,*,#3674,.T.);
#1583=ORIENTED_EDGE('',*,*,#3675,.T.);
#1584=ORIENTED_EDGE('',*,*,#3676,.T.);
#1585=ORIENTED_EDGE('',*,*,#3666,.T.);
#1586=ORIENTED_EDGE('',*,*,#3677,.T.);
#1587=ORIENTED_EDGE('',*,*,#3678,.F.);
#1588=ORIENTED_EDGE('',*,*,#3674,.F.);
#1589=ORIENTED_EDGE('',*,*,#3675,.F.);
#1590=ORIENTED_EDGE('',*,*,#3678,.T.);
#1591=ORIENTED_EDGE('',*,*,#3679,.T.);
#1592=ORIENTED_EDGE('',*,*,#3680,.F.);
#1593=ORIENTED_EDGE('',*,*,#3680,.T.);
#1594=ORIENTED_EDGE('',*,*,#3681,.T.);
#1595=ORIENTED_EDGE('',*,*,#3657,.T.);
#1596=ORIENTED_EDGE('',*,*,#3676,.F.);
#1597=ORIENTED_EDGE('',*,*,#3665,.T.);
#1598=ORIENTED_EDGE('',*,*,#3672,.T.);
#1599=ORIENTED_EDGE('',*,*,#3682,.F.);
#1600=ORIENTED_EDGE('',*,*,#3677,.F.);
#1601=ORIENTED_EDGE('',*,*,#3679,.F.);
#1602=ORIENTED_EDGE('',*,*,#3682,.T.);
#1603=ORIENTED_EDGE('',*,*,#3671,.T.);
#1604=ORIENTED_EDGE('',*,*,#3683,.F.);
#1605=ORIENTED_EDGE('',*,*,#3683,.T.);
#1606=ORIENTED_EDGE('',*,*,#3670,.T.);
#1607=ORIENTED_EDGE('',*,*,#3658,.T.);
#1608=ORIENTED_EDGE('',*,*,#3681,.F.);
#1609=ORIENTED_EDGE('',*,*,#3684,.T.);
#1610=ORIENTED_EDGE('',*,*,#3660,.T.);
#1611=ORIENTED_EDGE('',*,*,#3673,.F.);
#1612=ORIENTED_EDGE('',*,*,#3655,.F.);
#1613=ORIENTED_EDGE('',*,*,#3654,.T.);
#1614=ORIENTED_EDGE('',*,*,#3669,.T.);
#1615=ORIENTED_EDGE('',*,*,#3661,.F.);
#1616=ORIENTED_EDGE('',*,*,#3684,.F.);
#1617=ORIENTED_EDGE('',*,*,#3685,.T.);
#1618=ORIENTED_EDGE('',*,*,#3686,.F.);
#1619=ORIENTED_EDGE('',*,*,#3687,.T.);
#1620=ORIENTED_EDGE('',*,*,#3688,.T.);
#1621=ORIENTED_EDGE('',*,*,#3689,.T.);
#1622=ORIENTED_EDGE('',*,*,#3690,.T.);
#1623=ORIENTED_EDGE('',*,*,#3691,.T.);
#1624=ORIENTED_EDGE('',*,*,#3692,.T.);
#1625=ORIENTED_EDGE('',*,*,#3693,.T.);
#1626=ORIENTED_EDGE('',*,*,#3694,.T.);
#1627=ORIENTED_EDGE('',*,*,#3695,.T.);
#1628=ORIENTED_EDGE('',*,*,#3696,.T.);
#1629=ORIENTED_EDGE('',*,*,#3697,.T.);
#1630=ORIENTED_EDGE('',*,*,#3698,.T.);
#1631=ORIENTED_EDGE('',*,*,#3699,.T.);
#1632=ORIENTED_EDGE('',*,*,#3700,.T.);
#1633=ORIENTED_EDGE('',*,*,#3701,.T.);
#1634=ORIENTED_EDGE('',*,*,#3702,.F.);
#1635=ORIENTED_EDGE('',*,*,#3703,.F.);
#1636=ORIENTED_EDGE('',*,*,#3704,.T.);
#1637=ORIENTED_EDGE('',*,*,#3705,.T.);
#1638=ORIENTED_EDGE('',*,*,#3706,.T.);
#1639=ORIENTED_EDGE('',*,*,#3707,.T.);
#1640=ORIENTED_EDGE('',*,*,#3708,.T.);
#1641=ORIENTED_EDGE('',*,*,#3709,.T.);
#1642=ORIENTED_EDGE('',*,*,#3710,.T.);
#1643=ORIENTED_EDGE('',*,*,#3711,.T.);
#1644=ORIENTED_EDGE('',*,*,#3712,.T.);
#1645=ORIENTED_EDGE('',*,*,#3713,.T.);
#1646=ORIENTED_EDGE('',*,*,#3714,.T.);
#1647=ORIENTED_EDGE('',*,*,#3715,.T.);
#1648=ORIENTED_EDGE('',*,*,#3716,.T.);
#1649=ORIENTED_EDGE('',*,*,#3717,.T.);
#1650=ORIENTED_EDGE('',*,*,#3718,.T.);
#1651=ORIENTED_EDGE('',*,*,#3719,.T.);
#1652=ORIENTED_EDGE('',*,*,#3720,.T.);
#1653=ORIENTED_EDGE('',*,*,#3704,.F.);
#1654=ORIENTED_EDGE('',*,*,#3721,.F.);
#1655=ORIENTED_EDGE('',*,*,#3701,.F.);
#1656=ORIENTED_EDGE('',*,*,#3700,.F.);
#1657=ORIENTED_EDGE('',*,*,#3699,.F.);
#1658=ORIENTED_EDGE('',*,*,#3698,.F.);
#1659=ORIENTED_EDGE('',*,*,#3697,.F.);
#1660=ORIENTED_EDGE('',*,*,#3696,.F.);
#1661=ORIENTED_EDGE('',*,*,#3695,.F.);
#1662=ORIENTED_EDGE('',*,*,#3694,.F.);
#1663=ORIENTED_EDGE('',*,*,#3693,.F.);
#1664=ORIENTED_EDGE('',*,*,#3692,.F.);
#1665=ORIENTED_EDGE('',*,*,#3691,.F.);
#1666=ORIENTED_EDGE('',*,*,#3690,.F.);
#1667=ORIENTED_EDGE('',*,*,#3689,.F.);
#1668=ORIENTED_EDGE('',*,*,#3688,.F.);
#1669=ORIENTED_EDGE('',*,*,#3687,.F.);
#1670=ORIENTED_EDGE('',*,*,#3722,.F.);
#1671=ORIENTED_EDGE('',*,*,#3720,.F.);
#1672=ORIENTED_EDGE('',*,*,#3719,.F.);
#1673=ORIENTED_EDGE('',*,*,#3718,.F.);
#1674=ORIENTED_EDGE('',*,*,#3717,.F.);
#1675=ORIENTED_EDGE('',*,*,#3716,.F.);
#1676=ORIENTED_EDGE('',*,*,#3715,.F.);
#1677=ORIENTED_EDGE('',*,*,#3714,.F.);
#1678=ORIENTED_EDGE('',*,*,#3713,.F.);
#1679=ORIENTED_EDGE('',*,*,#3712,.F.);
#1680=ORIENTED_EDGE('',*,*,#3711,.F.);
#1681=ORIENTED_EDGE('',*,*,#3710,.F.);
#1682=ORIENTED_EDGE('',*,*,#3709,.F.);
#1683=ORIENTED_EDGE('',*,*,#3708,.F.);
#1684=ORIENTED_EDGE('',*,*,#3707,.F.);
#1685=ORIENTED_EDGE('',*,*,#3706,.F.);
#1686=ORIENTED_EDGE('',*,*,#3705,.F.);
#1687=ORIENTED_EDGE('',*,*,#3723,.T.);
#1688=ORIENTED_EDGE('',*,*,#3685,.F.);
#1689=ORIENTED_EDGE('',*,*,#3724,.F.);
#1690=ORIENTED_EDGE('',*,*,#3702,.T.);
#1691=ORIENTED_EDGE('',*,*,#3722,.T.);
#1692=ORIENTED_EDGE('',*,*,#3686,.T.);
#1693=ORIENTED_EDGE('',*,*,#3721,.T.);
#1694=ORIENTED_EDGE('',*,*,#3703,.T.);
#1695=ORIENTED_EDGE('',*,*,#3723,.F.);
#1696=ORIENTED_EDGE('',*,*,#3725,.T.);
#1697=ORIENTED_EDGE('',*,*,#3725,.F.);
#1698=ORIENTED_EDGE('',*,*,#3724,.T.);
#1699=ORIENTED_EDGE('',*,*,#3726,.F.);
#1700=ORIENTED_EDGE('',*,*,#3727,.F.);
#1701=ORIENTED_EDGE('',*,*,#3728,.F.);
#1702=ORIENTED_EDGE('',*,*,#3729,.F.);
#1703=ORIENTED_EDGE('',*,*,#3730,.F.);
#1704=ORIENTED_EDGE('',*,*,#3731,.F.);
#1705=ORIENTED_EDGE('',*,*,#3732,.F.);
#1706=ORIENTED_EDGE('',*,*,#3733,.F.);
#1707=ORIENTED_EDGE('',*,*,#3734,.T.);
#1708=ORIENTED_EDGE('',*,*,#3735,.T.);
#1709=ORIENTED_EDGE('',*,*,#3736,.T.);
#1710=ORIENTED_EDGE('',*,*,#3737,.T.);
#1711=ORIENTED_EDGE('',*,*,#3738,.T.);
#1712=ORIENTED_EDGE('',*,*,#3739,.T.);
#1713=ORIENTED_EDGE('',*,*,#3740,.T.);
#1714=ORIENTED_EDGE('',*,*,#3741,.T.);
#1715=ORIENTED_EDGE('',*,*,#3742,.T.);
#1716=ORIENTED_EDGE('',*,*,#3743,.F.);
#1717=ORIENTED_EDGE('',*,*,#3744,.T.);
#1718=ORIENTED_EDGE('',*,*,#3745,.T.);
#1719=ORIENTED_EDGE('',*,*,#3746,.T.);
#1720=ORIENTED_EDGE('',*,*,#3747,.T.);
#1721=ORIENTED_EDGE('',*,*,#3748,.T.);
#1722=ORIENTED_EDGE('',*,*,#3749,.T.);
#1723=ORIENTED_EDGE('',*,*,#3750,.T.);
#1724=ORIENTED_EDGE('',*,*,#3751,.T.);
#1725=ORIENTED_EDGE('',*,*,#3752,.T.);
#1726=ORIENTED_EDGE('',*,*,#3753,.T.);
#1727=ORIENTED_EDGE('',*,*,#3754,.T.);
#1728=ORIENTED_EDGE('',*,*,#3755,.T.);
#1729=ORIENTED_EDGE('',*,*,#3756,.T.);
#1730=ORIENTED_EDGE('',*,*,#3757,.T.);
#1731=ORIENTED_EDGE('',*,*,#3758,.T.);
#1732=ORIENTED_EDGE('',*,*,#3759,.T.);
#1733=ORIENTED_EDGE('',*,*,#3760,.T.);
#1734=ORIENTED_EDGE('',*,*,#3761,.T.);
#1735=ORIENTED_EDGE('',*,*,#3762,.T.);
#1736=ORIENTED_EDGE('',*,*,#3763,.T.);
#1737=ORIENTED_EDGE('',*,*,#3764,.T.);
#1738=ORIENTED_EDGE('',*,*,#3765,.T.);
#1739=ORIENTED_EDGE('',*,*,#3766,.T.);
#1740=ORIENTED_EDGE('',*,*,#3767,.T.);
#1741=ORIENTED_EDGE('',*,*,#3727,.T.);
#1742=ORIENTED_EDGE('',*,*,#3726,.T.);
#1743=ORIENTED_EDGE('',*,*,#3733,.T.);
#1744=ORIENTED_EDGE('',*,*,#3732,.T.);
#1745=ORIENTED_EDGE('',*,*,#3731,.T.);
#1746=ORIENTED_EDGE('',*,*,#3730,.T.);
#1747=ORIENTED_EDGE('',*,*,#3729,.T.);
#1748=ORIENTED_EDGE('',*,*,#3728,.T.);
#1749=ORIENTED_EDGE('',*,*,#3761,.F.);
#1750=ORIENTED_EDGE('',*,*,#3760,.F.);
#1751=ORIENTED_EDGE('',*,*,#3767,.F.);
#1752=ORIENTED_EDGE('',*,*,#3766,.F.);
#1753=ORIENTED_EDGE('',*,*,#3765,.F.);
#1754=ORIENTED_EDGE('',*,*,#3764,.F.);
#1755=ORIENTED_EDGE('',*,*,#3763,.F.);
#1756=ORIENTED_EDGE('',*,*,#3762,.F.);
#1757=ORIENTED_EDGE('',*,*,#3768,.T.);
#1758=ORIENTED_EDGE('',*,*,#3769,.T.);
#1759=ORIENTED_EDGE('',*,*,#3770,.T.);
#1760=ORIENTED_EDGE('',*,*,#3771,.T.);
#1761=ORIENTED_EDGE('',*,*,#3772,.T.);
#1762=ORIENTED_EDGE('',*,*,#3773,.T.);
#1763=ORIENTED_EDGE('',*,*,#3774,.T.);
#1764=ORIENTED_EDGE('',*,*,#3775,.T.);
#1765=ORIENTED_EDGE('',*,*,#3735,.F.);
#1766=ORIENTED_EDGE('',*,*,#3734,.F.);
#1767=ORIENTED_EDGE('',*,*,#3741,.F.);
#1768=ORIENTED_EDGE('',*,*,#3740,.F.);
#1769=ORIENTED_EDGE('',*,*,#3739,.F.);
#1770=ORIENTED_EDGE('',*,*,#3738,.F.);
#1771=ORIENTED_EDGE('',*,*,#3737,.F.);
#1772=ORIENTED_EDGE('',*,*,#3736,.F.);
#1773=ORIENTED_EDGE('',*,*,#3753,.F.);
#1774=ORIENTED_EDGE('',*,*,#3752,.F.);
#1775=ORIENTED_EDGE('',*,*,#3759,.F.);
#1776=ORIENTED_EDGE('',*,*,#3758,.F.);
#1777=ORIENTED_EDGE('',*,*,#3757,.F.);
#1778=ORIENTED_EDGE('',*,*,#3756,.F.);
#1779=ORIENTED_EDGE('',*,*,#3755,.F.);
#1780=ORIENTED_EDGE('',*,*,#3754,.F.);
#1781=ORIENTED_EDGE('',*,*,#3776,.T.);
#1782=ORIENTED_EDGE('',*,*,#3777,.T.);
#1783=ORIENTED_EDGE('',*,*,#3778,.T.);
#1784=ORIENTED_EDGE('',*,*,#3779,.T.);
#1785=ORIENTED_EDGE('',*,*,#3780,.T.);
#1786=ORIENTED_EDGE('',*,*,#3781,.T.);
#1787=ORIENTED_EDGE('',*,*,#3782,.T.);
#1788=ORIENTED_EDGE('',*,*,#3783,.T.);
#1789=ORIENTED_EDGE('',*,*,#3769,.F.);
#1790=ORIENTED_EDGE('',*,*,#3768,.F.);
#1791=ORIENTED_EDGE('',*,*,#3775,.F.);
#1792=ORIENTED_EDGE('',*,*,#3774,.F.);
#1793=ORIENTED_EDGE('',*,*,#3773,.F.);
#1794=ORIENTED_EDGE('',*,*,#3772,.F.);
#1795=ORIENTED_EDGE('',*,*,#3771,.F.);
#1796=ORIENTED_EDGE('',*,*,#3770,.F.);
#1797=ORIENTED_EDGE('',*,*,#3745,.F.);
#1798=ORIENTED_EDGE('',*,*,#3744,.F.);
#1799=ORIENTED_EDGE('',*,*,#3751,.F.);
#1800=ORIENTED_EDGE('',*,*,#3750,.F.);
#1801=ORIENTED_EDGE('',*,*,#3749,.F.);
#1802=ORIENTED_EDGE('',*,*,#3748,.F.);
#1803=ORIENTED_EDGE('',*,*,#3747,.F.);
#1804=ORIENTED_EDGE('',*,*,#3746,.F.);
#1805=ORIENTED_EDGE('',*,*,#3784,.T.);
#1806=ORIENTED_EDGE('',*,*,#3785,.T.);
#1807=ORIENTED_EDGE('',*,*,#3786,.T.);
#1808=ORIENTED_EDGE('',*,*,#3787,.T.);
#1809=ORIENTED_EDGE('',*,*,#3788,.T.);
#1810=ORIENTED_EDGE('',*,*,#3789,.T.);
#1811=ORIENTED_EDGE('',*,*,#3790,.T.);
#1812=ORIENTED_EDGE('',*,*,#3791,.T.);
#1813=ORIENTED_EDGE('',*,*,#3777,.F.);
#1814=ORIENTED_EDGE('',*,*,#3776,.F.);
#1815=ORIENTED_EDGE('',*,*,#3783,.F.);
#1816=ORIENTED_EDGE('',*,*,#3782,.F.);
#1817=ORIENTED_EDGE('',*,*,#3781,.F.);
#1818=ORIENTED_EDGE('',*,*,#3780,.F.);
#1819=ORIENTED_EDGE('',*,*,#3779,.F.);
#1820=ORIENTED_EDGE('',*,*,#3778,.F.);
#1821=ORIENTED_EDGE('',*,*,#3743,.T.);
#1822=ORIENTED_EDGE('',*,*,#3792,.F.);
#1823=ORIENTED_EDGE('',*,*,#3793,.F.);
#1824=ORIENTED_EDGE('',*,*,#3792,.T.);
#1825=ORIENTED_EDGE('',*,*,#3742,.F.);
#1826=ORIENTED_EDGE('',*,*,#3793,.T.);
#1827=ORIENTED_EDGE('',*,*,#3785,.F.);
#1828=ORIENTED_EDGE('',*,*,#3784,.F.);
#1829=ORIENTED_EDGE('',*,*,#3791,.F.);
#1830=ORIENTED_EDGE('',*,*,#3790,.F.);
#1831=ORIENTED_EDGE('',*,*,#3789,.F.);
#1832=ORIENTED_EDGE('',*,*,#3788,.F.);
#1833=ORIENTED_EDGE('',*,*,#3787,.F.);
#1834=ORIENTED_EDGE('',*,*,#3786,.F.);
#1835=ORIENTED_EDGE('',*,*,#3794,.F.);
#1836=ORIENTED_EDGE('',*,*,#3795,.T.);
#1837=ORIENTED_EDGE('',*,*,#3795,.F.);
#1838=ORIENTED_EDGE('',*,*,#3796,.T.);
#1839=ORIENTED_EDGE('',*,*,#3796,.F.);
#1840=ORIENTED_EDGE('',*,*,#3797,.T.);
#1841=ORIENTED_EDGE('',*,*,#3797,.F.);
#1842=ORIENTED_EDGE('',*,*,#3794,.T.);
#1843=ORIENTED_EDGE('',*,*,#3798,.T.);
#1844=ORIENTED_EDGE('',*,*,#3799,.T.);
#1845=ORIENTED_EDGE('',*,*,#3798,.F.);
#1846=ORIENTED_EDGE('',*,*,#3800,.T.);
#1847=ORIENTED_EDGE('',*,*,#3799,.F.);
#1848=ORIENTED_EDGE('',*,*,#3801,.T.);
#1849=ORIENTED_EDGE('',*,*,#3800,.F.);
#1850=ORIENTED_EDGE('',*,*,#3802,.T.);
#1851=ORIENTED_EDGE('',*,*,#3801,.F.);
#1852=ORIENTED_EDGE('',*,*,#3802,.F.);
#1853=ORIENTED_EDGE('',*,*,#3803,.T.);
#1854=ORIENTED_EDGE('',*,*,#3803,.F.);
#1855=ORIENTED_EDGE('',*,*,#3804,.T.);
#1856=ORIENTED_EDGE('',*,*,#3804,.F.);
#1857=ORIENTED_EDGE('',*,*,#3805,.T.);
#1858=ORIENTED_EDGE('',*,*,#3806,.T.);
#1859=ORIENTED_EDGE('',*,*,#3805,.F.);
#1860=ORIENTED_EDGE('',*,*,#3806,.F.);
#1861=ORIENTED_EDGE('',*,*,#3807,.F.);
#1862=ORIENTED_EDGE('',*,*,#3808,.T.);
#1863=ORIENTED_EDGE('',*,*,#3809,.F.);
#1864=ORIENTED_EDGE('',*,*,#3810,.F.);
#1865=ORIENTED_EDGE('',*,*,#3811,.T.);
#1866=ORIENTED_EDGE('',*,*,#3812,.F.);
#1867=ORIENTED_EDGE('',*,*,#3813,.F.);
#1868=ORIENTED_EDGE('',*,*,#3814,.T.);
#1869=ORIENTED_EDGE('',*,*,#3815,.F.);
#1870=ORIENTED_EDGE('',*,*,#3816,.F.);
#1871=ORIENTED_EDGE('',*,*,#3817,.F.);
#1872=ORIENTED_EDGE('',*,*,#3818,.T.);
#1873=ORIENTED_EDGE('',*,*,#3819,.F.);
#1874=ORIENTED_EDGE('',*,*,#3814,.F.);
#1875=ORIENTED_EDGE('',*,*,#3807,.T.);
#1876=ORIENTED_EDGE('',*,*,#3808,.F.);
#1877=ORIENTED_EDGE('',*,*,#3815,.T.);
#1878=ORIENTED_EDGE('',*,*,#3812,.T.);
#1879=ORIENTED_EDGE('',*,*,#3820,.F.);
#1880=ORIENTED_EDGE('',*,*,#3817,.T.);
#1881=ORIENTED_EDGE('',*,*,#3821,.T.);
#1882=ORIENTED_EDGE('',*,*,#3810,.T.);
#1883=ORIENTED_EDGE('',*,*,#3809,.T.);
#1884=ORIENTED_EDGE('',*,*,#3822,.T.);
#1885=ORIENTED_EDGE('',*,*,#3819,.T.);
#1886=ORIENTED_EDGE('',*,*,#3823,.F.);
#1887=ORIENTED_EDGE('',*,*,#3813,.T.);
#1888=ORIENTED_EDGE('',*,*,#3821,.F.);
#1889=ORIENTED_EDGE('',*,*,#3816,.T.);
#1890=ORIENTED_EDGE('',*,*,#3822,.F.);
#1891=ORIENTED_EDGE('',*,*,#3823,.T.);
#1892=ORIENTED_EDGE('',*,*,#3818,.F.);
#1893=ORIENTED_EDGE('',*,*,#3820,.T.);
#1894=ORIENTED_EDGE('',*,*,#3811,.F.);
#1895=ORIENTED_EDGE('',*,*,#3824,.F.);
#1896=ORIENTED_EDGE('',*,*,#3825,.F.);
#1897=ORIENTED_EDGE('',*,*,#3826,.T.);
#1898=ORIENTED_EDGE('',*,*,#3827,.T.);
#1899=ORIENTED_EDGE('',*,*,#3828,.T.);
#1900=ORIENTED_EDGE('',*,*,#3829,.F.);
#1901=ORIENTED_EDGE('',*,*,#3830,.F.);
#1902=ORIENTED_EDGE('',*,*,#3825,.T.);
#1903=ORIENTED_EDGE('',*,*,#3831,.F.);
#1904=ORIENTED_EDGE('',*,*,#3832,.F.);
#1905=ORIENTED_EDGE('',*,*,#3833,.T.);
#1906=ORIENTED_EDGE('',*,*,#3829,.T.);
#1907=ORIENTED_EDGE('',*,*,#3834,.T.);
#1908=ORIENTED_EDGE('',*,*,#3835,.F.);
#1909=ORIENTED_EDGE('',*,*,#3836,.F.);
#1910=ORIENTED_EDGE('',*,*,#3832,.T.);
#1911=ORIENTED_EDGE('',*,*,#3837,.T.);
#1912=ORIENTED_EDGE('',*,*,#3838,.F.);
#1913=ORIENTED_EDGE('',*,*,#3839,.F.);
#1914=ORIENTED_EDGE('',*,*,#3835,.T.);
#1915=ORIENTED_EDGE('',*,*,#3840,.F.);
#1916=ORIENTED_EDGE('',*,*,#3841,.F.);
#1917=ORIENTED_EDGE('',*,*,#3842,.T.);
#1918=ORIENTED_EDGE('',*,*,#3838,.T.);
#1919=ORIENTED_EDGE('',*,*,#3843,.T.);
#1920=ORIENTED_EDGE('',*,*,#3844,.F.);
#1921=ORIENTED_EDGE('',*,*,#3845,.F.);
#1922=ORIENTED_EDGE('',*,*,#3841,.T.);
#1923=ORIENTED_EDGE('',*,*,#3846,.F.);
#1924=ORIENTED_EDGE('',*,*,#3847,.F.);
#1925=ORIENTED_EDGE('',*,*,#3848,.T.);
#1926=ORIENTED_EDGE('',*,*,#3844,.T.);
#1927=ORIENTED_EDGE('',*,*,#3849,.T.);
#1928=ORIENTED_EDGE('',*,*,#3850,.F.);
#1929=ORIENTED_EDGE('',*,*,#3851,.F.);
#1930=ORIENTED_EDGE('',*,*,#3847,.T.);
#1931=ORIENTED_EDGE('',*,*,#3852,.F.);
#1932=ORIENTED_EDGE('',*,*,#3853,.F.);
#1933=ORIENTED_EDGE('',*,*,#3854,.T.);
#1934=ORIENTED_EDGE('',*,*,#3850,.T.);
#1935=ORIENTED_EDGE('',*,*,#3855,.F.);
#1936=ORIENTED_EDGE('',*,*,#3856,.F.);
#1937=ORIENTED_EDGE('',*,*,#3857,.T.);
#1938=ORIENTED_EDGE('',*,*,#3853,.T.);
#1939=ORIENTED_EDGE('',*,*,#3858,.F.);
#1940=ORIENTED_EDGE('',*,*,#3827,.F.);
#1941=ORIENTED_EDGE('',*,*,#3859,.T.);
#1942=ORIENTED_EDGE('',*,*,#3856,.T.);
#1943=ORIENTED_EDGE('',*,*,#3826,.F.);
#1944=ORIENTED_EDGE('',*,*,#3830,.T.);
#1945=ORIENTED_EDGE('',*,*,#3833,.F.);
#1946=ORIENTED_EDGE('',*,*,#3836,.T.);
#1947=ORIENTED_EDGE('',*,*,#3839,.T.);
#1948=ORIENTED_EDGE('',*,*,#3842,.F.);
#1949=ORIENTED_EDGE('',*,*,#3845,.T.);
#1950=ORIENTED_EDGE('',*,*,#3848,.F.);
#1951=ORIENTED_EDGE('',*,*,#3851,.T.);
#1952=ORIENTED_EDGE('',*,*,#3854,.F.);
#1953=ORIENTED_EDGE('',*,*,#3857,.F.);
#1954=ORIENTED_EDGE('',*,*,#3859,.F.);
#1955=ORIENTED_EDGE('',*,*,#3824,.T.);
#1956=ORIENTED_EDGE('',*,*,#3858,.T.);
#1957=ORIENTED_EDGE('',*,*,#3855,.T.);
#1958=ORIENTED_EDGE('',*,*,#3852,.T.);
#1959=ORIENTED_EDGE('',*,*,#3849,.F.);
#1960=ORIENTED_EDGE('',*,*,#3846,.T.);
#1961=ORIENTED_EDGE('',*,*,#3843,.F.);
#1962=ORIENTED_EDGE('',*,*,#3840,.T.);
#1963=ORIENTED_EDGE('',*,*,#3837,.F.);
#1964=ORIENTED_EDGE('',*,*,#3834,.F.);
#1965=ORIENTED_EDGE('',*,*,#3831,.T.);
#1966=ORIENTED_EDGE('',*,*,#3828,.F.);
#1967=ORIENTED_EDGE('',*,*,#3860,.F.);
#1968=ORIENTED_EDGE('',*,*,#3861,.F.);
#1969=ORIENTED_EDGE('',*,*,#3862,.F.);
#1970=ORIENTED_EDGE('',*,*,#3863,.F.);
#1971=ORIENTED_EDGE('',*,*,#3864,.F.);
#1972=ORIENTED_EDGE('',*,*,#3865,.F.);
#1973=ORIENTED_EDGE('',*,*,#3866,.F.);
#1974=ORIENTED_EDGE('',*,*,#3867,.F.);
#1975=ORIENTED_EDGE('',*,*,#3868,.F.);
#1976=ORIENTED_EDGE('',*,*,#3869,.F.);
#1977=ORIENTED_EDGE('',*,*,#3870,.F.);
#1978=ORIENTED_EDGE('',*,*,#3871,.F.);
#1979=ORIENTED_EDGE('',*,*,#3872,.F.);
#1980=ORIENTED_EDGE('',*,*,#3873,.F.);
#1981=ORIENTED_EDGE('',*,*,#3874,.F.);
#1982=ORIENTED_EDGE('',*,*,#3875,.F.);
#1983=ORIENTED_EDGE('',*,*,#3876,.F.);
#1984=ORIENTED_EDGE('',*,*,#3877,.F.);
#1985=ORIENTED_EDGE('',*,*,#3878,.F.);
#1986=ORIENTED_EDGE('',*,*,#3879,.F.);
#1987=ORIENTED_EDGE('',*,*,#3880,.F.);
#1988=ORIENTED_EDGE('',*,*,#3881,.F.);
#1989=ORIENTED_EDGE('',*,*,#3882,.F.);
#1990=ORIENTED_EDGE('',*,*,#3882,.T.);
#1991=ORIENTED_EDGE('',*,*,#3883,.F.);
#1992=ORIENTED_EDGE('',*,*,#3884,.F.);
#1993=ORIENTED_EDGE('',*,*,#3885,.F.);
#1994=ORIENTED_EDGE('',*,*,#3886,.F.);
#1995=ORIENTED_EDGE('',*,*,#3887,.F.);
#1996=ORIENTED_EDGE('',*,*,#3888,.F.);
#1997=ORIENTED_EDGE('',*,*,#3889,.F.);
#1998=ORIENTED_EDGE('',*,*,#3890,.F.);
#1999=ORIENTED_EDGE('',*,*,#3891,.F.);
#2000=ORIENTED_EDGE('',*,*,#3892,.F.);
#2001=ORIENTED_EDGE('',*,*,#3893,.F.);
#2002=ORIENTED_EDGE('',*,*,#3894,.F.);
#2003=ORIENTED_EDGE('',*,*,#3895,.F.);
#2004=ORIENTED_EDGE('',*,*,#3896,.F.);
#2005=ORIENTED_EDGE('',*,*,#3897,.F.);
#2006=ORIENTED_EDGE('',*,*,#3898,.F.);
#2007=ORIENTED_EDGE('',*,*,#3899,.F.);
#2008=ORIENTED_EDGE('',*,*,#3900,.F.);
#2009=ORIENTED_EDGE('',*,*,#3901,.F.);
#2010=ORIENTED_EDGE('',*,*,#3902,.F.);
#2011=ORIENTED_EDGE('',*,*,#3903,.F.);
#2012=ORIENTED_EDGE('',*,*,#3904,.F.);
#2013=ORIENTED_EDGE('',*,*,#3905,.F.);
#2014=ORIENTED_EDGE('',*,*,#3906,.F.);
#2015=ORIENTED_EDGE('',*,*,#3907,.F.);
#2016=ORIENTED_EDGE('',*,*,#3908,.F.);
#2017=ORIENTED_EDGE('',*,*,#3909,.F.);
#2018=ORIENTED_EDGE('',*,*,#3910,.F.);
#2019=ORIENTED_EDGE('',*,*,#3911,.F.);
#2020=ORIENTED_EDGE('',*,*,#3912,.F.);
#2021=ORIENTED_EDGE('',*,*,#3913,.F.);
#2022=ORIENTED_EDGE('',*,*,#3914,.F.);
#2023=ORIENTED_EDGE('',*,*,#3915,.F.);
#2024=ORIENTED_EDGE('',*,*,#3916,.F.);
#2025=ORIENTED_EDGE('',*,*,#3917,.F.);
#2026=ORIENTED_EDGE('',*,*,#3918,.F.);
#2027=ORIENTED_EDGE('',*,*,#3919,.F.);
#2028=ORIENTED_EDGE('',*,*,#3920,.F.);
#2029=ORIENTED_EDGE('',*,*,#3921,.F.);
#2030=ORIENTED_EDGE('',*,*,#3922,.F.);
#2031=ORIENTED_EDGE('',*,*,#3923,.F.);
#2032=ORIENTED_EDGE('',*,*,#3924,.F.);
#2033=ORIENTED_EDGE('',*,*,#3925,.F.);
#2034=ORIENTED_EDGE('',*,*,#3926,.F.);
#2035=ORIENTED_EDGE('',*,*,#3927,.F.);
#2036=ORIENTED_EDGE('',*,*,#3928,.F.);
#2037=ORIENTED_EDGE('',*,*,#3929,.F.);
#2038=ORIENTED_EDGE('',*,*,#3930,.F.);
#2039=ORIENTED_EDGE('',*,*,#3931,.F.);
#2040=ORIENTED_EDGE('',*,*,#3932,.F.);
#2041=ORIENTED_EDGE('',*,*,#3933,.F.);
#2042=ORIENTED_EDGE('',*,*,#3934,.F.);
#2043=ORIENTED_EDGE('',*,*,#3935,.F.);
#2044=ORIENTED_EDGE('',*,*,#3936,.F.);
#2045=ORIENTED_EDGE('',*,*,#3937,.F.);
#2046=ORIENTED_EDGE('',*,*,#3938,.F.);
#2047=ORIENTED_EDGE('',*,*,#3939,.F.);
#2048=ORIENTED_EDGE('',*,*,#3940,.F.);
#2049=ORIENTED_EDGE('',*,*,#3941,.F.);
#2050=ORIENTED_EDGE('',*,*,#3942,.F.);
#2051=ORIENTED_EDGE('',*,*,#3943,.F.);
#2052=ORIENTED_EDGE('',*,*,#3944,.F.);
#2053=ORIENTED_EDGE('',*,*,#3945,.F.);
#2054=ORIENTED_EDGE('',*,*,#3946,.F.);
#2055=ORIENTED_EDGE('',*,*,#3947,.F.);
#2056=ORIENTED_EDGE('',*,*,#3948,.F.);
#2057=ORIENTED_EDGE('',*,*,#3949,.F.);
#2058=ORIENTED_EDGE('',*,*,#3950,.F.);
#2059=ORIENTED_EDGE('',*,*,#3951,.F.);
#2060=ORIENTED_EDGE('',*,*,#3952,.F.);
#2061=ORIENTED_EDGE('',*,*,#3953,.F.);
#2062=ORIENTED_EDGE('',*,*,#3954,.F.);
#2063=ORIENTED_EDGE('',*,*,#3955,.F.);
#2064=ORIENTED_EDGE('',*,*,#3956,.F.);
#2065=ORIENTED_EDGE('',*,*,#3957,.F.);
#2066=ORIENTED_EDGE('',*,*,#3958,.F.);
#2067=ORIENTED_EDGE('',*,*,#3959,.F.);
#2068=ORIENTED_EDGE('',*,*,#3960,.F.);
#2069=ORIENTED_EDGE('',*,*,#3961,.F.);
#2070=ORIENTED_EDGE('',*,*,#3962,.F.);
#2071=ORIENTED_EDGE('',*,*,#3963,.F.);
#2072=ORIENTED_EDGE('',*,*,#3964,.F.);
#2073=ORIENTED_EDGE('',*,*,#3965,.F.);
#2074=ORIENTED_EDGE('',*,*,#3966,.F.);
#2075=ORIENTED_EDGE('',*,*,#3967,.F.);
#2076=ORIENTED_EDGE('',*,*,#3968,.F.);
#2077=ORIENTED_EDGE('',*,*,#3969,.F.);
#2078=ORIENTED_EDGE('',*,*,#3970,.F.);
#2079=ORIENTED_EDGE('',*,*,#3971,.F.);
#2080=ORIENTED_EDGE('',*,*,#3972,.F.);
#2081=ORIENTED_EDGE('',*,*,#3973,.F.);
#2082=ORIENTED_EDGE('',*,*,#3974,.F.);
#2083=ORIENTED_EDGE('',*,*,#3975,.F.);
#2084=ORIENTED_EDGE('',*,*,#3976,.F.);
#2085=ORIENTED_EDGE('',*,*,#3977,.F.);
#2086=ORIENTED_EDGE('',*,*,#3978,.F.);
#2087=ORIENTED_EDGE('',*,*,#3979,.F.);
#2088=ORIENTED_EDGE('',*,*,#3979,.T.);
#2089=ORIENTED_EDGE('',*,*,#3980,.F.);
#2090=ORIENTED_EDGE('',*,*,#3981,.F.);
#2091=ORIENTED_EDGE('',*,*,#3982,.F.);
#2092=ORIENTED_EDGE('',*,*,#3983,.F.);
#2093=ORIENTED_EDGE('',*,*,#3984,.F.);
#2094=ORIENTED_EDGE('',*,*,#3985,.F.);
#2095=ORIENTED_EDGE('',*,*,#3986,.F.);
#2096=ORIENTED_EDGE('',*,*,#3987,.F.);
#2097=ORIENTED_EDGE('',*,*,#3988,.F.);
#2098=ORIENTED_EDGE('',*,*,#3989,.F.);
#2099=ORIENTED_EDGE('',*,*,#3990,.F.);
#2100=ORIENTED_EDGE('',*,*,#3991,.F.);
#2101=ORIENTED_EDGE('',*,*,#3992,.F.);
#2102=ORIENTED_EDGE('',*,*,#3993,.F.);
#2103=ORIENTED_EDGE('',*,*,#3994,.F.);
#2104=ORIENTED_EDGE('',*,*,#3995,.F.);
#2105=ORIENTED_EDGE('',*,*,#3996,.F.);
#2106=ORIENTED_EDGE('',*,*,#3997,.F.);
#2107=ORIENTED_EDGE('',*,*,#3998,.F.);
#2108=ORIENTED_EDGE('',*,*,#3999,.F.);
#2109=ORIENTED_EDGE('',*,*,#4000,.F.);
#2110=ORIENTED_EDGE('',*,*,#4001,.F.);
#2111=ORIENTED_EDGE('',*,*,#4002,.F.);
#2112=ORIENTED_EDGE('',*,*,#4003,.F.);
#2113=ORIENTED_EDGE('',*,*,#4004,.F.);
#2114=ORIENTED_EDGE('',*,*,#4005,.F.);
#2115=ORIENTED_EDGE('',*,*,#4006,.F.);
#2116=ORIENTED_EDGE('',*,*,#4007,.F.);
#2117=ORIENTED_EDGE('',*,*,#4008,.F.);
#2118=ORIENTED_EDGE('',*,*,#4009,.F.);
#2119=ORIENTED_EDGE('',*,*,#4010,.F.);
#2120=ORIENTED_EDGE('',*,*,#4011,.F.);
#2121=ORIENTED_EDGE('',*,*,#4012,.F.);
#2122=ORIENTED_EDGE('',*,*,#4013,.F.);
#2123=ORIENTED_EDGE('',*,*,#4014,.F.);
#2124=ORIENTED_EDGE('',*,*,#4015,.F.);
#2125=ORIENTED_EDGE('',*,*,#4016,.F.);
#2126=ORIENTED_EDGE('',*,*,#4017,.F.);
#2127=ORIENTED_EDGE('',*,*,#4018,.F.);
#2128=ORIENTED_EDGE('',*,*,#4019,.F.);
#2129=ORIENTED_EDGE('',*,*,#4020,.F.);
#2130=ORIENTED_EDGE('',*,*,#4021,.F.);
#2131=ORIENTED_EDGE('',*,*,#4022,.F.);
#2132=ORIENTED_EDGE('',*,*,#4023,.F.);
#2133=ORIENTED_EDGE('',*,*,#4024,.F.);
#2134=ORIENTED_EDGE('',*,*,#4025,.F.);
#2135=ORIENTED_EDGE('',*,*,#4026,.F.);
#2136=ORIENTED_EDGE('',*,*,#4027,.F.);
#2137=ORIENTED_EDGE('',*,*,#4028,.F.);
#2138=ORIENTED_EDGE('',*,*,#4029,.F.);
#2139=ORIENTED_EDGE('',*,*,#4030,.F.);
#2140=ORIENTED_EDGE('',*,*,#4031,.F.);
#2141=ORIENTED_EDGE('',*,*,#4032,.F.);
#2142=ORIENTED_EDGE('',*,*,#4033,.F.);
#2143=ORIENTED_EDGE('',*,*,#4034,.F.);
#2144=ORIENTED_EDGE('',*,*,#4035,.F.);
#2145=ORIENTED_EDGE('',*,*,#4036,.F.);
#2146=ORIENTED_EDGE('',*,*,#4037,.F.);
#2147=ORIENTED_EDGE('',*,*,#4038,.F.);
#2148=ORIENTED_EDGE('',*,*,#4039,.F.);
#2149=ORIENTED_EDGE('',*,*,#4040,.F.);
#2150=ORIENTED_EDGE('',*,*,#4041,.F.);
#2151=ORIENTED_EDGE('',*,*,#4042,.F.);
#2152=ORIENTED_EDGE('',*,*,#4043,.F.);
#2153=ORIENTED_EDGE('',*,*,#4044,.F.);
#2154=ORIENTED_EDGE('',*,*,#4045,.F.);
#2155=ORIENTED_EDGE('',*,*,#4045,.T.);
#2156=ORIENTED_EDGE('',*,*,#4046,.F.);
#2157=ORIENTED_EDGE('',*,*,#4047,.F.);
#2158=ORIENTED_EDGE('',*,*,#4048,.F.);
#2159=ORIENTED_EDGE('',*,*,#4049,.F.);
#2160=ORIENTED_EDGE('',*,*,#4050,.F.);
#2161=ORIENTED_EDGE('',*,*,#4051,.F.);
#2162=ORIENTED_EDGE('',*,*,#4052,.F.);
#2163=ORIENTED_EDGE('',*,*,#4053,.F.);
#2164=ORIENTED_EDGE('',*,*,#4054,.F.);
#2165=ORIENTED_EDGE('',*,*,#4055,.F.);
#2166=ORIENTED_EDGE('',*,*,#4056,.F.);
#2167=ORIENTED_EDGE('',*,*,#4057,.F.);
#2168=ORIENTED_EDGE('',*,*,#4058,.F.);
#2169=ORIENTED_EDGE('',*,*,#4059,.F.);
#2170=ORIENTED_EDGE('',*,*,#4060,.F.);
#2171=ORIENTED_EDGE('',*,*,#4061,.F.);
#2172=ORIENTED_EDGE('',*,*,#4062,.F.);
#2173=ORIENTED_EDGE('',*,*,#4063,.F.);
#2174=ORIENTED_EDGE('',*,*,#4064,.F.);
#2175=ORIENTED_EDGE('',*,*,#4065,.F.);
#2176=ORIENTED_EDGE('',*,*,#4066,.F.);
#2177=ORIENTED_EDGE('',*,*,#4067,.F.);
#2178=ORIENTED_EDGE('',*,*,#4068,.F.);
#2179=ORIENTED_EDGE('',*,*,#4069,.F.);
#2180=ORIENTED_EDGE('',*,*,#4070,.F.);
#2181=ORIENTED_EDGE('',*,*,#4071,.F.);
#2182=ORIENTED_EDGE('',*,*,#4072,.F.);
#2183=ORIENTED_EDGE('',*,*,#4073,.F.);
#2184=ORIENTED_EDGE('',*,*,#4074,.F.);
#2185=ORIENTED_EDGE('',*,*,#4075,.F.);
#2186=ORIENTED_EDGE('',*,*,#4076,.F.);
#2187=ORIENTED_EDGE('',*,*,#4077,.F.);
#2188=ORIENTED_EDGE('',*,*,#4078,.F.);
#2189=ORIENTED_EDGE('',*,*,#4079,.F.);
#2190=ORIENTED_EDGE('',*,*,#4080,.F.);
#2191=ORIENTED_EDGE('',*,*,#4081,.F.);
#2192=ORIENTED_EDGE('',*,*,#4082,.F.);
#2193=ORIENTED_EDGE('',*,*,#4083,.F.);
#2194=ORIENTED_EDGE('',*,*,#4084,.F.);
#2195=ORIENTED_EDGE('',*,*,#4085,.F.);
#2196=ORIENTED_EDGE('',*,*,#4086,.F.);
#2197=ORIENTED_EDGE('',*,*,#4087,.F.);
#2198=ORIENTED_EDGE('',*,*,#4088,.F.);
#2199=ORIENTED_EDGE('',*,*,#4089,.F.);
#2200=ORIENTED_EDGE('',*,*,#4090,.F.);
#2201=ORIENTED_EDGE('',*,*,#4091,.F.);
#2202=ORIENTED_EDGE('',*,*,#4092,.F.);
#2203=ORIENTED_EDGE('',*,*,#4093,.F.);
#2204=ORIENTED_EDGE('',*,*,#4094,.F.);
#2205=ORIENTED_EDGE('',*,*,#4095,.F.);
#2206=ORIENTED_EDGE('',*,*,#4096,.F.);
#2207=ORIENTED_EDGE('',*,*,#4097,.F.);
#2208=ORIENTED_EDGE('',*,*,#4098,.F.);
#2209=ORIENTED_EDGE('',*,*,#4099,.F.);
#2210=ORIENTED_EDGE('',*,*,#4100,.F.);
#2211=ORIENTED_EDGE('',*,*,#4101,.F.);
#2212=ORIENTED_EDGE('',*,*,#4102,.F.);
#2213=ORIENTED_EDGE('',*,*,#4103,.F.);
#2214=ORIENTED_EDGE('',*,*,#4104,.F.);
#2215=ORIENTED_EDGE('',*,*,#4105,.F.);
#2216=ORIENTED_EDGE('',*,*,#4106,.F.);
#2217=ORIENTED_EDGE('',*,*,#4107,.F.);
#2218=ORIENTED_EDGE('',*,*,#4108,.F.);
#2219=ORIENTED_EDGE('',*,*,#4109,.F.);
#2220=ORIENTED_EDGE('',*,*,#4110,.F.);
#2221=ORIENTED_EDGE('',*,*,#4111,.F.);
#2222=ORIENTED_EDGE('',*,*,#4112,.F.);
#2223=ORIENTED_EDGE('',*,*,#4113,.F.);
#2224=ORIENTED_EDGE('',*,*,#4114,.F.);
#2225=ORIENTED_EDGE('',*,*,#4115,.F.);
#2226=ORIENTED_EDGE('',*,*,#4116,.F.);
#2227=ORIENTED_EDGE('',*,*,#4117,.F.);
#2228=ORIENTED_EDGE('',*,*,#4118,.F.);
#2229=ORIENTED_EDGE('',*,*,#4119,.F.);
#2230=ORIENTED_EDGE('',*,*,#4120,.F.);
#2231=ORIENTED_EDGE('',*,*,#4121,.F.);
#2232=ORIENTED_EDGE('',*,*,#4122,.F.);
#2233=ORIENTED_EDGE('',*,*,#4123,.F.);
#2234=ORIENTED_EDGE('',*,*,#4124,.F.);
#2235=ORIENTED_EDGE('',*,*,#4125,.F.);
#2236=ORIENTED_EDGE('',*,*,#4126,.F.);
#2237=ORIENTED_EDGE('',*,*,#4127,.F.);
#2238=ORIENTED_EDGE('',*,*,#4128,.F.);
#2239=ORIENTED_EDGE('',*,*,#4129,.F.);
#2240=ORIENTED_EDGE('',*,*,#4130,.F.);
#2241=ORIENTED_EDGE('',*,*,#4131,.F.);
#2242=ORIENTED_EDGE('',*,*,#4132,.F.);
#2243=ORIENTED_EDGE('',*,*,#4133,.F.);
#2244=ORIENTED_EDGE('',*,*,#4134,.F.);
#2245=ORIENTED_EDGE('',*,*,#4135,.F.);
#2246=ORIENTED_EDGE('',*,*,#4136,.F.);
#2247=ORIENTED_EDGE('',*,*,#4137,.F.);
#2248=ORIENTED_EDGE('',*,*,#4138,.F.);
#2249=ORIENTED_EDGE('',*,*,#4139,.F.);
#2250=ORIENTED_EDGE('',*,*,#4140,.F.);
#2251=ORIENTED_EDGE('',*,*,#4141,.F.);
#2252=ORIENTED_EDGE('',*,*,#4142,.F.);
#2253=ORIENTED_EDGE('',*,*,#4142,.T.);
#2254=ORIENTED_EDGE('',*,*,#4143,.F.);
#2255=ORIENTED_EDGE('',*,*,#4144,.F.);
#2256=ORIENTED_EDGE('',*,*,#4145,.F.);
#2257=ORIENTED_EDGE('',*,*,#4146,.F.);
#2258=ORIENTED_EDGE('',*,*,#4147,.F.);
#2259=ORIENTED_EDGE('',*,*,#4148,.F.);
#2260=ORIENTED_EDGE('',*,*,#4149,.F.);
#2261=ORIENTED_EDGE('',*,*,#4150,.F.);
#2262=ORIENTED_EDGE('',*,*,#4151,.F.);
#2263=ORIENTED_EDGE('',*,*,#4152,.F.);
#2264=ORIENTED_EDGE('',*,*,#4153,.F.);
#2265=ORIENTED_EDGE('',*,*,#4154,.F.);
#2266=ORIENTED_EDGE('',*,*,#4155,.F.);
#2267=ORIENTED_EDGE('',*,*,#4156,.F.);
#2268=ORIENTED_EDGE('',*,*,#4157,.F.);
#2269=ORIENTED_EDGE('',*,*,#4158,.F.);
#2270=ORIENTED_EDGE('',*,*,#4159,.F.);
#2271=ORIENTED_EDGE('',*,*,#4160,.F.);
#2272=ORIENTED_EDGE('',*,*,#4161,.F.);
#2273=ORIENTED_EDGE('',*,*,#4162,.F.);
#2274=ORIENTED_EDGE('',*,*,#4163,.F.);
#2275=ORIENTED_EDGE('',*,*,#4164,.F.);
#2276=ORIENTED_EDGE('',*,*,#4165,.F.);
#2277=ORIENTED_EDGE('',*,*,#4166,.F.);
#2278=ORIENTED_EDGE('',*,*,#4167,.F.);
#2279=ORIENTED_EDGE('',*,*,#4168,.F.);
#2280=ORIENTED_EDGE('',*,*,#4169,.F.);
#2281=ORIENTED_EDGE('',*,*,#4170,.F.);
#2282=ORIENTED_EDGE('',*,*,#4171,.F.);
#2283=ORIENTED_EDGE('',*,*,#4172,.F.);
#2284=ORIENTED_EDGE('',*,*,#4173,.F.);
#2285=ORIENTED_EDGE('',*,*,#4174,.F.);
#2286=ORIENTED_EDGE('',*,*,#4175,.F.);
#2287=ORIENTED_EDGE('',*,*,#4176,.F.);
#2288=ORIENTED_EDGE('',*,*,#4177,.F.);
#2289=ORIENTED_EDGE('',*,*,#4178,.F.);
#2290=ORIENTED_EDGE('',*,*,#4179,.F.);
#2291=ORIENTED_EDGE('',*,*,#4180,.F.);
#2292=ORIENTED_EDGE('',*,*,#4181,.F.);
#2293=ORIENTED_EDGE('',*,*,#4182,.F.);
#2294=ORIENTED_EDGE('',*,*,#4183,.F.);
#2295=ORIENTED_EDGE('',*,*,#4184,.F.);
#2296=ORIENTED_EDGE('',*,*,#4185,.F.);
#2297=ORIENTED_EDGE('',*,*,#4186,.F.);
#2298=ORIENTED_EDGE('',*,*,#4187,.F.);
#2299=ORIENTED_EDGE('',*,*,#4188,.F.);
#2300=ORIENTED_EDGE('',*,*,#4189,.F.);
#2301=ORIENTED_EDGE('',*,*,#4190,.F.);
#2302=ORIENTED_EDGE('',*,*,#4191,.F.);
#2303=ORIENTED_EDGE('',*,*,#4192,.F.);
#2304=ORIENTED_EDGE('',*,*,#4193,.F.);
#2305=ORIENTED_EDGE('',*,*,#4194,.F.);
#2306=ORIENTED_EDGE('',*,*,#4195,.F.);
#2307=ORIENTED_EDGE('',*,*,#4196,.F.);
#2308=ORIENTED_EDGE('',*,*,#4197,.F.);
#2309=ORIENTED_EDGE('',*,*,#4198,.F.);
#2310=ORIENTED_EDGE('',*,*,#4199,.F.);
#2311=ORIENTED_EDGE('',*,*,#4200,.F.);
#2312=ORIENTED_EDGE('',*,*,#4201,.F.);
#2313=ORIENTED_EDGE('',*,*,#4202,.F.);
#2314=ORIENTED_EDGE('',*,*,#4203,.F.);
#2315=ORIENTED_EDGE('',*,*,#4204,.F.);
#2316=ORIENTED_EDGE('',*,*,#4205,.F.);
#2317=ORIENTED_EDGE('',*,*,#4206,.F.);
#2318=ORIENTED_EDGE('',*,*,#4207,.F.);
#2319=ORIENTED_EDGE('',*,*,#4208,.F.);
#2320=ORIENTED_EDGE('',*,*,#4208,.T.);
#2321=ORIENTED_EDGE('',*,*,#4209,.F.);
#2322=ORIENTED_EDGE('',*,*,#4210,.F.);
#2323=ORIENTED_EDGE('',*,*,#4211,.F.);
#2324=ORIENTED_EDGE('',*,*,#4212,.F.);
#2325=ORIENTED_EDGE('',*,*,#4213,.F.);
#2326=ORIENTED_EDGE('',*,*,#4214,.F.);
#2327=ORIENTED_EDGE('',*,*,#4215,.F.);
#2328=ORIENTED_EDGE('',*,*,#4216,.F.);
#2329=ORIENTED_EDGE('',*,*,#4217,.F.);
#2330=ORIENTED_EDGE('',*,*,#4218,.F.);
#2331=ORIENTED_EDGE('',*,*,#4219,.F.);
#2332=ORIENTED_EDGE('',*,*,#4220,.F.);
#2333=ORIENTED_EDGE('',*,*,#4221,.F.);
#2334=ORIENTED_EDGE('',*,*,#4222,.F.);
#2335=ORIENTED_EDGE('',*,*,#4223,.F.);
#2336=ORIENTED_EDGE('',*,*,#4224,.F.);
#2337=ORIENTED_EDGE('',*,*,#4225,.F.);
#2338=ORIENTED_EDGE('',*,*,#4226,.F.);
#2339=ORIENTED_EDGE('',*,*,#4227,.F.);
#2340=ORIENTED_EDGE('',*,*,#4228,.F.);
#2341=ORIENTED_EDGE('',*,*,#4229,.F.);
#2342=ORIENTED_EDGE('',*,*,#4230,.F.);
#2343=ORIENTED_EDGE('',*,*,#4231,.F.);
#2344=ORIENTED_EDGE('',*,*,#4232,.F.);
#2345=ORIENTED_EDGE('',*,*,#4233,.F.);
#2346=ORIENTED_EDGE('',*,*,#4234,.F.);
#2347=ORIENTED_EDGE('',*,*,#4235,.F.);
#2348=ORIENTED_EDGE('',*,*,#4236,.F.);
#2349=ORIENTED_EDGE('',*,*,#4237,.F.);
#2350=ORIENTED_EDGE('',*,*,#4238,.F.);
#2351=ORIENTED_EDGE('',*,*,#4239,.F.);
#2352=ORIENTED_EDGE('',*,*,#4240,.F.);
#2353=ORIENTED_EDGE('',*,*,#4241,.F.);
#2354=ORIENTED_EDGE('',*,*,#4242,.F.);
#2355=ORIENTED_EDGE('',*,*,#4243,.F.);
#2356=ORIENTED_EDGE('',*,*,#4244,.F.);
#2357=ORIENTED_EDGE('',*,*,#4245,.F.);
#2358=ORIENTED_EDGE('',*,*,#4246,.F.);
#2359=ORIENTED_EDGE('',*,*,#4247,.F.);
#2360=ORIENTED_EDGE('',*,*,#4248,.F.);
#2361=ORIENTED_EDGE('',*,*,#4249,.F.);
#2362=ORIENTED_EDGE('',*,*,#4250,.F.);
#2363=ORIENTED_EDGE('',*,*,#4251,.F.);
#2364=ORIENTED_EDGE('',*,*,#4252,.F.);
#2365=ORIENTED_EDGE('',*,*,#4253,.F.);
#2366=ORIENTED_EDGE('',*,*,#4254,.F.);
#2367=ORIENTED_EDGE('',*,*,#4255,.F.);
#2368=ORIENTED_EDGE('',*,*,#4256,.F.);
#2369=ORIENTED_EDGE('',*,*,#4257,.F.);
#2370=ORIENTED_EDGE('',*,*,#4258,.F.);
#2371=ORIENTED_EDGE('',*,*,#4259,.F.);
#2372=ORIENTED_EDGE('',*,*,#4260,.F.);
#2373=ORIENTED_EDGE('',*,*,#4261,.F.);
#2374=ORIENTED_EDGE('',*,*,#4262,.F.);
#2375=ORIENTED_EDGE('',*,*,#4263,.F.);
#2376=ORIENTED_EDGE('',*,*,#4264,.F.);
#2377=ORIENTED_EDGE('',*,*,#4265,.F.);
#2378=ORIENTED_EDGE('',*,*,#4266,.F.);
#2379=ORIENTED_EDGE('',*,*,#4267,.F.);
#2380=ORIENTED_EDGE('',*,*,#4268,.F.);
#2381=ORIENTED_EDGE('',*,*,#4269,.F.);
#2382=ORIENTED_EDGE('',*,*,#4270,.F.);
#2383=ORIENTED_EDGE('',*,*,#4271,.F.);
#2384=ORIENTED_EDGE('',*,*,#4272,.F.);
#2385=ORIENTED_EDGE('',*,*,#4273,.F.);
#2386=ORIENTED_EDGE('',*,*,#4274,.F.);
#2387=ORIENTED_EDGE('',*,*,#4275,.F.);
#2388=ORIENTED_EDGE('',*,*,#4276,.F.);
#2389=ORIENTED_EDGE('',*,*,#4277,.F.);
#2390=ORIENTED_EDGE('',*,*,#4278,.F.);
#2391=ORIENTED_EDGE('',*,*,#4279,.F.);
#2392=ORIENTED_EDGE('',*,*,#4280,.F.);
#2393=ORIENTED_EDGE('',*,*,#4281,.F.);
#2394=ORIENTED_EDGE('',*,*,#4282,.F.);
#2395=ORIENTED_EDGE('',*,*,#4283,.F.);
#2396=ORIENTED_EDGE('',*,*,#4284,.F.);
#2397=ORIENTED_EDGE('',*,*,#4285,.F.);
#2398=ORIENTED_EDGE('',*,*,#4286,.F.);
#2399=ORIENTED_EDGE('',*,*,#4287,.F.);
#2400=ORIENTED_EDGE('',*,*,#4288,.F.);
#2401=ORIENTED_EDGE('',*,*,#4289,.F.);
#2402=ORIENTED_EDGE('',*,*,#4290,.F.);
#2403=ORIENTED_EDGE('',*,*,#4291,.F.);
#2404=ORIENTED_EDGE('',*,*,#4292,.F.);
#2405=ORIENTED_EDGE('',*,*,#4293,.F.);
#2406=ORIENTED_EDGE('',*,*,#4294,.F.);
#2407=ORIENTED_EDGE('',*,*,#4295,.F.);
#2408=ORIENTED_EDGE('',*,*,#4296,.F.);
#2409=ORIENTED_EDGE('',*,*,#4297,.F.);
#2410=ORIENTED_EDGE('',*,*,#4298,.F.);
#2411=ORIENTED_EDGE('',*,*,#4299,.F.);
#2412=ORIENTED_EDGE('',*,*,#4300,.F.);
#2413=ORIENTED_EDGE('',*,*,#4301,.F.);
#2414=ORIENTED_EDGE('',*,*,#4302,.F.);
#2415=ORIENTED_EDGE('',*,*,#4303,.F.);
#2416=ORIENTED_EDGE('',*,*,#4304,.F.);
#2417=ORIENTED_EDGE('',*,*,#4305,.F.);
#2418=ORIENTED_EDGE('',*,*,#4305,.T.);
#2419=ORIENTED_EDGE('',*,*,#4306,.F.);
#2420=ORIENTED_EDGE('',*,*,#4307,.F.);
#2421=ORIENTED_EDGE('',*,*,#4308,.F.);
#2422=ORIENTED_EDGE('',*,*,#4309,.F.);
#2423=ORIENTED_EDGE('',*,*,#4310,.F.);
#2424=ORIENTED_EDGE('',*,*,#4311,.F.);
#2425=ORIENTED_EDGE('',*,*,#4312,.F.);
#2426=ORIENTED_EDGE('',*,*,#4313,.F.);
#2427=ORIENTED_EDGE('',*,*,#4314,.F.);
#2428=ORIENTED_EDGE('',*,*,#4315,.F.);
#2429=ORIENTED_EDGE('',*,*,#4316,.F.);
#2430=ORIENTED_EDGE('',*,*,#4317,.F.);
#2431=ORIENTED_EDGE('',*,*,#4318,.F.);
#2432=ORIENTED_EDGE('',*,*,#4319,.F.);
#2433=ORIENTED_EDGE('',*,*,#4320,.F.);
#2434=ORIENTED_EDGE('',*,*,#4321,.F.);
#2435=ORIENTED_EDGE('',*,*,#4322,.F.);
#2436=ORIENTED_EDGE('',*,*,#4323,.F.);
#2437=ORIENTED_EDGE('',*,*,#4324,.F.);
#2438=ORIENTED_EDGE('',*,*,#4325,.F.);
#2439=ORIENTED_EDGE('',*,*,#4326,.F.);
#2440=ORIENTED_EDGE('',*,*,#4327,.F.);
#2441=ORIENTED_EDGE('',*,*,#4328,.F.);
#2442=ORIENTED_EDGE('',*,*,#4329,.F.);
#2443=ORIENTED_EDGE('',*,*,#4330,.F.);
#2444=ORIENTED_EDGE('',*,*,#4331,.F.);
#2445=ORIENTED_EDGE('',*,*,#4332,.F.);
#2446=ORIENTED_EDGE('',*,*,#4333,.F.);
#2447=ORIENTED_EDGE('',*,*,#4334,.F.);
#2448=ORIENTED_EDGE('',*,*,#4335,.F.);
#2449=ORIENTED_EDGE('',*,*,#4336,.F.);
#2450=ORIENTED_EDGE('',*,*,#4337,.F.);
#2451=ORIENTED_EDGE('',*,*,#4338,.F.);
#2452=ORIENTED_EDGE('',*,*,#4339,.F.);
#2453=ORIENTED_EDGE('',*,*,#4340,.F.);
#2454=ORIENTED_EDGE('',*,*,#4341,.F.);
#2455=ORIENTED_EDGE('',*,*,#4342,.F.);
#2456=ORIENTED_EDGE('',*,*,#4343,.F.);
#2457=ORIENTED_EDGE('',*,*,#4344,.F.);
#2458=ORIENTED_EDGE('',*,*,#4345,.F.);
#2459=ORIENTED_EDGE('',*,*,#4346,.F.);
#2460=ORIENTED_EDGE('',*,*,#4347,.F.);
#2461=ORIENTED_EDGE('',*,*,#4348,.F.);
#2462=ORIENTED_EDGE('',*,*,#4349,.F.);
#2463=ORIENTED_EDGE('',*,*,#4350,.F.);
#2464=ORIENTED_EDGE('',*,*,#4351,.F.);
#2465=ORIENTED_EDGE('',*,*,#4352,.F.);
#2466=ORIENTED_EDGE('',*,*,#4353,.F.);
#2467=ORIENTED_EDGE('',*,*,#4354,.F.);
#2468=ORIENTED_EDGE('',*,*,#4355,.F.);
#2469=ORIENTED_EDGE('',*,*,#4356,.F.);
#2470=ORIENTED_EDGE('',*,*,#4357,.F.);
#2471=ORIENTED_EDGE('',*,*,#4358,.F.);
#2472=ORIENTED_EDGE('',*,*,#4359,.F.);
#2473=ORIENTED_EDGE('',*,*,#4360,.F.);
#2474=ORIENTED_EDGE('',*,*,#4361,.F.);
#2475=ORIENTED_EDGE('',*,*,#4362,.F.);
#2476=ORIENTED_EDGE('',*,*,#4363,.F.);
#2477=ORIENTED_EDGE('',*,*,#4364,.F.);
#2478=ORIENTED_EDGE('',*,*,#4365,.F.);
#2479=ORIENTED_EDGE('',*,*,#4366,.F.);
#2480=ORIENTED_EDGE('',*,*,#4367,.F.);
#2481=ORIENTED_EDGE('',*,*,#4368,.F.);
#2482=ORIENTED_EDGE('',*,*,#4369,.F.);
#2483=ORIENTED_EDGE('',*,*,#4370,.F.);
#2484=ORIENTED_EDGE('',*,*,#4371,.F.);
#2485=ORIENTED_EDGE('',*,*,#4372,.F.);
#2486=ORIENTED_EDGE('',*,*,#4373,.F.);
#2487=ORIENTED_EDGE('',*,*,#4374,.F.);
#2488=ORIENTED_EDGE('',*,*,#4375,.F.);
#2489=ORIENTED_EDGE('',*,*,#4376,.F.);
#2490=ORIENTED_EDGE('',*,*,#4377,.F.);
#2491=ORIENTED_EDGE('',*,*,#4378,.F.);
#2492=ORIENTED_EDGE('',*,*,#4379,.F.);
#2493=ORIENTED_EDGE('',*,*,#4380,.F.);
#2494=ORIENTED_EDGE('',*,*,#4381,.F.);
#2495=ORIENTED_EDGE('',*,*,#4382,.F.);
#2496=ORIENTED_EDGE('',*,*,#4383,.F.);
#2497=ORIENTED_EDGE('',*,*,#4384,.F.);
#2498=ORIENTED_EDGE('',*,*,#4371,.T.);
#2499=ORIENTED_EDGE('',*,*,#4385,.F.);
#2500=ORIENTED_EDGE('',*,*,#4386,.F.);
#2501=ORIENTED_EDGE('',*,*,#4387,.F.);
#2502=ORIENTED_EDGE('',*,*,#4388,.F.);
#2503=ORIENTED_EDGE('',*,*,#4389,.F.);
#2504=ORIENTED_EDGE('',*,*,#4390,.F.);
#2505=ORIENTED_EDGE('',*,*,#4391,.F.);
#2506=ORIENTED_EDGE('',*,*,#4392,.F.);
#2507=ORIENTED_EDGE('',*,*,#4393,.F.);
#2508=ORIENTED_EDGE('',*,*,#4394,.F.);
#2509=ORIENTED_EDGE('',*,*,#4395,.F.);
#2510=ORIENTED_EDGE('',*,*,#4396,.F.);
#2511=ORIENTED_EDGE('',*,*,#4397,.F.);
#2512=ORIENTED_EDGE('',*,*,#4398,.F.);
#2513=ORIENTED_EDGE('',*,*,#4399,.F.);
#2514=ORIENTED_EDGE('',*,*,#4400,.F.);
#2515=ORIENTED_EDGE('',*,*,#4401,.F.);
#2516=ORIENTED_EDGE('',*,*,#4402,.F.);
#2517=ORIENTED_EDGE('',*,*,#4403,.F.);
#2518=ORIENTED_EDGE('',*,*,#4404,.F.);
#2519=ORIENTED_EDGE('',*,*,#4405,.F.);
#2520=ORIENTED_EDGE('',*,*,#4406,.F.);
#2521=ORIENTED_EDGE('',*,*,#4407,.F.);
#2522=ORIENTED_EDGE('',*,*,#4408,.F.);
#2523=ORIENTED_EDGE('',*,*,#4409,.F.);
#2524=ORIENTED_EDGE('',*,*,#4410,.F.);
#2525=ORIENTED_EDGE('',*,*,#4411,.F.);
#2526=ORIENTED_EDGE('',*,*,#4412,.F.);
#2527=ORIENTED_EDGE('',*,*,#4413,.F.);
#2528=ORIENTED_EDGE('',*,*,#4414,.F.);
#2529=ORIENTED_EDGE('',*,*,#4415,.F.);
#2530=ORIENTED_EDGE('',*,*,#4416,.F.);
#2531=ORIENTED_EDGE('',*,*,#4417,.F.);
#2532=ORIENTED_EDGE('',*,*,#4418,.F.);
#2533=ORIENTED_EDGE('',*,*,#4419,.F.);
#2534=ORIENTED_EDGE('',*,*,#4420,.F.);
#2535=ORIENTED_EDGE('',*,*,#4421,.F.);
#2536=ORIENTED_EDGE('',*,*,#4422,.F.);
#2537=ORIENTED_EDGE('',*,*,#4423,.F.);
#2538=ORIENTED_EDGE('',*,*,#4424,.F.);
#2539=ORIENTED_EDGE('',*,*,#4425,.F.);
#2540=ORIENTED_EDGE('',*,*,#4426,.F.);
#2541=ORIENTED_EDGE('',*,*,#4427,.F.);
#2542=ORIENTED_EDGE('',*,*,#4428,.F.);
#2543=ORIENTED_EDGE('',*,*,#4429,.F.);
#2544=ORIENTED_EDGE('',*,*,#4430,.F.);
#2545=ORIENTED_EDGE('',*,*,#4431,.F.);
#2546=ORIENTED_EDGE('',*,*,#4432,.F.);
#2547=ORIENTED_EDGE('',*,*,#4433,.F.);
#2548=ORIENTED_EDGE('',*,*,#4434,.F.);
#2549=ORIENTED_EDGE('',*,*,#4435,.F.);
#2550=ORIENTED_EDGE('',*,*,#4436,.F.);
#2551=ORIENTED_EDGE('',*,*,#4437,.F.);
#2552=ORIENTED_EDGE('',*,*,#4438,.F.);
#2553=ORIENTED_EDGE('',*,*,#4439,.F.);
#2554=ORIENTED_EDGE('',*,*,#4440,.F.);
#2555=ORIENTED_EDGE('',*,*,#4441,.F.);
#2556=ORIENTED_EDGE('',*,*,#4442,.F.);
#2557=ORIENTED_EDGE('',*,*,#4443,.F.);
#2558=ORIENTED_EDGE('',*,*,#4444,.F.);
#2559=ORIENTED_EDGE('',*,*,#4445,.F.);
#2560=ORIENTED_EDGE('',*,*,#4446,.F.);
#2561=ORIENTED_EDGE('',*,*,#4447,.F.);
#2562=ORIENTED_EDGE('',*,*,#4448,.F.);
#2563=ORIENTED_EDGE('',*,*,#4449,.F.);
#2564=ORIENTED_EDGE('',*,*,#4450,.F.);
#2565=ORIENTED_EDGE('',*,*,#4451,.F.);
#2566=ORIENTED_EDGE('',*,*,#4452,.F.);
#2567=ORIENTED_EDGE('',*,*,#4453,.F.);
#2568=ORIENTED_EDGE('',*,*,#4454,.F.);
#2569=ORIENTED_EDGE('',*,*,#4455,.F.);
#2570=ORIENTED_EDGE('',*,*,#4456,.F.);
#2571=ORIENTED_EDGE('',*,*,#4457,.F.);
#2572=ORIENTED_EDGE('',*,*,#4458,.F.);
#2573=ORIENTED_EDGE('',*,*,#4459,.F.);
#2574=ORIENTED_EDGE('',*,*,#4460,.F.);
#2575=ORIENTED_EDGE('',*,*,#4461,.F.);
#2576=ORIENTED_EDGE('',*,*,#4462,.F.);
#2577=ORIENTED_EDGE('',*,*,#4463,.F.);
#2578=ORIENTED_EDGE('',*,*,#4464,.F.);
#2579=ORIENTED_EDGE('',*,*,#4465,.F.);
#2580=ORIENTED_EDGE('',*,*,#4466,.F.);
#2581=ORIENTED_EDGE('',*,*,#4467,.F.);
#2582=ORIENTED_EDGE('',*,*,#4468,.F.);
#2583=ORIENTED_EDGE('',*,*,#4469,.F.);
#2584=ORIENTED_EDGE('',*,*,#4470,.F.);
#2585=ORIENTED_EDGE('',*,*,#4471,.F.);
#2586=ORIENTED_EDGE('',*,*,#4472,.F.);
#2587=ORIENTED_EDGE('',*,*,#4473,.F.);
#2588=ORIENTED_EDGE('',*,*,#4474,.F.);
#2589=ORIENTED_EDGE('',*,*,#4475,.F.);
#2590=ORIENTED_EDGE('',*,*,#4476,.F.);
#2591=ORIENTED_EDGE('',*,*,#4477,.F.);
#2592=ORIENTED_EDGE('',*,*,#4478,.F.);
#2593=ORIENTED_EDGE('',*,*,#4479,.F.);
#2594=ORIENTED_EDGE('',*,*,#4480,.F.);
#2595=ORIENTED_EDGE('',*,*,#4481,.F.);
#2596=ORIENTED_EDGE('',*,*,#4482,.F.);
#2597=ORIENTED_EDGE('',*,*,#4483,.F.);
#2598=ORIENTED_EDGE('',*,*,#4484,.F.);
#2599=ORIENTED_EDGE('',*,*,#4485,.F.);
#2600=ORIENTED_EDGE('',*,*,#4486,.F.);
#2601=ORIENTED_EDGE('',*,*,#4487,.F.);
#2602=ORIENTED_EDGE('',*,*,#4488,.F.);
#2603=ORIENTED_EDGE('',*,*,#4489,.F.);
#2604=ORIENTED_EDGE('',*,*,#4490,.F.);
#2605=ORIENTED_EDGE('',*,*,#4491,.F.);
#2606=ORIENTED_EDGE('',*,*,#4492,.F.);
#2607=ORIENTED_EDGE('',*,*,#4493,.F.);
#2608=ORIENTED_EDGE('',*,*,#4494,.F.);
#2609=ORIENTED_EDGE('',*,*,#4495,.F.);
#2610=ORIENTED_EDGE('',*,*,#4496,.F.);
#2611=ORIENTED_EDGE('',*,*,#4497,.F.);
#2612=ORIENTED_EDGE('',*,*,#4498,.F.);
#2613=ORIENTED_EDGE('',*,*,#4499,.F.);
#2614=ORIENTED_EDGE('',*,*,#4500,.F.);
#2615=ORIENTED_EDGE('',*,*,#4501,.F.);
#2616=ORIENTED_EDGE('',*,*,#4502,.F.);
#2617=ORIENTED_EDGE('',*,*,#4503,.F.);
#2618=ORIENTED_EDGE('',*,*,#4504,.F.);
#2619=ORIENTED_EDGE('',*,*,#4505,.F.);
#2620=ORIENTED_EDGE('',*,*,#4506,.F.);
#2621=ORIENTED_EDGE('',*,*,#4507,.F.);
#2622=ORIENTED_EDGE('',*,*,#4508,.F.);
#2623=ORIENTED_EDGE('',*,*,#4509,.F.);
#2624=ORIENTED_EDGE('',*,*,#4510,.F.);
#2625=ORIENTED_EDGE('',*,*,#4511,.F.);
#2626=ORIENTED_EDGE('',*,*,#4511,.T.);
#2627=ORIENTED_EDGE('',*,*,#4512,.F.);
#2628=ORIENTED_EDGE('',*,*,#4513,.T.);
#2629=ORIENTED_EDGE('',*,*,#3861,.T.);
#2630=ORIENTED_EDGE('',*,*,#3860,.T.);
#2631=ORIENTED_EDGE('',*,*,#3868,.T.);
#2632=ORIENTED_EDGE('',*,*,#3867,.T.);
#2633=ORIENTED_EDGE('',*,*,#3866,.T.);
#2634=ORIENTED_EDGE('',*,*,#3865,.T.);
#2635=ORIENTED_EDGE('',*,*,#3864,.T.);
#2636=ORIENTED_EDGE('',*,*,#3863,.T.);
#2637=ORIENTED_EDGE('',*,*,#3862,.T.);
#2638=ORIENTED_EDGE('',*,*,#3870,.T.);
#2639=ORIENTED_EDGE('',*,*,#3869,.T.);
#2640=ORIENTED_EDGE('',*,*,#3880,.T.);
#2641=ORIENTED_EDGE('',*,*,#3879,.T.);
#2642=ORIENTED_EDGE('',*,*,#3878,.T.);
#2643=ORIENTED_EDGE('',*,*,#3877,.T.);
#2644=ORIENTED_EDGE('',*,*,#3876,.T.);
#2645=ORIENTED_EDGE('',*,*,#3875,.T.);
#2646=ORIENTED_EDGE('',*,*,#3874,.T.);
#2647=ORIENTED_EDGE('',*,*,#3873,.T.);
#2648=ORIENTED_EDGE('',*,*,#3872,.T.);
#2649=ORIENTED_EDGE('',*,*,#3871,.T.);
#2650=ORIENTED_EDGE('',*,*,#3883,.T.);
#2651=ORIENTED_EDGE('',*,*,#3881,.T.);
#2652=ORIENTED_EDGE('',*,*,#3895,.T.);
#2653=ORIENTED_EDGE('',*,*,#3894,.T.);
#2654=ORIENTED_EDGE('',*,*,#3893,.T.);
#2655=ORIENTED_EDGE('',*,*,#3892,.T.);
#2656=ORIENTED_EDGE('',*,*,#3891,.T.);
#2657=ORIENTED_EDGE('',*,*,#3890,.T.);
#2658=ORIENTED_EDGE('',*,*,#3889,.T.);
#2659=ORIENTED_EDGE('',*,*,#3888,.T.);
#2660=ORIENTED_EDGE('',*,*,#3887,.T.);
#2661=ORIENTED_EDGE('',*,*,#3886,.T.);
#2662=ORIENTED_EDGE('',*,*,#3885,.T.);
#2663=ORIENTED_EDGE('',*,*,#3884,.T.);
#2664=ORIENTED_EDGE('',*,*,#3897,.T.);
#2665=ORIENTED_EDGE('',*,*,#3896,.T.);
#2666=ORIENTED_EDGE('',*,*,#3912,.T.);
#2667=ORIENTED_EDGE('',*,*,#3911,.T.);
#2668=ORIENTED_EDGE('',*,*,#3910,.T.);
#2669=ORIENTED_EDGE('',*,*,#3909,.T.);
#2670=ORIENTED_EDGE('',*,*,#3908,.T.);
#2671=ORIENTED_EDGE('',*,*,#3907,.T.);
#2672=ORIENTED_EDGE('',*,*,#3906,.T.);
#2673=ORIENTED_EDGE('',*,*,#3905,.T.);
#2674=ORIENTED_EDGE('',*,*,#3904,.T.);
#2675=ORIENTED_EDGE('',*,*,#3903,.T.);
#2676=ORIENTED_EDGE('',*,*,#3902,.T.);
#2677=ORIENTED_EDGE('',*,*,#3901,.T.);
#2678=ORIENTED_EDGE('',*,*,#3900,.T.);
#2679=ORIENTED_EDGE('',*,*,#3899,.T.);
#2680=ORIENTED_EDGE('',*,*,#3898,.T.);
#2681=ORIENTED_EDGE('',*,*,#3914,.T.);
#2682=ORIENTED_EDGE('',*,*,#3913,.T.);
#2683=ORIENTED_EDGE('',*,*,#3936,.T.);
#2684=ORIENTED_EDGE('',*,*,#3935,.T.);
#2685=ORIENTED_EDGE('',*,*,#3934,.T.);
#2686=ORIENTED_EDGE('',*,*,#3933,.T.);
#2687=ORIENTED_EDGE('',*,*,#3932,.T.);
#2688=ORIENTED_EDGE('',*,*,#3931,.T.);
#2689=ORIENTED_EDGE('',*,*,#3930,.T.);
#2690=ORIENTED_EDGE('',*,*,#3929,.T.);
#2691=ORIENTED_EDGE('',*,*,#3928,.T.);
#2692=ORIENTED_EDGE('',*,*,#3927,.T.);
#2693=ORIENTED_EDGE('',*,*,#3926,.T.);
#2694=ORIENTED_EDGE('',*,*,#3925,.T.);
#2695=ORIENTED_EDGE('',*,*,#3924,.T.);
#2696=ORIENTED_EDGE('',*,*,#3923,.T.);
#2697=ORIENTED_EDGE('',*,*,#3922,.T.);
#2698=ORIENTED_EDGE('',*,*,#3921,.T.);
#2699=ORIENTED_EDGE('',*,*,#3920,.T.);
#2700=ORIENTED_EDGE('',*,*,#3919,.T.);
#2701=ORIENTED_EDGE('',*,*,#3918,.T.);
#2702=ORIENTED_EDGE('',*,*,#3917,.T.);
#2703=ORIENTED_EDGE('',*,*,#3916,.T.);
#2704=ORIENTED_EDGE('',*,*,#3915,.T.);
#2705=ORIENTED_EDGE('',*,*,#3938,.T.);
#2706=ORIENTED_EDGE('',*,*,#3937,.T.);
#2707=ORIENTED_EDGE('',*,*,#3953,.T.);
#2708=ORIENTED_EDGE('',*,*,#3952,.T.);
#2709=ORIENTED_EDGE('',*,*,#3951,.T.);
#2710=ORIENTED_EDGE('',*,*,#3950,.T.);
#2711=ORIENTED_EDGE('',*,*,#3949,.T.);
#2712=ORIENTED_EDGE('',*,*,#3948,.T.);
#2713=ORIENTED_EDGE('',*,*,#3947,.T.);
#2714=ORIENTED_EDGE('',*,*,#3946,.T.);
#2715=ORIENTED_EDGE('',*,*,#3945,.T.);
#2716=ORIENTED_EDGE('',*,*,#3944,.T.);
#2717=ORIENTED_EDGE('',*,*,#3943,.T.);
#2718=ORIENTED_EDGE('',*,*,#3942,.T.);
#2719=ORIENTED_EDGE('',*,*,#3941,.T.);
#2720=ORIENTED_EDGE('',*,*,#3940,.T.);
#2721=ORIENTED_EDGE('',*,*,#3939,.T.);
#2722=ORIENTED_EDGE('',*,*,#3955,.T.);
#2723=ORIENTED_EDGE('',*,*,#3954,.T.);
#2724=ORIENTED_EDGE('',*,*,#3977,.T.);
#2725=ORIENTED_EDGE('',*,*,#3976,.T.);
#2726=ORIENTED_EDGE('',*,*,#3975,.T.);
#2727=ORIENTED_EDGE('',*,*,#3974,.T.);
#2728=ORIENTED_EDGE('',*,*,#3973,.T.);
#2729=ORIENTED_EDGE('',*,*,#3972,.T.);
#2730=ORIENTED_EDGE('',*,*,#3971,.T.);
#2731=ORIENTED_EDGE('',*,*,#3970,.T.);
#2732=ORIENTED_EDGE('',*,*,#3969,.T.);
#2733=ORIENTED_EDGE('',*,*,#3968,.T.);
#2734=ORIENTED_EDGE('',*,*,#3967,.T.);
#2735=ORIENTED_EDGE('',*,*,#3966,.T.);
#2736=ORIENTED_EDGE('',*,*,#3965,.T.);
#2737=ORIENTED_EDGE('',*,*,#3964,.T.);
#2738=ORIENTED_EDGE('',*,*,#3963,.T.);
#2739=ORIENTED_EDGE('',*,*,#3962,.T.);
#2740=ORIENTED_EDGE('',*,*,#3961,.T.);
#2741=ORIENTED_EDGE('',*,*,#3960,.T.);
#2742=ORIENTED_EDGE('',*,*,#3959,.T.);
#2743=ORIENTED_EDGE('',*,*,#3958,.T.);
#2744=ORIENTED_EDGE('',*,*,#3957,.T.);
#2745=ORIENTED_EDGE('',*,*,#3956,.T.);
#2746=ORIENTED_EDGE('',*,*,#3978,.T.);
#2747=ORIENTED_EDGE('',*,*,#3981,.T.);
#2748=ORIENTED_EDGE('',*,*,#3980,.T.);
#2749=ORIENTED_EDGE('',*,*,#4002,.T.);
#2750=ORIENTED_EDGE('',*,*,#4001,.T.);
#2751=ORIENTED_EDGE('',*,*,#4000,.T.);
#2752=ORIENTED_EDGE('',*,*,#3999,.T.);
#2753=ORIENTED_EDGE('',*,*,#3998,.T.);
#2754=ORIENTED_EDGE('',*,*,#3997,.T.);
#2755=ORIENTED_EDGE('',*,*,#3996,.T.);
#2756=ORIENTED_EDGE('',*,*,#3995,.T.);
#2757=ORIENTED_EDGE('',*,*,#3994,.T.);
#2758=ORIENTED_EDGE('',*,*,#3993,.T.);
#2759=ORIENTED_EDGE('',*,*,#3992,.T.);
#2760=ORIENTED_EDGE('',*,*,#3991,.T.);
#2761=ORIENTED_EDGE('',*,*,#3990,.T.);
#2762=ORIENTED_EDGE('',*,*,#3989,.T.);
#2763=ORIENTED_EDGE('',*,*,#3988,.T.);
#2764=ORIENTED_EDGE('',*,*,#3987,.T.);
#2765=ORIENTED_EDGE('',*,*,#3986,.T.);
#2766=ORIENTED_EDGE('',*,*,#3985,.T.);
#2767=ORIENTED_EDGE('',*,*,#3984,.T.);
#2768=ORIENTED_EDGE('',*,*,#3983,.T.);
#2769=ORIENTED_EDGE('',*,*,#3982,.T.);
#2770=ORIENTED_EDGE('',*,*,#4004,.T.);
#2771=ORIENTED_EDGE('',*,*,#4003,.T.);
#2772=ORIENTED_EDGE('',*,*,#4022,.T.);
#2773=ORIENTED_EDGE('',*,*,#4021,.T.);
#2774=ORIENTED_EDGE('',*,*,#4020,.T.);
#2775=ORIENTED_EDGE('',*,*,#4019,.T.);
#2776=ORIENTED_EDGE('',*,*,#4018,.T.);
#2777=ORIENTED_EDGE('',*,*,#4017,.T.);
#2778=ORIENTED_EDGE('',*,*,#4016,.T.);
#2779=ORIENTED_EDGE('',*,*,#4015,.T.);
#2780=ORIENTED_EDGE('',*,*,#4014,.T.);
#2781=ORIENTED_EDGE('',*,*,#4013,.T.);
#2782=ORIENTED_EDGE('',*,*,#4012,.T.);
#2783=ORIENTED_EDGE('',*,*,#4011,.T.);
#2784=ORIENTED_EDGE('',*,*,#4010,.T.);
#2785=ORIENTED_EDGE('',*,*,#4009,.T.);
#2786=ORIENTED_EDGE('',*,*,#4008,.T.);
#2787=ORIENTED_EDGE('',*,*,#4007,.T.);
#2788=ORIENTED_EDGE('',*,*,#4006,.T.);
#2789=ORIENTED_EDGE('',*,*,#4005,.T.);
#2790=ORIENTED_EDGE('',*,*,#4024,.T.);
#2791=ORIENTED_EDGE('',*,*,#4023,.T.);
#2792=ORIENTED_EDGE('',*,*,#4031,.T.);
#2793=ORIENTED_EDGE('',*,*,#4030,.T.);
#2794=ORIENTED_EDGE('',*,*,#4029,.T.);
#2795=ORIENTED_EDGE('',*,*,#4028,.T.);
#2796=ORIENTED_EDGE('',*,*,#4027,.T.);
#2797=ORIENTED_EDGE('',*,*,#4026,.T.);
#2798=ORIENTED_EDGE('',*,*,#4025,.T.);
#2799=ORIENTED_EDGE('',*,*,#4033,.T.);
#2800=ORIENTED_EDGE('',*,*,#4032,.T.);
#2801=ORIENTED_EDGE('',*,*,#4043,.T.);
#2802=ORIENTED_EDGE('',*,*,#4042,.T.);
#2803=ORIENTED_EDGE('',*,*,#4041,.T.);
#2804=ORIENTED_EDGE('',*,*,#4040,.T.);
#2805=ORIENTED_EDGE('',*,*,#4039,.T.);
#2806=ORIENTED_EDGE('',*,*,#4038,.T.);
#2807=ORIENTED_EDGE('',*,*,#4037,.T.);
#2808=ORIENTED_EDGE('',*,*,#4036,.T.);
#2809=ORIENTED_EDGE('',*,*,#4035,.T.);
#2810=ORIENTED_EDGE('',*,*,#4034,.T.);
#2811=ORIENTED_EDGE('',*,*,#4046,.T.);
#2812=ORIENTED_EDGE('',*,*,#4044,.T.);
#2813=ORIENTED_EDGE('',*,*,#4058,.T.);
#2814=ORIENTED_EDGE('',*,*,#4057,.T.);
#2815=ORIENTED_EDGE('',*,*,#4056,.T.);
#2816=ORIENTED_EDGE('',*,*,#4055,.T.);
#2817=ORIENTED_EDGE('',*,*,#4054,.T.);
#2818=ORIENTED_EDGE('',*,*,#4053,.T.);
#2819=ORIENTED_EDGE('',*,*,#4052,.T.);
#2820=ORIENTED_EDGE('',*,*,#4051,.T.);
#2821=ORIENTED_EDGE('',*,*,#4050,.T.);
#2822=ORIENTED_EDGE('',*,*,#4049,.T.);
#2823=ORIENTED_EDGE('',*,*,#4048,.T.);
#2824=ORIENTED_EDGE('',*,*,#4047,.T.);
#2825=ORIENTED_EDGE('',*,*,#4060,.T.);
#2826=ORIENTED_EDGE('',*,*,#4059,.T.);
#2827=ORIENTED_EDGE('',*,*,#4075,.T.);
#2828=ORIENTED_EDGE('',*,*,#4074,.T.);
#2829=ORIENTED_EDGE('',*,*,#4073,.T.);
#2830=ORIENTED_EDGE('',*,*,#4072,.T.);
#2831=ORIENTED_EDGE('',*,*,#4071,.T.);
#2832=ORIENTED_EDGE('',*,*,#4070,.T.);
#2833=ORIENTED_EDGE('',*,*,#4069,.T.);
#2834=ORIENTED_EDGE('',*,*,#4068,.T.);
#2835=ORIENTED_EDGE('',*,*,#4067,.T.);
#2836=ORIENTED_EDGE('',*,*,#4066,.T.);
#2837=ORIENTED_EDGE('',*,*,#4065,.T.);
#2838=ORIENTED_EDGE('',*,*,#4064,.T.);
#2839=ORIENTED_EDGE('',*,*,#4063,.T.);
#2840=ORIENTED_EDGE('',*,*,#4062,.T.);
#2841=ORIENTED_EDGE('',*,*,#4061,.T.);
#2842=ORIENTED_EDGE('',*,*,#4077,.T.);
#2843=ORIENTED_EDGE('',*,*,#4076,.T.);
#2844=ORIENTED_EDGE('',*,*,#4099,.T.);
#2845=ORIENTED_EDGE('',*,*,#4098,.T.);
#2846=ORIENTED_EDGE('',*,*,#4097,.T.);
#2847=ORIENTED_EDGE('',*,*,#4096,.T.);
#2848=ORIENTED_EDGE('',*,*,#4095,.T.);
#2849=ORIENTED_EDGE('',*,*,#4094,.T.);
#2850=ORIENTED_EDGE('',*,*,#4093,.T.);
#2851=ORIENTED_EDGE('',*,*,#4092,.T.);
#2852=ORIENTED_EDGE('',*,*,#4091,.T.);
#2853=ORIENTED_EDGE('',*,*,#4090,.T.);
#2854=ORIENTED_EDGE('',*,*,#4089,.T.);
#2855=ORIENTED_EDGE('',*,*,#4088,.T.);
#2856=ORIENTED_EDGE('',*,*,#4087,.T.);
#2857=ORIENTED_EDGE('',*,*,#4086,.T.);
#2858=ORIENTED_EDGE('',*,*,#4085,.T.);
#2859=ORIENTED_EDGE('',*,*,#4084,.T.);
#2860=ORIENTED_EDGE('',*,*,#4083,.T.);
#2861=ORIENTED_EDGE('',*,*,#4082,.T.);
#2862=ORIENTED_EDGE('',*,*,#4081,.T.);
#2863=ORIENTED_EDGE('',*,*,#4080,.T.);
#2864=ORIENTED_EDGE('',*,*,#4079,.T.);
#2865=ORIENTED_EDGE('',*,*,#4078,.T.);
#2866=ORIENTED_EDGE('',*,*,#4101,.T.);
#2867=ORIENTED_EDGE('',*,*,#4100,.T.);
#2868=ORIENTED_EDGE('',*,*,#4116,.T.);
#2869=ORIENTED_EDGE('',*,*,#4115,.T.);
#2870=ORIENTED_EDGE('',*,*,#4114,.T.);
#2871=ORIENTED_EDGE('',*,*,#4113,.T.);
#2872=ORIENTED_EDGE('',*,*,#4112,.T.);
#2873=ORIENTED_EDGE('',*,*,#4111,.T.);
#2874=ORIENTED_EDGE('',*,*,#4110,.T.);
#2875=ORIENTED_EDGE('',*,*,#4109,.T.);
#2876=ORIENTED_EDGE('',*,*,#4108,.T.);
#2877=ORIENTED_EDGE('',*,*,#4107,.T.);
#2878=ORIENTED_EDGE('',*,*,#4106,.T.);
#2879=ORIENTED_EDGE('',*,*,#4105,.T.);
#2880=ORIENTED_EDGE('',*,*,#4104,.T.);
#2881=ORIENTED_EDGE('',*,*,#4103,.T.);
#2882=ORIENTED_EDGE('',*,*,#4102,.T.);
#2883=ORIENTED_EDGE('',*,*,#4118,.T.);
#2884=ORIENTED_EDGE('',*,*,#4117,.T.);
#2885=ORIENTED_EDGE('',*,*,#4140,.T.);
#2886=ORIENTED_EDGE('',*,*,#4139,.T.);
#2887=ORIENTED_EDGE('',*,*,#4138,.T.);
#2888=ORIENTED_EDGE('',*,*,#4137,.T.);
#2889=ORIENTED_EDGE('',*,*,#4136,.T.);
#2890=ORIENTED_EDGE('',*,*,#4135,.T.);
#2891=ORIENTED_EDGE('',*,*,#4134,.T.);
#2892=ORIENTED_EDGE('',*,*,#4133,.T.);
#2893=ORIENTED_EDGE('',*,*,#4132,.T.);
#2894=ORIENTED_EDGE('',*,*,#4131,.T.);
#2895=ORIENTED_EDGE('',*,*,#4130,.T.);
#2896=ORIENTED_EDGE('',*,*,#4129,.T.);
#2897=ORIENTED_EDGE('',*,*,#4128,.T.);
#2898=ORIENTED_EDGE('',*,*,#4127,.T.);
#2899=ORIENTED_EDGE('',*,*,#4126,.T.);
#2900=ORIENTED_EDGE('',*,*,#4125,.T.);
#2901=ORIENTED_EDGE('',*,*,#4124,.T.);
#2902=ORIENTED_EDGE('',*,*,#4123,.T.);
#2903=ORIENTED_EDGE('',*,*,#4122,.T.);
#2904=ORIENTED_EDGE('',*,*,#4121,.T.);
#2905=ORIENTED_EDGE('',*,*,#4120,.T.);
#2906=ORIENTED_EDGE('',*,*,#4119,.T.);
#2907=ORIENTED_EDGE('',*,*,#4141,.T.);
#2908=ORIENTED_EDGE('',*,*,#4144,.T.);
#2909=ORIENTED_EDGE('',*,*,#4143,.T.);
#2910=ORIENTED_EDGE('',*,*,#4165,.T.);
#2911=ORIENTED_EDGE('',*,*,#4164,.T.);
#2912=ORIENTED_EDGE('',*,*,#4163,.T.);
#2913=ORIENTED_EDGE('',*,*,#4162,.T.);
#2914=ORIENTED_EDGE('',*,*,#4161,.T.);
#2915=ORIENTED_EDGE('',*,*,#4160,.T.);
#2916=ORIENTED_EDGE('',*,*,#4159,.T.);
#2917=ORIENTED_EDGE('',*,*,#4158,.T.);
#2918=ORIENTED_EDGE('',*,*,#4157,.T.);
#2919=ORIENTED_EDGE('',*,*,#4156,.T.);
#2920=ORIENTED_EDGE('',*,*,#4155,.T.);
#2921=ORIENTED_EDGE('',*,*,#4154,.T.);
#2922=ORIENTED_EDGE('',*,*,#4153,.T.);
#2923=ORIENTED_EDGE('',*,*,#4152,.T.);
#2924=ORIENTED_EDGE('',*,*,#4151,.T.);
#2925=ORIENTED_EDGE('',*,*,#4150,.T.);
#2926=ORIENTED_EDGE('',*,*,#4149,.T.);
#2927=ORIENTED_EDGE('',*,*,#4148,.T.);
#2928=ORIENTED_EDGE('',*,*,#4147,.T.);
#2929=ORIENTED_EDGE('',*,*,#4146,.T.);
#2930=ORIENTED_EDGE('',*,*,#4145,.T.);
#2931=ORIENTED_EDGE('',*,*,#4167,.T.);
#2932=ORIENTED_EDGE('',*,*,#4166,.T.);
#2933=ORIENTED_EDGE('',*,*,#4185,.T.);
#2934=ORIENTED_EDGE('',*,*,#4184,.T.);
#2935=ORIENTED_EDGE('',*,*,#4183,.T.);
#2936=ORIENTED_EDGE('',*,*,#4182,.T.);
#2937=ORIENTED_EDGE('',*,*,#4181,.T.);
#2938=ORIENTED_EDGE('',*,*,#4180,.T.);
#2939=ORIENTED_EDGE('',*,*,#4179,.T.);
#2940=ORIENTED_EDGE('',*,*,#4178,.T.);
#2941=ORIENTED_EDGE('',*,*,#4177,.T.);
#2942=ORIENTED_EDGE('',*,*,#4176,.T.);
#2943=ORIENTED_EDGE('',*,*,#4175,.T.);
#2944=ORIENTED_EDGE('',*,*,#4174,.T.);
#2945=ORIENTED_EDGE('',*,*,#4173,.T.);
#2946=ORIENTED_EDGE('',*,*,#4172,.T.);
#2947=ORIENTED_EDGE('',*,*,#4171,.T.);
#2948=ORIENTED_EDGE('',*,*,#4170,.T.);
#2949=ORIENTED_EDGE('',*,*,#4169,.T.);
#2950=ORIENTED_EDGE('',*,*,#4168,.T.);
#2951=ORIENTED_EDGE('',*,*,#4187,.T.);
#2952=ORIENTED_EDGE('',*,*,#4186,.T.);
#2953=ORIENTED_EDGE('',*,*,#4194,.T.);
#2954=ORIENTED_EDGE('',*,*,#4193,.T.);
#2955=ORIENTED_EDGE('',*,*,#4192,.T.);
#2956=ORIENTED_EDGE('',*,*,#4191,.T.);
#2957=ORIENTED_EDGE('',*,*,#4190,.T.);
#2958=ORIENTED_EDGE('',*,*,#4189,.T.);
#2959=ORIENTED_EDGE('',*,*,#4188,.T.);
#2960=ORIENTED_EDGE('',*,*,#4196,.T.);
#2961=ORIENTED_EDGE('',*,*,#4195,.T.);
#2962=ORIENTED_EDGE('',*,*,#4206,.T.);
#2963=ORIENTED_EDGE('',*,*,#4205,.T.);
#2964=ORIENTED_EDGE('',*,*,#4204,.T.);
#2965=ORIENTED_EDGE('',*,*,#4203,.T.);
#2966=ORIENTED_EDGE('',*,*,#4202,.T.);
#2967=ORIENTED_EDGE('',*,*,#4201,.T.);
#2968=ORIENTED_EDGE('',*,*,#4200,.T.);
#2969=ORIENTED_EDGE('',*,*,#4199,.T.);
#2970=ORIENTED_EDGE('',*,*,#4198,.T.);
#2971=ORIENTED_EDGE('',*,*,#4197,.T.);
#2972=ORIENTED_EDGE('',*,*,#4209,.T.);
#2973=ORIENTED_EDGE('',*,*,#4207,.T.);
#2974=ORIENTED_EDGE('',*,*,#4221,.T.);
#2975=ORIENTED_EDGE('',*,*,#4220,.T.);
#2976=ORIENTED_EDGE('',*,*,#4219,.T.);
#2977=ORIENTED_EDGE('',*,*,#4218,.T.);
#2978=ORIENTED_EDGE('',*,*,#4217,.T.);
#2979=ORIENTED_EDGE('',*,*,#4216,.T.);
#2980=ORIENTED_EDGE('',*,*,#4215,.T.);
#2981=ORIENTED_EDGE('',*,*,#4214,.T.);
#2982=ORIENTED_EDGE('',*,*,#4213,.T.);
#2983=ORIENTED_EDGE('',*,*,#4212,.T.);
#2984=ORIENTED_EDGE('',*,*,#4211,.T.);
#2985=ORIENTED_EDGE('',*,*,#4210,.T.);
#2986=ORIENTED_EDGE('',*,*,#4223,.T.);
#2987=ORIENTED_EDGE('',*,*,#4222,.T.);
#2988=ORIENTED_EDGE('',*,*,#4238,.T.);
#2989=ORIENTED_EDGE('',*,*,#4237,.T.);
#2990=ORIENTED_EDGE('',*,*,#4236,.T.);
#2991=ORIENTED_EDGE('',*,*,#4235,.T.);
#2992=ORIENTED_EDGE('',*,*,#4234,.T.);
#2993=ORIENTED_EDGE('',*,*,#4233,.T.);
#2994=ORIENTED_EDGE('',*,*,#4232,.T.);
#2995=ORIENTED_EDGE('',*,*,#4231,.T.);
#2996=ORIENTED_EDGE('',*,*,#4230,.T.);
#2997=ORIENTED_EDGE('',*,*,#4229,.T.);
#2998=ORIENTED_EDGE('',*,*,#4228,.T.);
#2999=ORIENTED_EDGE('',*,*,#4227,.T.);
#3000=ORIENTED_EDGE('',*,*,#4226,.T.);
#3001=ORIENTED_EDGE('',*,*,#4225,.T.);
#3002=ORIENTED_EDGE('',*,*,#4224,.T.);
#3003=ORIENTED_EDGE('',*,*,#4240,.T.);
#3004=ORIENTED_EDGE('',*,*,#4239,.T.);
#3005=ORIENTED_EDGE('',*,*,#4262,.T.);
#3006=ORIENTED_EDGE('',*,*,#4261,.T.);
#3007=ORIENTED_EDGE('',*,*,#4260,.T.);
#3008=ORIENTED_EDGE('',*,*,#4259,.T.);
#3009=ORIENTED_EDGE('',*,*,#4258,.T.);
#3010=ORIENTED_EDGE('',*,*,#4257,.T.);
#3011=ORIENTED_EDGE('',*,*,#4256,.T.);
#3012=ORIENTED_EDGE('',*,*,#4255,.T.);
#3013=ORIENTED_EDGE('',*,*,#4254,.T.);
#3014=ORIENTED_EDGE('',*,*,#4253,.T.);
#3015=ORIENTED_EDGE('',*,*,#4252,.T.);
#3016=ORIENTED_EDGE('',*,*,#4251,.T.);
#3017=ORIENTED_EDGE('',*,*,#4250,.T.);
#3018=ORIENTED_EDGE('',*,*,#4249,.T.);
#3019=ORIENTED_EDGE('',*,*,#4248,.T.);
#3020=ORIENTED_EDGE('',*,*,#4247,.T.);
#3021=ORIENTED_EDGE('',*,*,#4246,.T.);
#3022=ORIENTED_EDGE('',*,*,#4245,.T.);
#3023=ORIENTED_EDGE('',*,*,#4244,.T.);
#3024=ORIENTED_EDGE('',*,*,#4243,.T.);
#3025=ORIENTED_EDGE('',*,*,#4242,.T.);
#3026=ORIENTED_EDGE('',*,*,#4241,.T.);
#3027=ORIENTED_EDGE('',*,*,#4264,.T.);
#3028=ORIENTED_EDGE('',*,*,#4263,.T.);
#3029=ORIENTED_EDGE('',*,*,#4279,.T.);
#3030=ORIENTED_EDGE('',*,*,#4278,.T.);
#3031=ORIENTED_EDGE('',*,*,#4277,.T.);
#3032=ORIENTED_EDGE('',*,*,#4276,.T.);
#3033=ORIENTED_EDGE('',*,*,#4275,.T.);
#3034=ORIENTED_EDGE('',*,*,#4274,.T.);
#3035=ORIENTED_EDGE('',*,*,#4273,.T.);
#3036=ORIENTED_EDGE('',*,*,#4272,.T.);
#3037=ORIENTED_EDGE('',*,*,#4271,.T.);
#3038=ORIENTED_EDGE('',*,*,#4270,.T.);
#3039=ORIENTED_EDGE('',*,*,#4269,.T.);
#3040=ORIENTED_EDGE('',*,*,#4268,.T.);
#3041=ORIENTED_EDGE('',*,*,#4267,.T.);
#3042=ORIENTED_EDGE('',*,*,#4266,.T.);
#3043=ORIENTED_EDGE('',*,*,#4265,.T.);
#3044=ORIENTED_EDGE('',*,*,#4281,.T.);
#3045=ORIENTED_EDGE('',*,*,#4280,.T.);
#3046=ORIENTED_EDGE('',*,*,#4303,.T.);
#3047=ORIENTED_EDGE('',*,*,#4302,.T.);
#3048=ORIENTED_EDGE('',*,*,#4301,.T.);
#3049=ORIENTED_EDGE('',*,*,#4300,.T.);
#3050=ORIENTED_EDGE('',*,*,#4299,.T.);
#3051=ORIENTED_EDGE('',*,*,#4298,.T.);
#3052=ORIENTED_EDGE('',*,*,#4297,.T.);
#3053=ORIENTED_EDGE('',*,*,#4296,.T.);
#3054=ORIENTED_EDGE('',*,*,#4295,.T.);
#3055=ORIENTED_EDGE('',*,*,#4294,.T.);
#3056=ORIENTED_EDGE('',*,*,#4293,.T.);
#3057=ORIENTED_EDGE('',*,*,#4292,.T.);
#3058=ORIENTED_EDGE('',*,*,#4291,.T.);
#3059=ORIENTED_EDGE('',*,*,#4290,.T.);
#3060=ORIENTED_EDGE('',*,*,#4289,.T.);
#3061=ORIENTED_EDGE('',*,*,#4288,.T.);
#3062=ORIENTED_EDGE('',*,*,#4287,.T.);
#3063=ORIENTED_EDGE('',*,*,#4286,.T.);
#3064=ORIENTED_EDGE('',*,*,#4285,.T.);
#3065=ORIENTED_EDGE('',*,*,#4284,.T.);
#3066=ORIENTED_EDGE('',*,*,#4283,.T.);
#3067=ORIENTED_EDGE('',*,*,#4282,.T.);
#3068=ORIENTED_EDGE('',*,*,#4304,.T.);
#3069=ORIENTED_EDGE('',*,*,#4307,.T.);
#3070=ORIENTED_EDGE('',*,*,#4306,.T.);
#3071=ORIENTED_EDGE('',*,*,#4328,.T.);
#3072=ORIENTED_EDGE('',*,*,#4327,.T.);
#3073=ORIENTED_EDGE('',*,*,#4326,.T.);
#3074=ORIENTED_EDGE('',*,*,#4325,.T.);
#3075=ORIENTED_EDGE('',*,*,#4324,.T.);
#3076=ORIENTED_EDGE('',*,*,#4323,.T.);
#3077=ORIENTED_EDGE('',*,*,#4322,.T.);
#3078=ORIENTED_EDGE('',*,*,#4321,.T.);
#3079=ORIENTED_EDGE('',*,*,#4320,.T.);
#3080=ORIENTED_EDGE('',*,*,#4319,.T.);
#3081=ORIENTED_EDGE('',*,*,#4318,.T.);
#3082=ORIENTED_EDGE('',*,*,#4317,.T.);
#3083=ORIENTED_EDGE('',*,*,#4316,.T.);
#3084=ORIENTED_EDGE('',*,*,#4315,.T.);
#3085=ORIENTED_EDGE('',*,*,#4314,.T.);
#3086=ORIENTED_EDGE('',*,*,#4313,.T.);
#3087=ORIENTED_EDGE('',*,*,#4312,.T.);
#3088=ORIENTED_EDGE('',*,*,#4311,.T.);
#3089=ORIENTED_EDGE('',*,*,#4310,.T.);
#3090=ORIENTED_EDGE('',*,*,#4309,.T.);
#3091=ORIENTED_EDGE('',*,*,#4308,.T.);
#3092=ORIENTED_EDGE('',*,*,#4330,.T.);
#3093=ORIENTED_EDGE('',*,*,#4329,.T.);
#3094=ORIENTED_EDGE('',*,*,#4348,.T.);
#3095=ORIENTED_EDGE('',*,*,#4347,.T.);
#3096=ORIENTED_EDGE('',*,*,#4346,.T.);
#3097=ORIENTED_EDGE('',*,*,#4345,.T.);
#3098=ORIENTED_EDGE('',*,*,#4344,.T.);
#3099=ORIENTED_EDGE('',*,*,#4343,.T.);
#3100=ORIENTED_EDGE('',*,*,#4342,.T.);
#3101=ORIENTED_EDGE('',*,*,#4341,.T.);
#3102=ORIENTED_EDGE('',*,*,#4340,.T.);
#3103=ORIENTED_EDGE('',*,*,#4339,.T.);
#3104=ORIENTED_EDGE('',*,*,#4338,.T.);
#3105=ORIENTED_EDGE('',*,*,#4337,.T.);
#3106=ORIENTED_EDGE('',*,*,#4336,.T.);
#3107=ORIENTED_EDGE('',*,*,#4335,.T.);
#3108=ORIENTED_EDGE('',*,*,#4334,.T.);
#3109=ORIENTED_EDGE('',*,*,#4333,.T.);
#3110=ORIENTED_EDGE('',*,*,#4332,.T.);
#3111=ORIENTED_EDGE('',*,*,#4331,.T.);
#3112=ORIENTED_EDGE('',*,*,#4350,.T.);
#3113=ORIENTED_EDGE('',*,*,#4349,.T.);
#3114=ORIENTED_EDGE('',*,*,#4357,.T.);
#3115=ORIENTED_EDGE('',*,*,#4356,.T.);
#3116=ORIENTED_EDGE('',*,*,#4355,.T.);
#3117=ORIENTED_EDGE('',*,*,#4354,.T.);
#3118=ORIENTED_EDGE('',*,*,#4353,.T.);
#3119=ORIENTED_EDGE('',*,*,#4352,.T.);
#3120=ORIENTED_EDGE('',*,*,#4351,.T.);
#3121=ORIENTED_EDGE('',*,*,#4359,.T.);
#3122=ORIENTED_EDGE('',*,*,#4358,.T.);
#3123=ORIENTED_EDGE('',*,*,#4369,.T.);
#3124=ORIENTED_EDGE('',*,*,#4368,.T.);
#3125=ORIENTED_EDGE('',*,*,#4367,.T.);
#3126=ORIENTED_EDGE('',*,*,#4366,.T.);
#3127=ORIENTED_EDGE('',*,*,#4365,.T.);
#3128=ORIENTED_EDGE('',*,*,#4364,.T.);
#3129=ORIENTED_EDGE('',*,*,#4363,.T.);
#3130=ORIENTED_EDGE('',*,*,#4362,.T.);
#3131=ORIENTED_EDGE('',*,*,#4361,.T.);
#3132=ORIENTED_EDGE('',*,*,#4360,.T.);
#3133=ORIENTED_EDGE('',*,*,#4373,.T.);
#3134=ORIENTED_EDGE('',*,*,#4372,.T.);
#3135=ORIENTED_EDGE('',*,*,#4370,.T.);
#3136=ORIENTED_EDGE('',*,*,#4384,.T.);
#3137=ORIENTED_EDGE('',*,*,#4383,.T.);
#3138=ORIENTED_EDGE('',*,*,#4382,.T.);
#3139=ORIENTED_EDGE('',*,*,#4381,.T.);
#3140=ORIENTED_EDGE('',*,*,#4380,.T.);
#3141=ORIENTED_EDGE('',*,*,#4379,.T.);
#3142=ORIENTED_EDGE('',*,*,#4378,.T.);
#3143=ORIENTED_EDGE('',*,*,#4377,.T.);
#3144=ORIENTED_EDGE('',*,*,#4376,.T.);
#3145=ORIENTED_EDGE('',*,*,#4375,.T.);
#3146=ORIENTED_EDGE('',*,*,#4374,.T.);
#3147=ORIENTED_EDGE('',*,*,#4386,.T.);
#3148=ORIENTED_EDGE('',*,*,#4385,.T.);
#3149=ORIENTED_EDGE('',*,*,#4401,.T.);
#3150=ORIENTED_EDGE('',*,*,#4400,.T.);
#3151=ORIENTED_EDGE('',*,*,#4399,.T.);
#3152=ORIENTED_EDGE('',*,*,#4398,.T.);
#3153=ORIENTED_EDGE('',*,*,#4397,.T.);
#3154=ORIENTED_EDGE('',*,*,#4396,.T.);
#3155=ORIENTED_EDGE('',*,*,#4395,.T.);
#3156=ORIENTED_EDGE('',*,*,#4394,.T.);
#3157=ORIENTED_EDGE('',*,*,#4393,.T.);
#3158=ORIENTED_EDGE('',*,*,#4392,.T.);
#3159=ORIENTED_EDGE('',*,*,#4391,.T.);
#3160=ORIENTED_EDGE('',*,*,#4390,.T.);
#3161=ORIENTED_EDGE('',*,*,#4389,.T.);
#3162=ORIENTED_EDGE('',*,*,#4388,.T.);
#3163=ORIENTED_EDGE('',*,*,#4387,.T.);
#3164=ORIENTED_EDGE('',*,*,#4403,.T.);
#3165=ORIENTED_EDGE('',*,*,#4402,.T.);
#3166=ORIENTED_EDGE('',*,*,#4418,.T.);
#3167=ORIENTED_EDGE('',*,*,#4417,.T.);
#3168=ORIENTED_EDGE('',*,*,#4416,.T.);
#3169=ORIENTED_EDGE('',*,*,#4415,.T.);
#3170=ORIENTED_EDGE('',*,*,#4414,.T.);
#3171=ORIENTED_EDGE('',*,*,#4413,.T.);
#3172=ORIENTED_EDGE('',*,*,#4412,.T.);
#3173=ORIENTED_EDGE('',*,*,#4411,.T.);
#3174=ORIENTED_EDGE('',*,*,#4410,.T.);
#3175=ORIENTED_EDGE('',*,*,#4409,.T.);
#3176=ORIENTED_EDGE('',*,*,#4408,.T.);
#3177=ORIENTED_EDGE('',*,*,#4407,.T.);
#3178=ORIENTED_EDGE('',*,*,#4406,.T.);
#3179=ORIENTED_EDGE('',*,*,#4405,.T.);
#3180=ORIENTED_EDGE('',*,*,#4404,.T.);
#3181=ORIENTED_EDGE('',*,*,#4420,.T.);
#3182=ORIENTED_EDGE('',*,*,#4419,.T.);
#3183=ORIENTED_EDGE('',*,*,#4442,.T.);
#3184=ORIENTED_EDGE('',*,*,#4441,.T.);
#3185=ORIENTED_EDGE('',*,*,#4440,.T.);
#3186=ORIENTED_EDGE('',*,*,#4439,.T.);
#3187=ORIENTED_EDGE('',*,*,#4438,.T.);
#3188=ORIENTED_EDGE('',*,*,#4437,.T.);
#3189=ORIENTED_EDGE('',*,*,#4436,.T.);
#3190=ORIENTED_EDGE('',*,*,#4435,.T.);
#3191=ORIENTED_EDGE('',*,*,#4434,.T.);
#3192=ORIENTED_EDGE('',*,*,#4433,.T.);
#3193=ORIENTED_EDGE('',*,*,#4432,.T.);
#3194=ORIENTED_EDGE('',*,*,#4431,.T.);
#3195=ORIENTED_EDGE('',*,*,#4430,.T.);
#3196=ORIENTED_EDGE('',*,*,#4429,.T.);
#3197=ORIENTED_EDGE('',*,*,#4428,.T.);
#3198=ORIENTED_EDGE('',*,*,#4427,.T.);
#3199=ORIENTED_EDGE('',*,*,#4426,.T.);
#3200=ORIENTED_EDGE('',*,*,#4425,.T.);
#3201=ORIENTED_EDGE('',*,*,#4424,.T.);
#3202=ORIENTED_EDGE('',*,*,#4423,.T.);
#3203=ORIENTED_EDGE('',*,*,#4422,.T.);
#3204=ORIENTED_EDGE('',*,*,#4421,.T.);
#3205=ORIENTED_EDGE('',*,*,#4444,.T.);
#3206=ORIENTED_EDGE('',*,*,#4443,.T.);
#3207=ORIENTED_EDGE('',*,*,#4465,.T.);
#3208=ORIENTED_EDGE('',*,*,#4464,.T.);
#3209=ORIENTED_EDGE('',*,*,#4463,.T.);
#3210=ORIENTED_EDGE('',*,*,#4462,.T.);
#3211=ORIENTED_EDGE('',*,*,#4461,.T.);
#3212=ORIENTED_EDGE('',*,*,#4460,.T.);
#3213=ORIENTED_EDGE('',*,*,#4459,.T.);
#3214=ORIENTED_EDGE('',*,*,#4458,.T.);
#3215=ORIENTED_EDGE('',*,*,#4457,.T.);
#3216=ORIENTED_EDGE('',*,*,#4456,.T.);
#3217=ORIENTED_EDGE('',*,*,#4455,.T.);
#3218=ORIENTED_EDGE('',*,*,#4454,.T.);
#3219=ORIENTED_EDGE('',*,*,#4453,.T.);
#3220=ORIENTED_EDGE('',*,*,#4452,.T.);
#3221=ORIENTED_EDGE('',*,*,#4451,.T.);
#3222=ORIENTED_EDGE('',*,*,#4450,.T.);
#3223=ORIENTED_EDGE('',*,*,#4449,.T.);
#3224=ORIENTED_EDGE('',*,*,#4448,.T.);
#3225=ORIENTED_EDGE('',*,*,#4447,.T.);
#3226=ORIENTED_EDGE('',*,*,#4446,.T.);
#3227=ORIENTED_EDGE('',*,*,#4445,.T.);
#3228=ORIENTED_EDGE('',*,*,#4467,.T.);
#3229=ORIENTED_EDGE('',*,*,#4466,.T.);
#3230=ORIENTED_EDGE('',*,*,#4485,.T.);
#3231=ORIENTED_EDGE('',*,*,#4484,.T.);
#3232=ORIENTED_EDGE('',*,*,#4483,.T.);
#3233=ORIENTED_EDGE('',*,*,#4482,.T.);
#3234=ORIENTED_EDGE('',*,*,#4481,.T.);
#3235=ORIENTED_EDGE('',*,*,#4480,.T.);
#3236=ORIENTED_EDGE('',*,*,#4479,.T.);
#3237=ORIENTED_EDGE('',*,*,#4478,.T.);
#3238=ORIENTED_EDGE('',*,*,#4477,.T.);
#3239=ORIENTED_EDGE('',*,*,#4476,.T.);
#3240=ORIENTED_EDGE('',*,*,#4475,.T.);
#3241=ORIENTED_EDGE('',*,*,#4474,.T.);
#3242=ORIENTED_EDGE('',*,*,#4473,.T.);
#3243=ORIENTED_EDGE('',*,*,#4472,.T.);
#3244=ORIENTED_EDGE('',*,*,#4471,.T.);
#3245=ORIENTED_EDGE('',*,*,#4470,.T.);
#3246=ORIENTED_EDGE('',*,*,#4469,.T.);
#3247=ORIENTED_EDGE('',*,*,#4468,.T.);
#3248=ORIENTED_EDGE('',*,*,#4487,.T.);
#3249=ORIENTED_EDGE('',*,*,#4486,.T.);
#3250=ORIENTED_EDGE('',*,*,#4509,.T.);
#3251=ORIENTED_EDGE('',*,*,#4508,.T.);
#3252=ORIENTED_EDGE('',*,*,#4507,.T.);
#3253=ORIENTED_EDGE('',*,*,#4506,.T.);
#3254=ORIENTED_EDGE('',*,*,#4505,.T.);
#3255=ORIENTED_EDGE('',*,*,#4504,.T.);
#3256=ORIENTED_EDGE('',*,*,#4503,.T.);
#3257=ORIENTED_EDGE('',*,*,#4502,.T.);
#3258=ORIENTED_EDGE('',*,*,#4501,.T.);
#3259=ORIENTED_EDGE('',*,*,#4500,.T.);
#3260=ORIENTED_EDGE('',*,*,#4499,.T.);
#3261=ORIENTED_EDGE('',*,*,#4498,.T.);
#3262=ORIENTED_EDGE('',*,*,#4497,.T.);
#3263=ORIENTED_EDGE('',*,*,#4496,.T.);
#3264=ORIENTED_EDGE('',*,*,#4495,.T.);
#3265=ORIENTED_EDGE('',*,*,#4494,.T.);
#3266=ORIENTED_EDGE('',*,*,#4493,.T.);
#3267=ORIENTED_EDGE('',*,*,#4492,.T.);
#3268=ORIENTED_EDGE('',*,*,#4491,.T.);
#3269=ORIENTED_EDGE('',*,*,#4490,.T.);
#3270=ORIENTED_EDGE('',*,*,#4489,.T.);
#3271=ORIENTED_EDGE('',*,*,#4488,.T.);
#3272=ORIENTED_EDGE('',*,*,#4510,.T.);
#3273=ORIENTED_EDGE('',*,*,#4513,.F.);
#3274=ORIENTED_EDGE('',*,*,#4514,.T.);
#3275=ORIENTED_EDGE('',*,*,#4514,.F.);
#3276=ORIENTED_EDGE('',*,*,#4515,.T.);
#3277=ORIENTED_EDGE('',*,*,#4515,.F.);
#3278=ORIENTED_EDGE('',*,*,#4512,.T.);
#3279=ORIENTED_EDGE('',*,*,#4516,.F.);
#3280=ORIENTED_EDGE('',*,*,#4517,.F.);
#3281=ORIENTED_EDGE('',*,*,#4518,.F.);
#3282=ORIENTED_EDGE('',*,*,#4519,.T.);
#3283=ORIENTED_EDGE('',*,*,#4520,.T.);
#3284=ORIENTED_EDGE('',*,*,#4521,.T.);
#3285=ORIENTED_EDGE('',*,*,#4522,.F.);
#3286=ORIENTED_EDGE('',*,*,#4523,.T.);
#3287=ORIENTED_EDGE('',*,*,#4524,.T.);
#3288=ORIENTED_EDGE('',*,*,#4525,.T.);
#3289=ORIENTED_EDGE('',*,*,#4526,.T.);
#3290=ORIENTED_EDGE('',*,*,#4527,.F.);
#3291=ORIENTED_EDGE('',*,*,#4524,.F.);
#3292=ORIENTED_EDGE('',*,*,#4528,.T.);
#3293=ORIENTED_EDGE('',*,*,#4529,.T.);
#3294=ORIENTED_EDGE('',*,*,#4530,.T.);
#3295=ORIENTED_EDGE('',*,*,#4531,.T.);
#3296=ORIENTED_EDGE('',*,*,#4532,.T.);
#3297=ORIENTED_EDGE('',*,*,#4520,.F.);
#3298=ORIENTED_EDGE('',*,*,#4533,.T.);
#3299=ORIENTED_EDGE('',*,*,#4534,.F.);
#3300=ORIENTED_EDGE('',*,*,#4535,.T.);
#3301=ORIENTED_EDGE('',*,*,#4536,.T.);
#3302=ORIENTED_EDGE('',*,*,#4537,.T.);
#3303=ORIENTED_EDGE('',*,*,#4538,.T.);
#3304=ORIENTED_EDGE('',*,*,#4539,.T.);
#3305=ORIENTED_EDGE('',*,*,#4540,.T.);
#3306=ORIENTED_EDGE('',*,*,#4541,.F.);
#3307=ORIENTED_EDGE('',*,*,#4542,.T.);
#3308=ORIENTED_EDGE('',*,*,#4543,.T.);
#3309=ORIENTED_EDGE('',*,*,#4544,.T.);
#3310=ORIENTED_EDGE('',*,*,#4545,.T.);
#3311=ORIENTED_EDGE('',*,*,#4538,.F.);
#3312=ORIENTED_EDGE('',*,*,#4546,.T.);
#3313=ORIENTED_EDGE('',*,*,#4547,.F.);
#3314=ORIENTED_EDGE('',*,*,#4548,.T.);
#3315=ORIENTED_EDGE('',*,*,#4549,.T.);
#3316=ORIENTED_EDGE('',*,*,#4534,.T.);
#3317=ORIENTED_EDGE('',*,*,#4550,.T.);
#3318=ORIENTED_EDGE('',*,*,#4551,.F.);
#3319=ORIENTED_EDGE('',*,*,#4552,.T.);
#3320=ORIENTED_EDGE('',*,*,#4553,.T.);
#3321=ORIENTED_EDGE('',*,*,#4554,.F.);
#3322=ORIENTED_EDGE('',*,*,#4555,.T.);
#3323=ORIENTED_EDGE('',*,*,#4556,.F.);
#3324=ORIENTED_EDGE('',*,*,#4557,.T.);
#3325=ORIENTED_EDGE('',*,*,#4558,.T.);
#3326=ORIENTED_EDGE('',*,*,#4559,.F.);
#3327=ORIENTED_EDGE('',*,*,#4560,.F.);
#3328=ORIENTED_EDGE('',*,*,#4561,.T.);
#3329=ORIENTED_EDGE('',*,*,#4562,.T.);
#3330=ORIENTED_EDGE('',*,*,#4563,.F.);
#3331=ORIENTED_EDGE('',*,*,#4564,.F.);
#3332=ORIENTED_EDGE('',*,*,#4565,.F.);
#3333=ORIENTED_EDGE('',*,*,#4566,.F.);
#3334=ORIENTED_EDGE('',*,*,#4567,.T.);
#3335=ORIENTED_EDGE('',*,*,#4568,.T.);
#3336=ORIENTED_EDGE('',*,*,#4569,.T.);
#3337=ORIENTED_EDGE('',*,*,#4570,.F.);
#3338=ORIENTED_EDGE('',*,*,#4571,.T.);
#3339=ORIENTED_EDGE('',*,*,#4572,.T.);
#3340=ORIENTED_EDGE('',*,*,#4573,.T.);
#3341=ORIENTED_EDGE('',*,*,#4574,.F.);
#3342=ORIENTED_EDGE('',*,*,#4575,.F.);
#3343=ORIENTED_EDGE('',*,*,#4574,.T.);
#3344=ORIENTED_EDGE('',*,*,#4576,.T.);
#3345=ORIENTED_EDGE('',*,*,#4566,.T.);
#3346=ORIENTED_EDGE('',*,*,#4577,.F.);
#3347=ORIENTED_EDGE('',*,*,#4578,.F.);
#3348=ORIENTED_EDGE('',*,*,#4579,.F.);
#3349=ORIENTED_EDGE('',*,*,#4580,.F.);
#3350=ORIENTED_EDGE('',*,*,#4581,.T.);
#3351=ORIENTED_EDGE('',*,*,#4580,.T.);
#3352=ORIENTED_EDGE('',*,*,#4582,.F.);
#3353=ORIENTED_EDGE('',*,*,#4583,.F.);
#3354=ORIENTED_EDGE('',*,*,#4584,.T.);
#3355=ORIENTED_EDGE('',*,*,#4585,.F.);
#3356=ORIENTED_EDGE('',*,*,#4586,.F.);
#3357=ORIENTED_EDGE('',*,*,#4578,.T.);
#3358=ORIENTED_EDGE('',*,*,#4587,.T.);
#3359=ORIENTED_EDGE('',*,*,#4588,.T.);
#3360=ORIENTED_EDGE('',*,*,#4585,.T.);
#3361=ORIENTED_EDGE('',*,*,#4589,.F.);
#3362=ORIENTED_EDGE('',*,*,#4590,.F.);
#3363=ORIENTED_EDGE('',*,*,#4591,.F.);
#3364=ORIENTED_EDGE('',*,*,#4583,.T.);
#3365=ORIENTED_EDGE('',*,*,#4592,.T.);
#3366=ORIENTED_EDGE('',*,*,#4593,.T.);
#3367=ORIENTED_EDGE('',*,*,#4544,.F.);
#3368=ORIENTED_EDGE('',*,*,#4594,.T.);
#3369=ORIENTED_EDGE('',*,*,#4529,.F.);
#3370=ORIENTED_EDGE('',*,*,#4595,.T.);
#3371=ORIENTED_EDGE('',*,*,#4531,.F.);
#3372=ORIENTED_EDGE('',*,*,#4596,.T.);
#3373=ORIENTED_EDGE('',*,*,#4536,.F.);
#3374=ORIENTED_EDGE('',*,*,#4597,.T.);
#3375=ORIENTED_EDGE('',*,*,#4598,.F.);
#3376=ORIENTED_EDGE('',*,*,#4517,.T.);
#3377=ORIENTED_EDGE('',*,*,#4527,.T.);
#3378=ORIENTED_EDGE('',*,*,#4541,.T.);
#3379=ORIENTED_EDGE('',*,*,#4547,.T.);
#3380=ORIENTED_EDGE('',*,*,#4598,.T.);
#3381=ORIENTED_EDGE('',*,*,#4599,.F.);
#3382=ORIENTED_EDGE('',*,*,#4562,.F.);
#3383=ORIENTED_EDGE('',*,*,#4600,.T.);
#3384=ORIENTED_EDGE('',*,*,#4552,.F.);
#3385=ORIENTED_EDGE('',*,*,#4601,.T.);
#3386=ORIENTED_EDGE('',*,*,#4557,.F.);
#3387=ORIENTED_EDGE('',*,*,#4602,.F.);
#3388=ORIENTED_EDGE('',*,*,#4599,.T.);
#3389=ORIENTED_EDGE('',*,*,#4554,.T.);
#3390=ORIENTED_EDGE('',*,*,#4603,.T.);
#3391=ORIENTED_EDGE('',*,*,#4560,.T.);
#3392=ORIENTED_EDGE('',*,*,#4604,.F.);
#3393=ORIENTED_EDGE('',*,*,#4559,.T.);
#3394=ORIENTED_EDGE('',*,*,#4605,.T.);
#3395=ORIENTED_EDGE('',*,*,#4569,.F.);
#3396=ORIENTED_EDGE('',*,*,#4606,.T.);
#3397=ORIENTED_EDGE('',*,*,#4571,.F.);
#3398=ORIENTED_EDGE('',*,*,#4607,.F.);
#3399=ORIENTED_EDGE('',*,*,#4575,.T.);
#3400=ORIENTED_EDGE('',*,*,#4577,.T.);
#3401=ORIENTED_EDGE('',*,*,#4565,.T.);
#3402=ORIENTED_EDGE('',*,*,#4589,.T.);
#3403=ORIENTED_EDGE('',*,*,#4587,.F.);
#3404=ORIENTED_EDGE('',*,*,#4581,.F.);
#3405=ORIENTED_EDGE('',*,*,#4584,.F.);
#3406=ORIENTED_EDGE('',*,*,#4591,.T.);
#3407=ORIENTED_EDGE('',*,*,#4590,.T.);
#3408=ORIENTED_EDGE('',*,*,#4564,.T.);
#3409=ORIENTED_EDGE('',*,*,#4607,.T.);
#3410=ORIENTED_EDGE('',*,*,#4570,.T.);
#3411=ORIENTED_EDGE('',*,*,#4573,.F.);
#3412=ORIENTED_EDGE('',*,*,#4592,.F.);
#3413=ORIENTED_EDGE('',*,*,#4582,.T.);
#3414=ORIENTED_EDGE('',*,*,#4579,.T.);
#3415=ORIENTED_EDGE('',*,*,#4586,.T.);
#3416=ORIENTED_EDGE('',*,*,#4588,.F.);
#3417=ORIENTED_EDGE('',*,*,#4567,.F.);
#3418=ORIENTED_EDGE('',*,*,#4576,.F.);
#3419=ORIENTED_EDGE('',*,*,#4593,.F.);
#3420=ORIENTED_EDGE('',*,*,#4572,.F.);
#3421=ORIENTED_EDGE('',*,*,#4606,.F.);
#3422=ORIENTED_EDGE('',*,*,#4568,.F.);
#3423=ORIENTED_EDGE('',*,*,#4558,.F.);
#3424=ORIENTED_EDGE('',*,*,#4601,.F.);
#3425=ORIENTED_EDGE('',*,*,#4555,.F.);
#3426=ORIENTED_EDGE('',*,*,#4605,.F.);
#3427=ORIENTED_EDGE('',*,*,#4602,.T.);
#3428=ORIENTED_EDGE('',*,*,#4556,.T.);
#3429=ORIENTED_EDGE('',*,*,#4604,.T.);
#3430=ORIENTED_EDGE('',*,*,#4563,.T.);
#3431=ORIENTED_EDGE('',*,*,#4553,.F.);
#3432=ORIENTED_EDGE('',*,*,#4600,.F.);
#3433=ORIENTED_EDGE('',*,*,#4561,.F.);
#3434=ORIENTED_EDGE('',*,*,#4603,.F.);
#3435=ORIENTED_EDGE('',*,*,#4551,.T.);
#3436=ORIENTED_EDGE('',*,*,#4608,.T.);
#3437=ORIENTED_EDGE('',*,*,#4518,.T.);
#3438=ORIENTED_EDGE('',*,*,#4526,.F.);
#3439=ORIENTED_EDGE('',*,*,#4609,.T.);
#3440=ORIENTED_EDGE('',*,*,#4542,.F.);
#3441=ORIENTED_EDGE('',*,*,#4540,.F.);
#3442=ORIENTED_EDGE('',*,*,#4610,.T.);
#3443=ORIENTED_EDGE('',*,*,#4548,.F.);
#3444=ORIENTED_EDGE('',*,*,#4516,.T.);
#3445=ORIENTED_EDGE('',*,*,#4611,.T.);
#3446=ORIENTED_EDGE('',*,*,#4522,.T.);
#3447=ORIENTED_EDGE('',*,*,#4530,.F.);
#3448=ORIENTED_EDGE('',*,*,#4594,.F.);
#3449=ORIENTED_EDGE('',*,*,#4546,.F.);
#3450=ORIENTED_EDGE('',*,*,#4543,.F.);
#3451=ORIENTED_EDGE('',*,*,#4609,.F.);
#3452=ORIENTED_EDGE('',*,*,#4525,.F.);
#3453=ORIENTED_EDGE('',*,*,#4545,.F.);
#3454=ORIENTED_EDGE('',*,*,#4597,.F.);
#3455=ORIENTED_EDGE('',*,*,#4535,.F.);
#3456=ORIENTED_EDGE('',*,*,#4549,.F.);
#3457=ORIENTED_EDGE('',*,*,#4610,.F.);
#3458=ORIENTED_EDGE('',*,*,#4539,.F.);
#3459=ORIENTED_EDGE('',*,*,#4519,.F.);
#3460=ORIENTED_EDGE('',*,*,#4608,.F.);
#3461=ORIENTED_EDGE('',*,*,#4550,.F.);
#3462=ORIENTED_EDGE('',*,*,#4537,.F.);
#3463=ORIENTED_EDGE('',*,*,#4596,.F.);
#3464=ORIENTED_EDGE('',*,*,#4533,.F.);
#3465=ORIENTED_EDGE('',*,*,#4523,.F.);
#3466=ORIENTED_EDGE('',*,*,#4611,.F.);
#3467=ORIENTED_EDGE('',*,*,#4521,.F.);
#3468=ORIENTED_EDGE('',*,*,#4532,.F.);
#3469=ORIENTED_EDGE('',*,*,#4595,.F.);
#3470=ORIENTED_EDGE('',*,*,#4528,.F.);
#3471=ORIENTED_EDGE('',*,*,#4612,.F.);
#3472=ORIENTED_EDGE('',*,*,#4613,.T.);
#3473=ORIENTED_EDGE('',*,*,#4613,.F.);
#3474=ORIENTED_EDGE('',*,*,#4614,.T.);
#3475=ORIENTED_EDGE('',*,*,#4614,.F.);
#3476=ORIENTED_EDGE('',*,*,#4615,.T.);
#3477=ORIENTED_EDGE('',*,*,#4615,.F.);
#3478=ORIENTED_EDGE('',*,*,#4612,.T.);
#3479=ORIENTED_EDGE('',*,*,#4616,.F.);
#3480=ORIENTED_EDGE('',*,*,#4617,.T.);
#3481=ORIENTED_EDGE('',*,*,#4617,.F.);
#3482=ORIENTED_EDGE('',*,*,#4618,.T.);
#3483=ORIENTED_EDGE('',*,*,#4618,.F.);
#3484=ORIENTED_EDGE('',*,*,#4619,.T.);
#3485=ORIENTED_EDGE('',*,*,#4619,.F.);
#3486=ORIENTED_EDGE('',*,*,#4616,.T.);
#3487=EDGE_CURVE('',#4620,#4621,#5671,.T.);
#3488=EDGE_CURVE('',#4622,#4620,#5672,.T.);
#3489=EDGE_CURVE('',#4622,#4623,#5673,.T.);
#3490=EDGE_CURVE('',#4623,#4621,#5674,.T.);
#3491=EDGE_CURVE('',#4624,#4620,#836,.T.);
#3492=EDGE_CURVE('',#4625,#4624,#5675,.T.);
#3493=EDGE_CURVE('',#4625,#4622,#837,.T.);
#3494=EDGE_CURVE('',#4624,#4626,#5676,.T.);
#3495=EDGE_CURVE('',#4627,#4626,#5677,.T.);
#3496=EDGE_CURVE('',#4625,#4627,#5678,.T.);
#3497=EDGE_CURVE('',#4621,#4626,#838,.T.);
#3498=EDGE_CURVE('',#4623,#4627,#839,.T.);
#3499=EDGE_CURVE('',#4628,#4628,#840,.T.);
#3500=EDGE_CURVE('',#4629,#4629,#841,.T.);
#3501=EDGE_CURVE('',#4630,#4631,#5679,.T.);
#3502=EDGE_CURVE('',#4631,#4632,#5680,.T.);
#3503=EDGE_CURVE('',#4632,#4633,#842,.T.);
#3504=EDGE_CURVE('',#4633,#4634,#5681,.T.);
#3505=EDGE_CURVE('',#4634,#4635,#843,.T.);
#3506=EDGE_CURVE('',#4635,#4636,#5682,.T.);
#3507=EDGE_CURVE('',#4636,#4637,#844,.T.);
#3508=EDGE_CURVE('',#4638,#4637,#5683,.T.);
#3509=EDGE_CURVE('',#4639,#4638,#845,.T.);
#3510=EDGE_CURVE('',#4640,#4639,#5684,.T.);
#3511=EDGE_CURVE('',#4641,#4640,#846,.T.);
#3512=EDGE_CURVE('',#4642,#4641,#5685,.T.);
#3513=EDGE_CURVE('',#4643,#4642,#847,.T.);
#3514=EDGE_CURVE('',#4644,#4643,#5686,.T.);
#3515=EDGE_CURVE('',#4645,#4644,#5687,.T.);
#3516=EDGE_CURVE('',#4645,#4646,#5688,.T.);
#3517=EDGE_CURVE('',#4646,#4647,#848,.T.);
#3518=EDGE_CURVE('',#4647,#4648,#5689,.T.);
#3519=EDGE_CURVE('',#4648,#4649,#849,.T.);
#3520=EDGE_CURVE('',#4649,#4650,#5690,.T.);
#3521=EDGE_CURVE('',#4650,#4651,#850,.T.);
#3522=EDGE_CURVE('',#4651,#4652,#5691,.T.);
#3523=EDGE_CURVE('',#4653,#4652,#851,.T.);
#3524=EDGE_CURVE('',#4653,#4654,#5692,.T.);
#3525=EDGE_CURVE('',#4655,#4654,#852,.T.);
#3526=EDGE_CURVE('',#4655,#4656,#5693,.T.);
#3527=EDGE_CURVE('',#4657,#4656,#853,.T.);
#3528=EDGE_CURVE('',#4657,#4630,#5694,.T.);
#3529=EDGE_CURVE('',#4658,#4659,#5695,.T.);
#3530=EDGE_CURVE('',#4659,#4660,#5696,.T.);
#3531=EDGE_CURVE('',#4660,#4661,#5697,.T.);
#3532=EDGE_CURVE('',#4662,#4661,#5698,.T.);
#3533=EDGE_CURVE('',#4663,#4662,#5699,.T.);
#3534=EDGE_CURVE('',#4663,#4664,#5700,.T.);
#3535=EDGE_CURVE('',#4664,#4665,#5701,.T.);
#3536=EDGE_CURVE('',#4666,#4665,#5702,.T.);
#3537=EDGE_CURVE('',#4667,#4666,#5703,.T.);
#3538=EDGE_CURVE('',#4667,#4668,#5704,.T.);
#3539=EDGE_CURVE('',#4668,#4669,#5705,.T.);
#3540=EDGE_CURVE('',#4669,#4658,#5706,.T.);
#3541=EDGE_CURVE('',#4670,#4671,#5707,.T.);
#3542=EDGE_CURVE('',#4671,#4672,#5708,.T.);
#3543=EDGE_CURVE('',#4672,#4673,#5709,.T.);
#3544=EDGE_CURVE('',#4674,#4673,#5710,.T.);
#3545=EDGE_CURVE('',#4674,#4675,#5711,.T.);
#3546=EDGE_CURVE('',#4675,#4676,#5712,.T.);
#3547=EDGE_CURVE('',#4677,#4676,#5713,.T.);
#3548=EDGE_CURVE('',#4670,#4677,#5714,.T.);
#3549=EDGE_CURVE('',#4678,#4679,#5715,.T.);
#3550=EDGE_CURVE('',#4678,#4680,#854,.T.);
#3551=EDGE_CURVE('',#4680,#4681,#5716,.T.);
#3552=EDGE_CURVE('',#4681,#4682,#855,.T.);
#3553=EDGE_CURVE('',#4683,#4682,#5717,.T.);
#3554=EDGE_CURVE('',#4683,#4684,#856,.T.);
#3555=EDGE_CURVE('',#4684,#4685,#5718,.T.);
#3556=EDGE_CURVE('',#4686,#4685,#857,.T.);
#3557=EDGE_CURVE('',#4687,#4686,#5719,.T.);
#3558=EDGE_CURVE('',#4688,#4687,#858,.T.);
#3559=EDGE_CURVE('',#4689,#4688,#5720,.T.);
#3560=EDGE_CURVE('',#4690,#4689,#859,.T.);
#3561=EDGE_CURVE('',#4691,#4690,#5721,.T.);
#3562=EDGE_CURVE('',#4692,#4691,#5722,.T.);
#3563=EDGE_CURVE('',#4693,#4692,#5723,.T.);
#3564=EDGE_CURVE('',#4693,#4694,#860,.T.);
#3565=EDGE_CURVE('',#4694,#4695,#5724,.T.);
#3566=EDGE_CURVE('',#4695,#4696,#861,.T.);
#3567=EDGE_CURVE('',#4697,#4696,#5725,.T.);
#3568=EDGE_CURVE('',#4697,#4698,#862,.T.);
#3569=EDGE_CURVE('',#4699,#4698,#5726,.T.);
#3570=EDGE_CURVE('',#4700,#4699,#863,.T.);
#3571=EDGE_CURVE('',#4700,#4701,#5727,.T.);
#3572=EDGE_CURVE('',#4702,#4701,#864,.T.);
#3573=EDGE_CURVE('',#4702,#4703,#5728,.T.);
#3574=EDGE_CURVE('',#4704,#4703,#865,.T.);
#3575=EDGE_CURVE('',#4705,#4704,#5729,.T.);
#3576=EDGE_CURVE('',#4705,#4679,#5730,.T.);
#3577=EDGE_CURVE('',#4706,#4707,#5731,.T.);
#3578=EDGE_CURVE('',#4707,#4708,#5732,.T.);
#3579=EDGE_CURVE('',#4709,#4708,#5733,.T.);
#3580=EDGE_CURVE('',#4709,#4710,#5734,.T.);
#3581=EDGE_CURVE('',#4711,#4710,#5735,.T.);
#3582=EDGE_CURVE('',#4712,#4711,#5736,.T.);
#3583=EDGE_CURVE('',#4713,#4712,#5737,.T.);
#3584=EDGE_CURVE('',#4713,#4714,#5738,.T.);
#3585=EDGE_CURVE('',#4715,#4714,#5739,.T.);
#3586=EDGE_CURVE('',#4716,#4715,#5740,.T.);
#3587=EDGE_CURVE('',#4717,#4716,#5741,.T.);
#3588=EDGE_CURVE('',#4717,#4706,#5742,.T.);
#3589=EDGE_CURVE('',#4718,#4719,#5743,.T.);
#3590=EDGE_CURVE('',#4719,#4718,#536,.T.);
#3591=EDGE_CURVE('',#4720,#4721,#537,.T.);
#3592=EDGE_CURVE('',#4720,#4722,#5744,.T.);
#3593=EDGE_CURVE('',#4723,#4722,#538,.T.);
#3594=EDGE_CURVE('',#4724,#4723,#5745,.T.);
#3595=EDGE_CURVE('',#4725,#4724,#539,.T.);
#3596=EDGE_CURVE('',#4721,#4725,#866,.T.);
#3597=EDGE_CURVE('',#4726,#4726,#867,.T.);
#3598=EDGE_CURVE('',#4727,#4727,#540,.T.);
#3599=EDGE_CURVE('',#4728,#4729,#5746,.T.);
#3600=EDGE_CURVE('',#4728,#4730,#5747,.T.);
#3601=EDGE_CURVE('',#4730,#4731,#5748,.T.);
#3602=EDGE_CURVE('',#4731,#4732,#5749,.T.);
#3603=EDGE_CURVE('',#4732,#4733,#5750,.T.);
#3604=EDGE_CURVE('',#4733,#4734,#868,.T.);
#3605=EDGE_CURVE('',#4735,#4734,#5751,.T.);
#3606=EDGE_CURVE('',#4736,#4735,#5752,.T.);
#3607=EDGE_CURVE('',#4729,#4736,#5753,.T.);
#3608=EDGE_CURVE('',#4737,#4738,#541,.F.);
#3609=EDGE_CURVE('',#4737,#4739,#542,.T.);
#3610=EDGE_CURVE('',#4740,#4739,#5754,.T.);
#3611=EDGE_CURVE('',#4741,#4740,#543,.T.);
#3612=EDGE_CURVE('',#4742,#4741,#544,.T.);
#3613=EDGE_CURVE('',#4742,#4738,#5755,.T.);
#3614=EDGE_CURVE('',#4743,#4744,#545,.T.);
#3615=EDGE_CURVE('',#4743,#4745,#546,.F.);
#3616=EDGE_CURVE('',#4746,#4745,#5756,.T.);
#3617=EDGE_CURVE('',#4746,#4747,#5757,.T.);
#3618=EDGE_CURVE('',#4747,#4744,#5758,.T.);
#3619=EDGE_CURVE('',#4748,#4749,#63,.T.);
#3620=EDGE_CURVE('',#4750,#4748,#64,.T.);
#3621=EDGE_CURVE('',#4747,#4750,#5759,.T.);
#3622=EDGE_CURVE('',#4746,#4749,#5760,.T.);
#3623=EDGE_CURVE('',#4738,#4745,#5761,.T.);
#3624=EDGE_CURVE('',#4751,#4742,#5762,.T.);
#3625=EDGE_CURVE('',#4752,#4751,#5763,.T.);
#3626=EDGE_CURVE('',#4749,#4752,#5764,.T.);
#3627=EDGE_CURVE('',#4739,#4744,#5765,.T.);
#3628=EDGE_CURVE('',#4750,#4753,#5766,.T.);
#3629=EDGE_CURVE('',#4753,#4754,#5767,.T.);
#3630=EDGE_CURVE('',#4754,#4740,#5768,.T.);
#3631=EDGE_CURVE('',#4748,#4755,#5769,.T.);
#3632=EDGE_CURVE('',#4753,#4755,#65,.T.);
#3633=EDGE_CURVE('',#4755,#4756,#5770,.T.);
#3634=EDGE_CURVE('',#4754,#4756,#66,.F.);
#3635=EDGE_CURVE('',#4756,#4741,#5771,.T.);
#3636=EDGE_CURVE('',#4755,#4752,#67,.T.);
#3637=EDGE_CURVE('',#4756,#4751,#68,.T.);
#3638=EDGE_CURVE('',#4737,#4743,#5772,.T.);
#3639=EDGE_CURVE('',#4757,#4757,#869,.T.);
#3640=EDGE_CURVE('',#4758,#4758,#870,.T.);
#3641=EDGE_CURVE('',#4759,#4759,#871,.T.);
#3642=EDGE_CURVE('',#4760,#4760,#872,.T.);
#3643=EDGE_CURVE('',#4761,#4761,#873,.T.);
#3644=EDGE_CURVE('',#4762,#4762,#874,.T.);
#3645=EDGE_CURVE('',#4763,#4763,#875,.T.);
#3646=EDGE_CURVE('',#4764,#4764,#876,.T.);
#3647=EDGE_CURVE('',#4765,#4765,#877,.T.);
#3648=EDGE_CURVE('',#4766,#4766,#878,.T.);
#3649=EDGE_CURVE('',#4767,#4767,#879,.T.);
#3650=EDGE_CURVE('',#4768,#4768,#880,.T.);
#3651=EDGE_CURVE('',#4769,#4769,#881,.T.);
#3652=EDGE_CURVE('',#4770,#4770,#882,.T.);
#3653=EDGE_CURVE('',#4771,#4771,#883,.T.);
#3654=EDGE_CURVE('',#4772,#4773,#547,.F.);
#3655=EDGE_CURVE('',#4772,#4774,#548,.T.);
#3656=EDGE_CURVE('',#4775,#4774,#5773,.T.);
#3657=EDGE_CURVE('',#4776,#4775,#549,.T.);
#3658=EDGE_CURVE('',#4777,#4776,#550,.T.);
#3659=EDGE_CURVE('',#4777,#4773,#5774,.T.);
#3660=EDGE_CURVE('',#4778,#4779,#551,.T.);
#3661=EDGE_CURVE('',#4778,#4780,#552,.F.);
#3662=EDGE_CURVE('',#4781,#4780,#5775,.T.);
#3663=EDGE_CURVE('',#4781,#4782,#5776,.T.);
#3664=EDGE_CURVE('',#4782,#4779,#5777,.T.);
#3665=EDGE_CURVE('',#4783,#4784,#69,.T.);
#3666=EDGE_CURVE('',#4785,#4783,#70,.T.);
#3667=EDGE_CURVE('',#4782,#4785,#5778,.T.);
#3668=EDGE_CURVE('',#4781,#4784,#5779,.T.);
#3669=EDGE_CURVE('',#4773,#4780,#5780,.T.);
#3670=EDGE_CURVE('',#4786,#4777,#5781,.T.);
#3671=EDGE_CURVE('',#4787,#4786,#5782,.T.);
#3672=EDGE_CURVE('',#4784,#4787,#5783,.T.);
#3673=EDGE_CURVE('',#4774,#4779,#5784,.T.);
#3674=EDGE_CURVE('',#4785,#4788,#5785,.T.);
#3675=EDGE_CURVE('',#4788,#4789,#5786,.T.);
#3676=EDGE_CURVE('',#4789,#4775,#5787,.T.);
#3677=EDGE_CURVE('',#4783,#4790,#5788,.T.);
#3678=EDGE_CURVE('',#4788,#4790,#71,.T.);
#3679=EDGE_CURVE('',#4790,#4791,#5789,.T.);
#3680=EDGE_CURVE('',#4789,#4791,#72,.F.);
#3681=EDGE_CURVE('',#4791,#4776,#5790,.T.);
#3682=EDGE_CURVE('',#4790,#4787,#73,.T.);
#3683=EDGE_CURVE('',#4791,#4786,#74,.T.);
#3684=EDGE_CURVE('',#4772,#4778,#5791,.T.);
#3685=EDGE_CURVE('',#4792,#4792,#884,.T.);
#3686=EDGE_CURVE('',#4793,#4794,#885,.T.);
#3687=EDGE_CURVE('',#4793,#4795,#5792,.F.);
#3688=EDGE_CURVE('',#4795,#4796,#886,.F.);
#3689=EDGE_CURVE('',#4796,#4797,#5793,.T.);
#3690=EDGE_CURVE('',#4797,#4798,#887,.F.);
#3691=EDGE_CURVE('',#4798,#4799,#5794,.F.);
#3692=EDGE_CURVE('',#4799,#4800,#888,.F.);
#3693=EDGE_CURVE('',#4800,#4801,#5795,.T.);
#3694=EDGE_CURVE('',#4801,#4802,#889,.F.);
#3695=EDGE_CURVE('',#4802,#4803,#5796,.F.);
#3696=EDGE_CURVE('',#4803,#4804,#890,.F.);
#3697=EDGE_CURVE('',#4804,#4805,#5797,.T.);
#3698=EDGE_CURVE('',#4805,#4806,#891,.F.);
#3699=EDGE_CURVE('',#4806,#4807,#5798,.F.);
#3700=EDGE_CURVE('',#4807,#4808,#892,.F.);
#3701=EDGE_CURVE('',#4808,#4794,#5799,.T.);
#3702=EDGE_CURVE('',#4809,#4809,#893,.T.);
#3703=EDGE_CURVE('',#4810,#4811,#894,.T.);
#3704=EDGE_CURVE('',#4810,#4812,#895,.F.);
#3705=EDGE_CURVE('',#4812,#4813,#5800,.F.);
#3706=EDGE_CURVE('',#4813,#4814,#896,.F.);
#3707=EDGE_CURVE('',#4814,#4815,#5801,.T.);
#3708=EDGE_CURVE('',#4815,#4816,#897,.F.);
#3709=EDGE_CURVE('',#4816,#4817,#5802,.F.);
#3710=EDGE_CURVE('',#4817,#4818,#898,.F.);
#3711=EDGE_CURVE('',#4818,#4819,#5803,.T.);
#3712=EDGE_CURVE('',#4819,#4820,#899,.F.);
#3713=EDGE_CURVE('',#4820,#4821,#5804,.F.);
#3714=EDGE_CURVE('',#4821,#4822,#900,.F.);
#3715=EDGE_CURVE('',#4822,#4823,#5805,.T.);
#3716=EDGE_CURVE('',#4823,#4824,#901,.F.);
#3717=EDGE_CURVE('',#4824,#4825,#5806,.F.);
#3718=EDGE_CURVE('',#4825,#4826,#902,.F.);
#3719=EDGE_CURVE('',#4826,#4827,#5807,.T.);
#3720=EDGE_CURVE('',#4827,#4811,#903,.F.);
#3721=EDGE_CURVE('',#4794,#4810,#5808,.T.);
#3722=EDGE_CURVE('',#4811,#4793,#5809,.F.);
#3723=EDGE_CURVE('',#4828,#4828,#904,.T.);
#3724=EDGE_CURVE('',#4829,#4829,#905,.T.);
#3725=EDGE_CURVE('',#4830,#4830,#906,.T.);
#3726=EDGE_CURVE('',#4831,#4832,#75,.T.);
#3727=EDGE_CURVE('',#4833,#4831,#76,.T.);
#3728=EDGE_CURVE('',#4834,#4833,#77,.T.);
#3729=EDGE_CURVE('',#4835,#4834,#553,.F.);
#3730=EDGE_CURVE('',#4836,#4835,#78,.T.);
#3731=EDGE_CURVE('',#4837,#4836,#79,.T.);
#3732=EDGE_CURVE('',#4838,#4837,#80,.T.);
#3733=EDGE_CURVE('',#4832,#4838,#554,.F.);
#3734=EDGE_CURVE('',#4839,#4840,#81,.T.);
#3735=EDGE_CURVE('',#4840,#4841,#82,.T.);
#3736=EDGE_CURVE('',#4841,#4842,#555,.F.);
#3737=EDGE_CURVE('',#4842,#4843,#83,.T.);
#3738=EDGE_CURVE('',#4843,#4844,#84,.T.);
#3739=EDGE_CURVE('',#4844,#4845,#85,.T.);
#3740=EDGE_CURVE('',#4845,#4846,#556,.F.);
#3741=EDGE_CURVE('',#4846,#4839,#86,.T.);
#3742=EDGE_CURVE('',#4847,#4847,#907,.T.);
#3743=EDGE_CURVE('',#4848,#4848,#908,.T.);
#3744=EDGE_CURVE('',#4849,#4850,#557,.F.);
#3745=EDGE_CURVE('',#4850,#4851,#87,.T.);
#3746=EDGE_CURVE('',#4851,#4852,#88,.T.);
#3747=EDGE_CURVE('',#4852,#4853,#89,.T.);
#3748=EDGE_CURVE('',#4853,#4854,#558,.F.);
#3749=EDGE_CURVE('',#4854,#4855,#90,.T.);
#3750=EDGE_CURVE('',#4855,#4856,#91,.T.);
#3751=EDGE_CURVE('',#4856,#4849,#92,.T.);
#3752=EDGE_CURVE('',#4857,#4858,#559,.F.);
#3753=EDGE_CURVE('',#4858,#4859,#93,.T.);
#3754=EDGE_CURVE('',#4859,#4860,#94,.T.);
#3755=EDGE_CURVE('',#4860,#4861,#95,.T.);
#3756=EDGE_CURVE('',#4861,#4862,#560,.F.);
#3757=EDGE_CURVE('',#4862,#4863,#96,.T.);
#3758=EDGE_CURVE('',#4863,#4864,#97,.T.);
#3759=EDGE_CURVE('',#4864,#4857,#98,.T.);
#3760=EDGE_CURVE('',#4865,#4866,#561,.F.);
#3761=EDGE_CURVE('',#4866,#4867,#99,.T.);
#3762=EDGE_CURVE('',#4867,#4868,#100,.T.);
#3763=EDGE_CURVE('',#4868,#4869,#101,.T.);
#3764=EDGE_CURVE('',#4869,#4870,#562,.F.);
#3765=EDGE_CURVE('',#4870,#4871,#102,.T.);
#3766=EDGE_CURVE('',#4871,#4872,#103,.T.);
#3767=EDGE_CURVE('',#4872,#4865,#104,.T.);
#3768=EDGE_CURVE('',#4873,#4874,#105,.T.);
#3769=EDGE_CURVE('',#4874,#4875,#563,.F.);
#3770=EDGE_CURVE('',#4875,#4876,#106,.T.);
#3771=EDGE_CURVE('',#4876,#4877,#107,.T.);
#3772=EDGE_CURVE('',#4877,#4878,#108,.T.);
#3773=EDGE_CURVE('',#4878,#4879,#564,.F.);
#3774=EDGE_CURVE('',#4879,#4880,#109,.T.);
#3775=EDGE_CURVE('',#4880,#4873,#110,.T.);
#3776=EDGE_CURVE('',#4881,#4882,#111,.T.);
#3777=EDGE_CURVE('',#4882,#4883,#565,.F.);
#3778=EDGE_CURVE('',#4883,#4884,#112,.T.);
#3779=EDGE_CURVE('',#4884,#4885,#113,.T.);
#3780=EDGE_CURVE('',#4885,#4886,#114,.T.);
#3781=EDGE_CURVE('',#4886,#4887,#566,.F.);
#3782=EDGE_CURVE('',#4887,#4888,#115,.T.);
#3783=EDGE_CURVE('',#4888,#4881,#116,.T.);
#3784=EDGE_CURVE('',#4889,#4890,#117,.T.);
#3785=EDGE_CURVE('',#4890,#4891,#118,.T.);
#3786=EDGE_CURVE('',#4891,#4892,#567,.F.);
#3787=EDGE_CURVE('',#4892,#4893,#119,.T.);
#3788=EDGE_CURVE('',#4893,#4894,#120,.T.);
#3789=EDGE_CURVE('',#4894,#4895,#121,.T.);
#3790=EDGE_CURVE('',#4895,#4896,#568,.F.);
#3791=EDGE_CURVE('',#4896,#4889,#122,.T.);
#3792=EDGE_CURVE('',#4897,#4897,#909,.T.);
#3793=EDGE_CURVE('',#4898,#4898,#910,.T.);
#3794=EDGE_CURVE('',#4899,#4899,#911,.T.);
#3795=EDGE_CURVE('',#4900,#4900,#912,.T.);
#3796=EDGE_CURVE('',#4901,#4901,#913,.T.);
#3797=EDGE_CURVE('',#4902,#4902,#914,.T.);
#3798=EDGE_CURVE('',#4903,#4903,#915,.T.);
#3799=EDGE_CURVE('',#4904,#4904,#916,.T.);
#3800=EDGE_CURVE('',#4905,#4905,#917,.T.);
#3801=EDGE_CURVE('',#4906,#4906,#918,.T.);
#3802=EDGE_CURVE('',#4907,#4907,#919,.T.);
#3803=EDGE_CURVE('',#4908,#4908,#920,.T.);
#3804=EDGE_CURVE('',#4909,#4909,#921,.T.);
#3805=EDGE_CURVE('',#4910,#4910,#922,.T.);
#3806=EDGE_CURVE('',#4911,#4911,#923,.T.);
#3807=EDGE_CURVE('',#4912,#4912,#924,.T.);
#3808=EDGE_CURVE('',#4913,#4913,#925,.T.);
#3809=EDGE_CURVE('',#4914,#4915,#123,.F.);
#3810=EDGE_CURVE('',#4916,#4914,#124,.T.);
#3811=EDGE_CURVE('',#4916,#4917,#5810,.F.);
#3812=EDGE_CURVE('',#4918,#4917,#926,.T.);
#3813=EDGE_CURVE('',#4915,#4918,#5811,.F.);
#3814=EDGE_CURVE('',#4919,#4919,#927,.T.);
#3815=EDGE_CURVE('',#4920,#4920,#928,.T.);
#3816=EDGE_CURVE('',#4921,#4922,#5812,.T.);
#3817=EDGE_CURVE('',#4923,#4921,#929,.F.);
#3818=EDGE_CURVE('',#4923,#4924,#5813,.T.);
#3819=EDGE_CURVE('',#4922,#4924,#125,.T.);
#3820=EDGE_CURVE('',#4923,#4917,#5814,.T.);
#3821=EDGE_CURVE('',#4921,#4918,#5815,.T.);
#3822=EDGE_CURVE('',#4915,#4922,#930,.T.);
#3823=EDGE_CURVE('',#4916,#4924,#931,.T.);
#3824=EDGE_CURVE('',#4925,#4926,#932,.T.);
#3825=EDGE_CURVE('',#4927,#4925,#5816,.T.);
#3826=EDGE_CURVE('',#4927,#4928,#933,.T.);
#3827=EDGE_CURVE('',#4928,#4926,#5817,.T.);
#3828=EDGE_CURVE('',#4925,#4929,#5818,.T.);
#3829=EDGE_CURVE('',#4930,#4929,#5819,.T.);
#3830=EDGE_CURVE('',#4927,#4930,#5820,.T.);
#3831=EDGE_CURVE('',#4931,#4929,#934,.T.);
#3832=EDGE_CURVE('',#4932,#4931,#5821,.T.);
#3833=EDGE_CURVE('',#4932,#4930,#935,.T.);
#3834=EDGE_CURVE('',#4931,#4933,#5822,.T.);
#3835=EDGE_CURVE('',#4934,#4933,#5823,.T.);
#3836=EDGE_CURVE('',#4932,#4934,#5824,.T.);
#3837=EDGE_CURVE('',#4933,#4935,#5825,.T.);
#3838=EDGE_CURVE('',#4936,#4935,#5826,.T.);
#3839=EDGE_CURVE('',#4934,#4936,#5827,.T.);
#3840=EDGE_CURVE('',#4937,#4935,#5828,.T.);
#3841=EDGE_CURVE('',#4938,#4937,#5829,.T.);
#3842=EDGE_CURVE('',#4938,#4936,#5830,.T.);
#3843=EDGE_CURVE('',#4937,#4939,#936,.T.);
#3844=EDGE_CURVE('',#4940,#4939,#5831,.T.);
#3845=EDGE_CURVE('',#4938,#4940,#937,.T.);
#3846=EDGE_CURVE('',#4941,#4939,#5832,.T.);
#3847=EDGE_CURVE('',#4942,#4941,#5833,.T.);
#3848=EDGE_CURVE('',#4942,#4940,#5834,.T.);
#3849=EDGE_CURVE('',#4941,#4943,#938,.T.);
#3850=EDGE_CURVE('',#4944,#4943,#5835,.T.);
#3851=EDGE_CURVE('',#4942,#4944,#939,.T.);
#3852=EDGE_CURVE('',#4945,#4943,#5836,.T.);
#3853=EDGE_CURVE('',#4946,#4945,#5837,.T.);
#3854=EDGE_CURVE('',#4946,#4944,#5838,.T.);
#3855=EDGE_CURVE('',#4947,#4945,#5839,.T.);
#3856=EDGE_CURVE('',#4948,#4947,#5840,.T.);
#3857=EDGE_CURVE('',#4948,#4946,#5841,.T.);
#3858=EDGE_CURVE('',#4926,#4947,#5842,.T.);
#3859=EDGE_CURVE('',#4928,#4948,#5843,.T.);
#3860=EDGE_CURVE('',#4949,#4950,#126,.T.);
#3861=EDGE_CURVE('',#4951,#4949,#127,.T.);
#3862=EDGE_CURVE('',#4952,#4951,#940,.F.);
#3863=EDGE_CURVE('',#4953,#4952,#128,.T.);
#3864=EDGE_CURVE('',#4954,#4953,#941,.F.);
#3865=EDGE_CURVE('',#4955,#4954,#129,.T.);
#3866=EDGE_CURVE('',#4956,#4955,#942,.F.);
#3867=EDGE_CURVE('',#4957,#4956,#130,.T.);
#3868=EDGE_CURVE('',#4950,#4957,#131,.T.);
#3869=EDGE_CURVE('',#4958,#4959,#943,.T.);
#3870=EDGE_CURVE('',#4960,#4958,#132,.T.);
#3871=EDGE_CURVE('',#4961,#4960,#133,.T.);
#3872=EDGE_CURVE('',#4962,#4961,#134,.T.);
#3873=EDGE_CURVE('',#4963,#4962,#135,.T.);
#3874=EDGE_CURVE('',#4964,#4963,#136,.T.);
#3875=EDGE_CURVE('',#4965,#4964,#5844,.F.);
#3876=EDGE_CURVE('',#4966,#4965,#137,.T.);
#3877=EDGE_CURVE('',#4967,#4966,#138,.T.);
#3878=EDGE_CURVE('',#4968,#4967,#139,.T.);
#3879=EDGE_CURVE('',#4969,#4968,#140,.T.);
#3880=EDGE_CURVE('',#4959,#4969,#141,.T.);
#3881=EDGE_CURVE('',#4970,#4970,#142,.T.);
#3882=EDGE_CURVE('',#4971,#4971,#143,.T.);
#3883=EDGE_CURVE('',#4972,#4970,#944,.T.);
#3884=EDGE_CURVE('',#4973,#4972,#144,.T.);
#3885=EDGE_CURVE('',#4974,#4973,#5845,.T.);
#3886=EDGE_CURVE('',#4975,#4974,#145,.T.);
#3887=EDGE_CURVE('',#4976,#4975,#945,.T.);
#3888=EDGE_CURVE('',#4977,#4976,#146,.T.);
#3889=EDGE_CURVE('',#4978,#4977,#5846,.F.);
#3890=EDGE_CURVE('',#4979,#4978,#147,.T.);
#3891=EDGE_CURVE('',#4980,#4979,#946,.T.);
#3892=EDGE_CURVE('',#4981,#4980,#148,.T.);
#3893=EDGE_CURVE('',#4982,#4981,#5847,.F.);
#3894=EDGE_CURVE('',#4983,#4982,#149,.T.);
#3895=EDGE_CURVE('',#4970,#4983,#947,.T.);
#3896=EDGE_CURVE('',#4984,#4985,#150,.T.);
#3897=EDGE_CURVE('',#4986,#4984,#5848,.F.);
#3898=EDGE_CURVE('',#4987,#4986,#151,.T.);
#3899=EDGE_CURVE('',#4988,#4987,#948,.T.);
#3900=EDGE_CURVE('',#4989,#4988,#152,.T.);
#3901=EDGE_CURVE('',#4990,#4989,#949,.T.);
#3902=EDGE_CURVE('',#4991,#4990,#153,.T.);
#3903=EDGE_CURVE('',#4992,#4991,#5849,.T.);
#3904=EDGE_CURVE('',#4993,#4992,#154,.T.);
#3905=EDGE_CURVE('',#4994,#4993,#950,.T.);
#3906=EDGE_CURVE('',#4995,#4994,#155,.T.);
#3907=EDGE_CURVE('',#4996,#4995,#156,.T.);
#3908=EDGE_CURVE('',#4997,#4996,#951,.T.);
#3909=EDGE_CURVE('',#4998,#4997,#157,.T.);
#3910=EDGE_CURVE('',#4999,#4998,#5850,.T.);
#3911=EDGE_CURVE('',#5000,#4999,#158,.T.);
#3912=EDGE_CURVE('',#4985,#5000,#952,.T.);
#3913=EDGE_CURVE('',#5001,#5002,#159,.T.);
#3914=EDGE_CURVE('',#5003,#5001,#5851,.T.);
#3915=EDGE_CURVE('',#5004,#5003,#160,.T.);
#3916=EDGE_CURVE('',#5005,#5004,#953,.F.);
#3917=EDGE_CURVE('',#5006,#5005,#161,.T.);
#3918=EDGE_CURVE('',#5007,#5006,#162,.T.);
#3919=EDGE_CURVE('',#5008,#5007,#163,.T.);
#3920=EDGE_CURVE('',#5009,#5008,#5852,.F.);
#3921=EDGE_CURVE('',#5010,#5009,#164,.T.);
#3922=EDGE_CURVE('',#5011,#5010,#954,.F.);
#3923=EDGE_CURVE('',#5012,#5011,#165,.T.);
#3924=EDGE_CURVE('',#5013,#5012,#5853,.T.);
#3925=EDGE_CURVE('',#5014,#5013,#166,.T.);
#3926=EDGE_CURVE('',#5015,#5014,#955,.F.);
#3927=EDGE_CURVE('',#5016,#5015,#167,.T.);
#3928=EDGE_CURVE('',#5017,#5016,#5854,.T.);
#3929=EDGE_CURVE('',#5018,#5017,#168,.T.);
#3930=EDGE_CURVE('',#5019,#5018,#5855,.F.);
#3931=EDGE_CURVE('',#5020,#5019,#169,.T.);
#3932=EDGE_CURVE('',#5021,#5020,#956,.T.);
#3933=EDGE_CURVE('',#5022,#5021,#170,.T.);
#3934=EDGE_CURVE('',#5023,#5022,#5856,.T.);
#3935=EDGE_CURVE('',#5024,#5023,#171,.T.);
#3936=EDGE_CURVE('',#5002,#5024,#957,.T.);
#3937=EDGE_CURVE('',#5025,#5026,#172,.T.);
#3938=EDGE_CURVE('',#5027,#5025,#958,.T.);
#3939=EDGE_CURVE('',#5028,#5027,#173,.T.);
#3940=EDGE_CURVE('',#5029,#5028,#5857,.T.);
#3941=EDGE_CURVE('',#5030,#5029,#174,.T.);
#3942=EDGE_CURVE('',#5031,#5030,#5858,.F.);
#3943=EDGE_CURVE('',#5032,#5031,#175,.T.);
#3944=EDGE_CURVE('',#5033,#5032,#959,.T.);
#3945=EDGE_CURVE('',#5034,#5033,#176,.T.);
#3946=EDGE_CURVE('',#5035,#5034,#5859,.T.);
#3947=EDGE_CURVE('',#5036,#5035,#177,.T.);
#3948=EDGE_CURVE('',#5037,#5036,#960,.T.);
#3949=EDGE_CURVE('',#5038,#5037,#961,.T.);
#3950=EDGE_CURVE('',#5039,#5038,#178,.T.);
#3951=EDGE_CURVE('',#5040,#5039,#5860,.T.);
#3952=EDGE_CURVE('',#5041,#5040,#179,.T.);
#3953=EDGE_CURVE('',#5026,#5041,#5861,.F.);
#3954=EDGE_CURVE('',#5042,#5043,#180,.T.);
#3955=EDGE_CURVE('',#5044,#5042,#5862,.F.);
#3956=EDGE_CURVE('',#5045,#5044,#181,.T.);
#3957=EDGE_CURVE('',#5046,#5045,#962,.T.);
#3958=EDGE_CURVE('',#5047,#5046,#182,.T.);
#3959=EDGE_CURVE('',#5048,#5047,#5863,.T.);
#3960=EDGE_CURVE('',#5049,#5048,#183,.T.);
#3961=EDGE_CURVE('',#5050,#5049,#963,.T.);
#3962=EDGE_CURVE('',#5051,#5050,#184,.T.);
#3963=EDGE_CURVE('',#5052,#5051,#5864,.T.);
#3964=EDGE_CURVE('',#5053,#5052,#185,.T.);
#3965=EDGE_CURVE('',#5054,#5053,#964,.T.);
#3966=EDGE_CURVE('',#5055,#5054,#186,.T.);
#3967=EDGE_CURVE('',#5056,#5055,#187,.T.);
#3968=EDGE_CURVE('',#5057,#5056,#188,.T.);
#3969=EDGE_CURVE('',#5058,#5057,#5865,.F.);
#3970=EDGE_CURVE('',#5059,#5058,#189,.T.);
#3971=EDGE_CURVE('',#5060,#5059,#965,.T.);
#3972=EDGE_CURVE('',#5061,#5060,#190,.T.);
#3973=EDGE_CURVE('',#5062,#5061,#5866,.T.);
#3974=EDGE_CURVE('',#5063,#5062,#191,.T.);
#3975=EDGE_CURVE('',#5064,#5063,#966,.T.);
#3976=EDGE_CURVE('',#5065,#5064,#192,.T.);
#3977=EDGE_CURVE('',#5043,#5065,#5867,.T.);
#3978=EDGE_CURVE('',#5066,#5066,#193,.T.);
#3979=EDGE_CURVE('',#5067,#5067,#194,.T.);
#3980=EDGE_CURVE('',#5068,#5069,#195,.T.);
#3981=EDGE_CURVE('',#5070,#5068,#967,.T.);
#3982=EDGE_CURVE('',#5071,#5070,#196,.T.);
#3983=EDGE_CURVE('',#5072,#5071,#5868,.T.);
#3984=EDGE_CURVE('',#5073,#5072,#197,.T.);
#3985=EDGE_CURVE('',#5074,#5073,#5869,.F.);
#3986=EDGE_CURVE('',#5075,#5074,#198,.T.);
#3987=EDGE_CURVE('',#5076,#5075,#968,.T.);
#3988=EDGE_CURVE('',#5077,#5076,#199,.T.);
#3989=EDGE_CURVE('',#5078,#5077,#5870,.T.);
#3990=EDGE_CURVE('',#5079,#5078,#200,.T.);
#3991=EDGE_CURVE('',#5080,#5079,#201,.T.);
#3992=EDGE_CURVE('',#5081,#5080,#5871,.F.);
#3993=EDGE_CURVE('',#5082,#5081,#202,.T.);
#3994=EDGE_CURVE('',#5083,#5082,#969,.T.);
#3995=EDGE_CURVE('',#5084,#5083,#203,.T.);
#3996=EDGE_CURVE('',#5085,#5084,#5872,.T.);
#3997=EDGE_CURVE('',#5086,#5085,#204,.T.);
#3998=EDGE_CURVE('',#5087,#5086,#970,.T.);
#3999=EDGE_CURVE('',#5088,#5087,#205,.T.);
#4000=EDGE_CURVE('',#5089,#5088,#5873,.T.);
#4001=EDGE_CURVE('',#5090,#5089,#206,.T.);
#4002=EDGE_CURVE('',#5069,#5090,#5874,.F.);
#4003=EDGE_CURVE('',#5091,#5092,#5875,.F.);
#4004=EDGE_CURVE('',#5093,#5091,#207,.T.);
#4005=EDGE_CURVE('',#5094,#5093,#208,.T.);
#4006=EDGE_CURVE('',#5095,#5094,#5876,.T.);
#4007=EDGE_CURVE('',#5096,#5095,#209,.T.);
#4008=EDGE_CURVE('',#5097,#5096,#971,.T.);
#4009=EDGE_CURVE('',#5098,#5097,#210,.T.);
#4010=EDGE_CURVE('',#5099,#5098,#5877,.F.);
#4011=EDGE_CURVE('',#5100,#5099,#211,.T.);
#4012=EDGE_CURVE('',#5101,#5100,#5878,.T.);
#4013=EDGE_CURVE('',#5102,#5101,#212,.T.);
#4014=EDGE_CURVE('',#5103,#5102,#972,.T.);
#4015=EDGE_CURVE('',#5104,#5103,#213,.T.);
#4016=EDGE_CURVE('',#5105,#5104,#5879,.F.);
#4017=EDGE_CURVE('',#5106,#5105,#214,.T.);
#4018=EDGE_CURVE('',#5107,#5106,#215,.T.);
#4019=EDGE_CURVE('',#5108,#5107,#5880,.T.);
#4020=EDGE_CURVE('',#5109,#5108,#216,.T.);
#4021=EDGE_CURVE('',#5110,#5109,#973,.T.);
#4022=EDGE_CURVE('',#5092,#5110,#217,.T.);
#4023=EDGE_CURVE('',#5111,#5112,#218,.T.);
#4024=EDGE_CURVE('',#5113,#5111,#219,.T.);
#4025=EDGE_CURVE('',#5114,#5113,#974,.F.);
#4026=EDGE_CURVE('',#5115,#5114,#220,.T.);
#4027=EDGE_CURVE('',#5116,#5115,#975,.F.);
#4028=EDGE_CURVE('',#5117,#5116,#221,.T.);
#4029=EDGE_CURVE('',#5118,#5117,#976,.F.);
#4030=EDGE_CURVE('',#5119,#5118,#222,.T.);
#4031=EDGE_CURVE('',#5112,#5119,#223,.T.);
#4032=EDGE_CURVE('',#5120,#5121,#977,.T.);
#4033=EDGE_CURVE('',#5122,#5120,#224,.T.);
#4034=EDGE_CURVE('',#5123,#5122,#225,.T.);
#4035=EDGE_CURVE('',#5124,#5123,#226,.T.);
#4036=EDGE_CURVE('',#5125,#5124,#227,.T.);
#4037=EDGE_CURVE('',#5126,#5125,#228,.T.);
#4038=EDGE_CURVE('',#5127,#5126,#5881,.F.);
#4039=EDGE_CURVE('',#5128,#5127,#229,.T.);
#4040=EDGE_CURVE('',#5129,#5128,#230,.T.);
#4041=EDGE_CURVE('',#5130,#5129,#231,.T.);
#4042=EDGE_CURVE('',#5131,#5130,#232,.T.);
#4043=EDGE_CURVE('',#5121,#5131,#233,.T.);
#4044=EDGE_CURVE('',#5132,#5132,#234,.T.);
#4045=EDGE_CURVE('',#5133,#5133,#235,.T.);
#4046=EDGE_CURVE('',#5134,#5132,#978,.T.);
#4047=EDGE_CURVE('',#5135,#5134,#236,.T.);
#4048=EDGE_CURVE('',#5136,#5135,#5882,.T.);
#4049=EDGE_CURVE('',#5137,#5136,#237,.T.);
#4050=EDGE_CURVE('',#5138,#5137,#979,.T.);
#4051=EDGE_CURVE('',#5139,#5138,#238,.T.);
#4052=EDGE_CURVE('',#5140,#5139,#5883,.F.);
#4053=EDGE_CURVE('',#5141,#5140,#239,.T.);
#4054=EDGE_CURVE('',#5142,#5141,#980,.T.);
#4055=EDGE_CURVE('',#5143,#5142,#240,.T.);
#4056=EDGE_CURVE('',#5144,#5143,#5884,.F.);
#4057=EDGE_CURVE('',#5145,#5144,#241,.T.);
#4058=EDGE_CURVE('',#5132,#5145,#981,.T.);
#4059=EDGE_CURVE('',#5146,#5147,#242,.T.);
#4060=EDGE_CURVE('',#5148,#5146,#5885,.F.);
#4061=EDGE_CURVE('',#5149,#5148,#243,.T.);
#4062=EDGE_CURVE('',#5150,#5149,#982,.T.);
#4063=EDGE_CURVE('',#5151,#5150,#244,.T.);
#4064=EDGE_CURVE('',#5152,#5151,#983,.T.);
#4065=EDGE_CURVE('',#5153,#5152,#245,.T.);
#4066=EDGE_CURVE('',#5154,#5153,#5886,.T.);
#4067=EDGE_CURVE('',#5155,#5154,#246,.T.);
#4068=EDGE_CURVE('',#5156,#5155,#984,.T.);
#4069=EDGE_CURVE('',#5157,#5156,#247,.T.);
#4070=EDGE_CURVE('',#5158,#5157,#248,.T.);
#4071=EDGE_CURVE('',#5159,#5158,#985,.T.);
#4072=EDGE_CURVE('',#5160,#5159,#249,.T.);
#4073=EDGE_CURVE('',#5161,#5160,#5887,.T.);
#4074=EDGE_CURVE('',#5162,#5161,#250,.T.);
#4075=EDGE_CURVE('',#5147,#5162,#986,.T.);
#4076=EDGE_CURVE('',#5163,#5164,#251,.T.);
#4077=EDGE_CURVE('',#5165,#5163,#5888,.T.);
#4078=EDGE_CURVE('',#5166,#5165,#252,.T.);
#4079=EDGE_CURVE('',#5167,#5166,#987,.F.);
#4080=EDGE_CURVE('',#5168,#5167,#253,.T.);
#4081=EDGE_CURVE('',#5169,#5168,#254,.T.);
#4082=EDGE_CURVE('',#5170,#5169,#255,.T.);
#4083=EDGE_CURVE('',#5171,#5170,#5889,.F.);
#4084=EDGE_CURVE('',#5172,#5171,#256,.T.);
#4085=EDGE_CURVE('',#5173,#5172,#988,.F.);
#4086=EDGE_CURVE('',#5174,#5173,#257,.T.);
#4087=EDGE_CURVE('',#5175,#5174,#5890,.T.);
#4088=EDGE_CURVE('',#5176,#5175,#258,.T.);
#4089=EDGE_CURVE('',#5177,#5176,#989,.F.);
#4090=EDGE_CURVE('',#5178,#5177,#259,.T.);
#4091=EDGE_CURVE('',#5179,#5178,#5891,.T.);
#4092=EDGE_CURVE('',#5180,#5179,#260,.T.);
#4093=EDGE_CURVE('',#5181,#5180,#5892,.F.);
#4094=EDGE_CURVE('',#5182,#5181,#261,.T.);
#4095=EDGE_CURVE('',#5183,#5182,#990,.T.);
#4096=EDGE_CURVE('',#5184,#5183,#262,.T.);
#4097=EDGE_CURVE('',#5185,#5184,#5893,.T.);
#4098=EDGE_CURVE('',#5186,#5185,#263,.T.);
#4099=EDGE_CURVE('',#5164,#5186,#991,.T.);
#4100=EDGE_CURVE('',#5187,#5188,#264,.T.);
#4101=EDGE_CURVE('',#5189,#5187,#992,.T.);
#4102=EDGE_CURVE('',#5190,#5189,#265,.T.);
#4103=EDGE_CURVE('',#5191,#5190,#5894,.T.);
#4104=EDGE_CURVE('',#5192,#5191,#266,.T.);
#4105=EDGE_CURVE('',#5193,#5192,#5895,.F.);
#4106=EDGE_CURVE('',#5194,#5193,#267,.T.);
#4107=EDGE_CURVE('',#5195,#5194,#993,.T.);
#4108=EDGE_CURVE('',#5196,#5195,#268,.T.);
#4109=EDGE_CURVE('',#5197,#5196,#5896,.T.);
#4110=EDGE_CURVE('',#5198,#5197,#269,.T.);
#4111=EDGE_CURVE('',#5199,#5198,#994,.T.);
#4112=EDGE_CURVE('',#5200,#5199,#995,.T.);
#4113=EDGE_CURVE('',#5201,#5200,#270,.T.);
#4114=EDGE_CURVE('',#5202,#5201,#5897,.T.);
#4115=EDGE_CURVE('',#5203,#5202,#271,.T.);
#4116=EDGE_CURVE('',#5188,#5203,#5898,.F.);
#4117=EDGE_CURVE('',#5204,#5205,#272,.T.);
#4118=EDGE_CURVE('',#5206,#5204,#5899,.F.);
#4119=EDGE_CURVE('',#5207,#5206,#273,.T.);
#4120=EDGE_CURVE('',#5208,#5207,#996,.T.);
#4121=EDGE_CURVE('',#5209,#5208,#274,.T.);
#4122=EDGE_CURVE('',#5210,#5209,#5900,.T.);
#4123=EDGE_CURVE('',#5211,#5210,#275,.T.);
#4124=EDGE_CURVE('',#5212,#5211,#997,.T.);
#4125=EDGE_CURVE('',#5213,#5212,#276,.T.);
#4126=EDGE_CURVE('',#5214,#5213,#5901,.T.);
#4127=EDGE_CURVE('',#5215,#5214,#277,.T.);
#4128=EDGE_CURVE('',#5216,#5215,#998,.T.);
#4129=EDGE_CURVE('',#5217,#5216,#278,.T.);
#4130=EDGE_CURVE('',#5218,#5217,#279,.T.);
#4131=EDGE_CURVE('',#5219,#5218,#280,.T.);
#4132=EDGE_CURVE('',#5220,#5219,#5902,.F.);
#4133=EDGE_CURVE('',#5221,#5220,#281,.T.);
#4134=EDGE_CURVE('',#5222,#5221,#999,.T.);
#4135=EDGE_CURVE('',#5223,#5222,#282,.T.);
#4136=EDGE_CURVE('',#5224,#5223,#5903,.T.);
#4137=EDGE_CURVE('',#5225,#5224,#283,.T.);
#4138=EDGE_CURVE('',#5226,#5225,#1000,.T.);
#4139=EDGE_CURVE('',#5227,#5226,#284,.T.);
#4140=EDGE_CURVE('',#5205,#5227,#5904,.T.);
#4141=EDGE_CURVE('',#5228,#5228,#285,.T.);
#4142=EDGE_CURVE('',#5229,#5229,#286,.T.);
#4143=EDGE_CURVE('',#5230,#5231,#287,.T.);
#4144=EDGE_CURVE('',#5232,#5230,#1001,.T.);
#4145=EDGE_CURVE('',#5233,#5232,#288,.T.);
#4146=EDGE_CURVE('',#5234,#5233,#5905,.T.);
#4147=EDGE_CURVE('',#5235,#5234,#289,.T.);
#4148=EDGE_CURVE('',#5236,#5235,#5906,.F.);
#4149=EDGE_CURVE('',#5237,#5236,#290,.T.);
#4150=EDGE_CURVE('',#5238,#5237,#1002,.T.);
#4151=EDGE_CURVE('',#5239,#5238,#291,.T.);
#4152=EDGE_CURVE('',#5240,#5239,#5907,.T.);
#4153=EDGE_CURVE('',#5241,#5240,#292,.T.);
#4154=EDGE_CURVE('',#5242,#5241,#293,.T.);
#4155=EDGE_CURVE('',#5243,#5242,#5908,.F.);
#4156=EDGE_CURVE('',#5244,#5243,#294,.T.);
#4157=EDGE_CURVE('',#5245,#5244,#1003,.T.);
#4158=EDGE_CURVE('',#5246,#5245,#295,.T.);
#4159=EDGE_CURVE('',#5247,#5246,#5909,.T.);
#4160=EDGE_CURVE('',#5248,#5247,#296,.T.);
#4161=EDGE_CURVE('',#5249,#5248,#1004,.T.);
#4162=EDGE_CURVE('',#5250,#5249,#297,.T.);
#4163=EDGE_CURVE('',#5251,#5250,#5910,.T.);
#4164=EDGE_CURVE('',#5252,#5251,#298,.T.);
#4165=EDGE_CURVE('',#5231,#5252,#5911,.F.);
#4166=EDGE_CURVE('',#5253,#5254,#5912,.F.);
#4167=EDGE_CURVE('',#5255,#5253,#299,.T.);
#4168=EDGE_CURVE('',#5256,#5255,#300,.T.);
#4169=EDGE_CURVE('',#5257,#5256,#5913,.T.);
#4170=EDGE_CURVE('',#5258,#5257,#301,.T.);
#4171=EDGE_CURVE('',#5259,#5258,#1005,.T.);
#4172=EDGE_CURVE('',#5260,#5259,#302,.T.);
#4173=EDGE_CURVE('',#5261,#5260,#5914,.F.);
#4174=EDGE_CURVE('',#5262,#5261,#303,.T.);
#4175=EDGE_CURVE('',#5263,#5262,#5915,.T.);
#4176=EDGE_CURVE('',#5264,#5263,#304,.T.);
#4177=EDGE_CURVE('',#5265,#5264,#1006,.T.);
#4178=EDGE_CURVE('',#5266,#5265,#305,.T.);
#4179=EDGE_CURVE('',#5267,#5266,#5916,.F.);
#4180=EDGE_CURVE('',#5268,#5267,#306,.T.);
#4181=EDGE_CURVE('',#5269,#5268,#307,.T.);
#4182=EDGE_CURVE('',#5270,#5269,#5917,.T.);
#4183=EDGE_CURVE('',#5271,#5270,#308,.T.);
#4184=EDGE_CURVE('',#5272,#5271,#1007,.T.);
#4185=EDGE_CURVE('',#5254,#5272,#309,.T.);
#4186=EDGE_CURVE('',#5273,#5274,#310,.T.);
#4187=EDGE_CURVE('',#5275,#5273,#311,.T.);
#4188=EDGE_CURVE('',#5276,#5275,#1008,.F.);
#4189=EDGE_CURVE('',#5277,#5276,#312,.T.);
#4190=EDGE_CURVE('',#5278,#5277,#1009,.F.);
#4191=EDGE_CURVE('',#5279,#5278,#313,.T.);
#4192=EDGE_CURVE('',#5280,#5279,#1010,.F.);
#4193=EDGE_CURVE('',#5281,#5280,#314,.T.);
#4194=EDGE_CURVE('',#5274,#5281,#315,.T.);
#4195=EDGE_CURVE('',#5282,#5283,#1011,.T.);
#4196=EDGE_CURVE('',#5284,#5282,#316,.T.);
#4197=EDGE_CURVE('',#5285,#5284,#317,.T.);
#4198=EDGE_CURVE('',#5286,#5285,#318,.T.);
#4199=EDGE_CURVE('',#5287,#5286,#319,.T.);
#4200=EDGE_CURVE('',#5288,#5287,#320,.T.);
#4201=EDGE_CURVE('',#5289,#5288,#5918,.F.);
#4202=EDGE_CURVE('',#5290,#5289,#321,.T.);
#4203=EDGE_CURVE('',#5291,#5290,#322,.T.);
#4204=EDGE_CURVE('',#5292,#5291,#323,.T.);
#4205=EDGE_CURVE('',#5293,#5292,#324,.T.);
#4206=EDGE_CURVE('',#5283,#5293,#325,.T.);
#4207=EDGE_CURVE('',#5294,#5294,#326,.T.);
#4208=EDGE_CURVE('',#5295,#5295,#327,.T.);
#4209=EDGE_CURVE('',#5296,#5294,#1012,.T.);
#4210=EDGE_CURVE('',#5297,#5296,#328,.T.);
#4211=EDGE_CURVE('',#5298,#5297,#5919,.T.);
#4212=EDGE_CURVE('',#5299,#5298,#329,.T.);
#4213=EDGE_CURVE('',#5300,#5299,#1013,.T.);
#4214=EDGE_CURVE('',#5301,#5300,#330,.T.);
#4215=EDGE_CURVE('',#5302,#5301,#5920,.F.);
#4216=EDGE_CURVE('',#5303,#5302,#331,.T.);
#4217=EDGE_CURVE('',#5304,#5303,#1014,.T.);
#4218=EDGE_CURVE('',#5305,#5304,#332,.T.);
#4219=EDGE_CURVE('',#5306,#5305,#5921,.F.);
#4220=EDGE_CURVE('',#5307,#5306,#333,.T.);
#4221=EDGE_CURVE('',#5294,#5307,#1015,.T.);
#4222=EDGE_CURVE('',#5308,#5309,#334,.T.);
#4223=EDGE_CURVE('',#5310,#5308,#5922,.F.);
#4224=EDGE_CURVE('',#5311,#5310,#335,.T.);
#4225=EDGE_CURVE('',#5312,#5311,#1016,.T.);
#4226=EDGE_CURVE('',#5313,#5312,#336,.T.);
#4227=EDGE_CURVE('',#5314,#5313,#1017,.T.);
#4228=EDGE_CURVE('',#5315,#5314,#337,.T.);
#4229=EDGE_CURVE('',#5316,#5315,#5923,.T.);
#4230=EDGE_CURVE('',#5317,#5316,#338,.T.);
#4231=EDGE_CURVE('',#5318,#5317,#1018,.T.);
#4232=EDGE_CURVE('',#5319,#5318,#339,.T.);
#4233=EDGE_CURVE('',#5320,#5319,#340,.T.);
#4234=EDGE_CURVE('',#5321,#5320,#1019,.T.);
#4235=EDGE_CURVE('',#5322,#5321,#341,.T.);
#4236=EDGE_CURVE('',#5323,#5322,#5924,.T.);
#4237=EDGE_CURVE('',#5324,#5323,#342,.T.);
#4238=EDGE_CURVE('',#5309,#5324,#1020,.T.);
#4239=EDGE_CURVE('',#5325,#5326,#343,.T.);
#4240=EDGE_CURVE('',#5327,#5325,#5925,.T.);
#4241=EDGE_CURVE('',#5328,#5327,#344,.T.);
#4242=EDGE_CURVE('',#5329,#5328,#1021,.F.);
#4243=EDGE_CURVE('',#5330,#5329,#345,.T.);
#4244=EDGE_CURVE('',#5331,#5330,#346,.T.);
#4245=EDGE_CURVE('',#5332,#5331,#347,.T.);
#4246=EDGE_CURVE('',#5333,#5332,#5926,.F.);
#4247=EDGE_CURVE('',#5334,#5333,#348,.T.);
#4248=EDGE_CURVE('',#5335,#5334,#1022,.F.);
#4249=EDGE_CURVE('',#5336,#5335,#349,.T.);
#4250=EDGE_CURVE('',#5337,#5336,#5927,.T.);
#4251=EDGE_CURVE('',#5338,#5337,#350,.T.);
#4252=EDGE_CURVE('',#5339,#5338,#1023,.F.);
#4253=EDGE_CURVE('',#5340,#5339,#351,.T.);
#4254=EDGE_CURVE('',#5341,#5340,#5928,.T.);
#4255=EDGE_CURVE('',#5342,#5341,#352,.T.);
#4256=EDGE_CURVE('',#5343,#5342,#5929,.F.);
#4257=EDGE_CURVE('',#5344,#5343,#353,.T.);
#4258=EDGE_CURVE('',#5345,#5344,#1024,.T.);
#4259=EDGE_CURVE('',#5346,#5345,#354,.T.);
#4260=EDGE_CURVE('',#5347,#5346,#5930,.T.);
#4261=EDGE_CURVE('',#5348,#5347,#355,.T.);
#4262=EDGE_CURVE('',#5326,#5348,#1025,.T.);
#4263=EDGE_CURVE('',#5349,#5350,#356,.T.);
#4264=EDGE_CURVE('',#5351,#5349,#1026,.T.);
#4265=EDGE_CURVE('',#5352,#5351,#357,.T.);
#4266=EDGE_CURVE('',#5353,#5352,#5931,.T.);
#4267=EDGE_CURVE('',#5354,#5353,#358,.T.);
#4268=EDGE_CURVE('',#5355,#5354,#5932,.F.);
#4269=EDGE_CURVE('',#5356,#5355,#359,.T.);
#4270=EDGE_CURVE('',#5357,#5356,#1027,.T.);
#4271=EDGE_CURVE('',#5358,#5357,#360,.T.);
#4272=EDGE_CURVE('',#5359,#5358,#5933,.T.);
#4273=EDGE_CURVE('',#5360,#5359,#361,.T.);
#4274=EDGE_CURVE('',#5361,#5360,#1028,.T.);
#4275=EDGE_CURVE('',#5362,#5361,#1029,.T.);
#4276=EDGE_CURVE('',#5363,#5362,#362,.T.);
#4277=EDGE_CURVE('',#5364,#5363,#5934,.T.);
#4278=EDGE_CURVE('',#5365,#5364,#363,.T.);
#4279=EDGE_CURVE('',#5350,#5365,#5935,.F.);
#4280=EDGE_CURVE('',#5366,#5367,#364,.T.);
#4281=EDGE_CURVE('',#5368,#5366,#5936,.F.);
#4282=EDGE_CURVE('',#5369,#5368,#365,.T.);
#4283=EDGE_CURVE('',#5370,#5369,#1030,.T.);
#4284=EDGE_CURVE('',#5371,#5370,#366,.T.);
#4285=EDGE_CURVE('',#5372,#5371,#5937,.T.);
#4286=EDGE_CURVE('',#5373,#5372,#367,.T.);
#4287=EDGE_CURVE('',#5374,#5373,#1031,.T.);
#4288=EDGE_CURVE('',#5375,#5374,#368,.T.);
#4289=EDGE_CURVE('',#5376,#5375,#5938,.T.);
#4290=EDGE_CURVE('',#5377,#5376,#369,.T.);
#4291=EDGE_CURVE('',#5378,#5377,#1032,.T.);
#4292=EDGE_CURVE('',#5379,#5378,#370,.T.);
#4293=EDGE_CURVE('',#5380,#5379,#371,.T.);
#4294=EDGE_CURVE('',#5381,#5380,#372,.T.);
#4295=EDGE_CURVE('',#5382,#5381,#5939,.F.);
#4296=EDGE_CURVE('',#5383,#5382,#373,.T.);
#4297=EDGE_CURVE('',#5384,#5383,#1033,.T.);
#4298=EDGE_CURVE('',#5385,#5384,#374,.T.);
#4299=EDGE_CURVE('',#5386,#5385,#5940,.T.);
#4300=EDGE_CURVE('',#5387,#5386,#375,.T.);
#4301=EDGE_CURVE('',#5388,#5387,#1034,.T.);
#4302=EDGE_CURVE('',#5389,#5388,#376,.T.);
#4303=EDGE_CURVE('',#5367,#5389,#5941,.T.);
#4304=EDGE_CURVE('',#5390,#5390,#377,.T.);
#4305=EDGE_CURVE('',#5391,#5391,#378,.T.);
#4306=EDGE_CURVE('',#5392,#5393,#379,.T.);
#4307=EDGE_CURVE('',#5394,#5392,#1035,.T.);
#4308=EDGE_CURVE('',#5395,#5394,#380,.T.);
#4309=EDGE_CURVE('',#5396,#5395,#5942,.T.);
#4310=EDGE_CURVE('',#5397,#5396,#381,.T.);
#4311=EDGE_CURVE('',#5398,#5397,#5943,.F.);
#4312=EDGE_CURVE('',#5399,#5398,#382,.T.);
#4313=EDGE_CURVE('',#5400,#5399,#1036,.T.);
#4314=EDGE_CURVE('',#5401,#5400,#383,.T.);
#4315=EDGE_CURVE('',#5402,#5401,#5944,.T.);
#4316=EDGE_CURVE('',#5403,#5402,#384,.T.);
#4317=EDGE_CURVE('',#5404,#5403,#385,.T.);
#4318=EDGE_CURVE('',#5405,#5404,#5945,.F.);
#4319=EDGE_CURVE('',#5406,#5405,#386,.T.);
#4320=EDGE_CURVE('',#5407,#5406,#1037,.T.);
#4321=EDGE_CURVE('',#5408,#5407,#387,.T.);
#4322=EDGE_CURVE('',#5409,#5408,#5946,.T.);
#4323=EDGE_CURVE('',#5410,#5409,#388,.T.);
#4324=EDGE_CURVE('',#5411,#5410,#1038,.T.);
#4325=EDGE_CURVE('',#5412,#5411,#389,.T.);
#4326=EDGE_CURVE('',#5413,#5412,#5947,.T.);
#4327=EDGE_CURVE('',#5414,#5413,#390,.T.);
#4328=EDGE_CURVE('',#5393,#5414,#5948,.F.);
#4329=EDGE_CURVE('',#5415,#5416,#5949,.F.);
#4330=EDGE_CURVE('',#5417,#5415,#391,.T.);
#4331=EDGE_CURVE('',#5418,#5417,#392,.T.);
#4332=EDGE_CURVE('',#5419,#5418,#5950,.T.);
#4333=EDGE_CURVE('',#5420,#5419,#393,.T.);
#4334=EDGE_CURVE('',#5421,#5420,#1039,.T.);
#4335=EDGE_CURVE('',#5422,#5421,#394,.T.);
#4336=EDGE_CURVE('',#5423,#5422,#5951,.F.);
#4337=EDGE_CURVE('',#5424,#5423,#395,.T.);
#4338=EDGE_CURVE('',#5425,#5424,#5952,.T.);
#4339=EDGE_CURVE('',#5426,#5425,#396,.T.);
#4340=EDGE_CURVE('',#5427,#5426,#1040,.T.);
#4341=EDGE_CURVE('',#5428,#5427,#397,.T.);
#4342=EDGE_CURVE('',#5429,#5428,#5953,.F.);
#4343=EDGE_CURVE('',#5430,#5429,#398,.T.);
#4344=EDGE_CURVE('',#5431,#5430,#399,.T.);
#4345=EDGE_CURVE('',#5432,#5431,#5954,.T.);
#4346=EDGE_CURVE('',#5433,#5432,#400,.T.);
#4347=EDGE_CURVE('',#5434,#5433,#1041,.T.);
#4348=EDGE_CURVE('',#5416,#5434,#401,.T.);
#4349=EDGE_CURVE('',#5435,#5436,#402,.T.);
#4350=EDGE_CURVE('',#5437,#5435,#403,.T.);
#4351=EDGE_CURVE('',#5438,#5437,#1042,.F.);
#4352=EDGE_CURVE('',#5439,#5438,#404,.T.);
#4353=EDGE_CURVE('',#5440,#5439,#1043,.F.);
#4354=EDGE_CURVE('',#5441,#5440,#405,.T.);
#4355=EDGE_CURVE('',#5442,#5441,#1044,.F.);
#4356=EDGE_CURVE('',#5443,#5442,#406,.T.);
#4357=EDGE_CURVE('',#5436,#5443,#407,.T.);
#4358=EDGE_CURVE('',#5444,#5445,#1045,.T.);
#4359=EDGE_CURVE('',#5446,#5444,#408,.T.);
#4360=EDGE_CURVE('',#5447,#5446,#409,.T.);
#4361=EDGE_CURVE('',#5448,#5447,#410,.T.);
#4362=EDGE_CURVE('',#5449,#5448,#411,.T.);
#4363=EDGE_CURVE('',#5450,#5449,#412,.T.);
#4364=EDGE_CURVE('',#5451,#5450,#5955,.F.);
#4365=EDGE_CURVE('',#5452,#5451,#413,.T.);
#4366=EDGE_CURVE('',#5453,#5452,#414,.T.);
#4367=EDGE_CURVE('',#5454,#5453,#415,.T.);
#4368=EDGE_CURVE('',#5455,#5454,#416,.T.);
#4369=EDGE_CURVE('',#5445,#5455,#417,.T.);
#4370=EDGE_CURVE('',#5456,#5456,#418,.T.);
#4371=EDGE_CURVE('',#5457,#5457,#419,.T.);
#4372=EDGE_CURVE('',#5458,#5456,#1046,.T.);
#4373=EDGE_CURVE('',#5459,#5458,#420,.T.);
#4374=EDGE_CURVE('',#5460,#5459,#5956,.T.);
#4375=EDGE_CURVE('',#5461,#5460,#421,.T.);
#4376=EDGE_CURVE('',#5462,#5461,#1047,.T.);
#4377=EDGE_CURVE('',#5463,#5462,#422,.T.);
#4378=EDGE_CURVE('',#5464,#5463,#5957,.F.);
#4379=EDGE_CURVE('',#5465,#5464,#423,.T.);
#4380=EDGE_CURVE('',#5466,#5465,#1048,.T.);
#4381=EDGE_CURVE('',#5467,#5466,#424,.T.);
#4382=EDGE_CURVE('',#5468,#5467,#5958,.F.);
#4383=EDGE_CURVE('',#5469,#5468,#425,.T.);
#4384=EDGE_CURVE('',#5456,#5469,#1049,.T.);
#4385=EDGE_CURVE('',#5470,#5471,#426,.T.);
#4386=EDGE_CURVE('',#5472,#5470,#5959,.F.);
#4387=EDGE_CURVE('',#5473,#5472,#427,.T.);
#4388=EDGE_CURVE('',#5474,#5473,#1050,.T.);
#4389=EDGE_CURVE('',#5475,#5474,#428,.T.);
#4390=EDGE_CURVE('',#5476,#5475,#1051,.T.);
#4391=EDGE_CURVE('',#5477,#5476,#429,.T.);
#4392=EDGE_CURVE('',#5478,#5477,#5960,.T.);
#4393=EDGE_CURVE('',#5479,#5478,#430,.T.);
#4394=EDGE_CURVE('',#5480,#5479,#1052,.T.);
#4395=EDGE_CURVE('',#5481,#5480,#431,.T.);
#4396=EDGE_CURVE('',#5482,#5481,#432,.T.);
#4397=EDGE_CURVE('',#5483,#5482,#1053,.T.);
#4398=EDGE_CURVE('',#5484,#5483,#433,.T.);
#4399=EDGE_CURVE('',#5485,#5484,#5961,.T.);
#4400=EDGE_CURVE('',#5486,#5485,#434,.T.);
#4401=EDGE_CURVE('',#5471,#5486,#1054,.T.);
#4402=EDGE_CURVE('',#5487,#5488,#435,.T.);
#4403=EDGE_CURVE('',#5489,#5487,#1055,.T.);
#4404=EDGE_CURVE('',#5490,#5489,#436,.T.);
#4405=EDGE_CURVE('',#5491,#5490,#5962,.T.);
#4406=EDGE_CURVE('',#5492,#5491,#437,.T.);
#4407=EDGE_CURVE('',#5493,#5492,#5963,.F.);
#4408=EDGE_CURVE('',#5494,#5493,#438,.T.);
#4409=EDGE_CURVE('',#5495,#5494,#1056,.T.);
#4410=EDGE_CURVE('',#5496,#5495,#439,.T.);
#4411=EDGE_CURVE('',#5497,#5496,#5964,.T.);
#4412=EDGE_CURVE('',#5498,#5497,#440,.T.);
#4413=EDGE_CURVE('',#5499,#5498,#1057,.T.);
#4414=EDGE_CURVE('',#5500,#5499,#1058,.T.);
#4415=EDGE_CURVE('',#5501,#5500,#441,.T.);
#4416=EDGE_CURVE('',#5502,#5501,#5965,.T.);
#4417=EDGE_CURVE('',#5503,#5502,#442,.T.);
#4418=EDGE_CURVE('',#5488,#5503,#5966,.F.);
#4419=EDGE_CURVE('',#5504,#5505,#443,.T.);
#4420=EDGE_CURVE('',#5506,#5504,#5967,.F.);
#4421=EDGE_CURVE('',#5507,#5506,#444,.T.);
#4422=EDGE_CURVE('',#5508,#5507,#1059,.T.);
#4423=EDGE_CURVE('',#5509,#5508,#445,.T.);
#4424=EDGE_CURVE('',#5510,#5509,#5968,.T.);
#4425=EDGE_CURVE('',#5511,#5510,#446,.T.);
#4426=EDGE_CURVE('',#5512,#5511,#1060,.T.);
#4427=EDGE_CURVE('',#5513,#5512,#447,.T.);
#4428=EDGE_CURVE('',#5514,#5513,#5969,.T.);
#4429=EDGE_CURVE('',#5515,#5514,#448,.T.);
#4430=EDGE_CURVE('',#5516,#5515,#1061,.T.);
#4431=EDGE_CURVE('',#5517,#5516,#449,.T.);
#4432=EDGE_CURVE('',#5518,#5517,#450,.T.);
#4433=EDGE_CURVE('',#5519,#5518,#451,.T.);
#4434=EDGE_CURVE('',#5520,#5519,#5970,.F.);
#4435=EDGE_CURVE('',#5521,#5520,#452,.T.);
#4436=EDGE_CURVE('',#5522,#5521,#1062,.T.);
#4437=EDGE_CURVE('',#5523,#5522,#453,.T.);
#4438=EDGE_CURVE('',#5524,#5523,#5971,.T.);
#4439=EDGE_CURVE('',#5525,#5524,#454,.T.);
#4440=EDGE_CURVE('',#5526,#5525,#1063,.T.);
#4441=EDGE_CURVE('',#5527,#5526,#455,.T.);
#4442=EDGE_CURVE('',#5505,#5527,#5972,.T.);
#4443=EDGE_CURVE('',#5528,#5529,#456,.T.);
#4444=EDGE_CURVE('',#5530,#5528,#1064,.T.);
#4445=EDGE_CURVE('',#5531,#5530,#457,.T.);
#4446=EDGE_CURVE('',#5532,#5531,#5973,.T.);
#4447=EDGE_CURVE('',#5533,#5532,#458,.T.);
#4448=EDGE_CURVE('',#5534,#5533,#5974,.F.);
#4449=EDGE_CURVE('',#5535,#5534,#459,.T.);
#4450=EDGE_CURVE('',#5536,#5535,#1065,.T.);
#4451=EDGE_CURVE('',#5537,#5536,#460,.T.);
#4452=EDGE_CURVE('',#5538,#5537,#5975,.T.);
#4453=EDGE_CURVE('',#5539,#5538,#461,.T.);
#4454=EDGE_CURVE('',#5540,#5539,#462,.T.);
#4455=EDGE_CURVE('',#5541,#5540,#5976,.F.);
#4456=EDGE_CURVE('',#5542,#5541,#463,.T.);
#4457=EDGE_CURVE('',#5543,#5542,#1066,.T.);
#4458=EDGE_CURVE('',#5544,#5543,#464,.T.);
#4459=EDGE_CURVE('',#5545,#5544,#5977,.T.);
#4460=EDGE_CURVE('',#5546,#5545,#465,.T.);
#4461=EDGE_CURVE('',#5547,#5546,#1067,.T.);
#4462=EDGE_CURVE('',#5548,#5547,#466,.T.);
#4463=EDGE_CURVE('',#5549,#5548,#5978,.T.);
#4464=EDGE_CURVE('',#5550,#5549,#467,.T.);
#4465=EDGE_CURVE('',#5529,#5550,#5979,.F.);
#4466=EDGE_CURVE('',#5551,#5552,#5980,.F.);
#4467=EDGE_CURVE('',#5553,#5551,#468,.T.);
#4468=EDGE_CURVE('',#5554,#5553,#469,.T.);
#4469=EDGE_CURVE('',#5555,#5554,#5981,.T.);
#4470=EDGE_CURVE('',#5556,#5555,#470,.T.);
#4471=EDGE_CURVE('',#5557,#5556,#1068,.T.);
#4472=EDGE_CURVE('',#5558,#5557,#471,.T.);
#4473=EDGE_CURVE('',#5559,#5558,#5982,.F.);
#4474=EDGE_CURVE('',#5560,#5559,#472,.T.);
#4475=EDGE_CURVE('',#5561,#5560,#5983,.T.);
#4476=EDGE_CURVE('',#5562,#5561,#473,.T.);
#4477=EDGE_CURVE('',#5563,#5562,#1069,.T.);
#4478=EDGE_CURVE('',#5564,#5563,#474,.T.);
#4479=EDGE_CURVE('',#5565,#5564,#5984,.F.);
#4480=EDGE_CURVE('',#5566,#5565,#475,.T.);
#4481=EDGE_CURVE('',#5567,#5566,#476,.T.);
#4482=EDGE_CURVE('',#5568,#5567,#5985,.T.);
#4483=EDGE_CURVE('',#5569,#5568,#477,.T.);
#4484=EDGE_CURVE('',#5570,#5569,#1070,.T.);
#4485=EDGE_CURVE('',#5552,#5570,#478,.T.);
#4486=EDGE_CURVE('',#5571,#5572,#479,.T.);
#4487=EDGE_CURVE('',#5573,#5571,#5986,.T.);
#4488=EDGE_CURVE('',#5574,#5573,#480,.T.);
#4489=EDGE_CURVE('',#5575,#5574,#1071,.F.);
#4490=EDGE_CURVE('',#5576,#5575,#481,.T.);
#4491=EDGE_CURVE('',#5577,#5576,#482,.T.);
#4492=EDGE_CURVE('',#5578,#5577,#483,.T.);
#4493=EDGE_CURVE('',#5579,#5578,#5987,.F.);
#4494=EDGE_CURVE('',#5580,#5579,#484,.T.);
#4495=EDGE_CURVE('',#5581,#5580,#1072,.F.);
#4496=EDGE_CURVE('',#5582,#5581,#485,.T.);
#4497=EDGE_CURVE('',#5583,#5582,#5988,.T.);
#4498=EDGE_CURVE('',#5584,#5583,#486,.T.);
#4499=EDGE_CURVE('',#5585,#5584,#1073,.F.);
#4500=EDGE_CURVE('',#5586,#5585,#487,.T.);
#4501=EDGE_CURVE('',#5587,#5586,#5989,.T.);
#4502=EDGE_CURVE('',#5588,#5587,#488,.T.);
#4503=EDGE_CURVE('',#5589,#5588,#5990,.F.);
#4504=EDGE_CURVE('',#5590,#5589,#489,.T.);
#4505=EDGE_CURVE('',#5591,#5590,#1074,.T.);
#4506=EDGE_CURVE('',#5592,#5591,#490,.T.);
#4507=EDGE_CURVE('',#5593,#5592,#5991,.T.);
#4508=EDGE_CURVE('',#5594,#5593,#491,.T.);
#4509=EDGE_CURVE('',#5572,#5594,#1075,.T.);
#4510=EDGE_CURVE('',#5595,#5595,#492,.T.);
#4511=EDGE_CURVE('',#5596,#5596,#493,.T.);
#4512=EDGE_CURVE('',#5597,#5597,#1076,.T.);
#4513=EDGE_CURVE('',#5598,#5598,#1077,.T.);
#4514=EDGE_CURVE('',#5599,#5599,#1078,.T.);
#4515=EDGE_CURVE('',#5600,#5600,#1079,.T.);
#4516=EDGE_CURVE('',#5601,#5602,#494,.T.);
#4517=EDGE_CURVE('',#5603,#5601,#1080,.T.);
#4518=EDGE_CURVE('',#5604,#5603,#495,.T.);
#4519=EDGE_CURVE('',#5604,#5605,#496,.T.);
#4520=EDGE_CURVE('',#5605,#5606,#1081,.T.);
#4521=EDGE_CURVE('',#5606,#5602,#497,.T.);
#4522=EDGE_CURVE('',#5607,#5601,#498,.T.);
#4523=EDGE_CURVE('',#5607,#5608,#499,.T.);
#4524=EDGE_CURVE('',#5608,#5609,#1082,.T.);
#4525=EDGE_CURVE('',#5609,#5610,#500,.T.);
#4526=EDGE_CURVE('',#5610,#5611,#501,.T.);
#4527=EDGE_CURVE('',#5601,#5611,#1083,.T.);
#4528=EDGE_CURVE('',#5608,#5612,#502,.T.);
#4529=EDGE_CURVE('',#5612,#5613,#1084,.T.);
#4530=EDGE_CURVE('',#5613,#5609,#503,.F.);
#4531=EDGE_CURVE('',#5614,#5615,#1085,.T.);
#4532=EDGE_CURVE('',#5615,#5606,#504,.F.);
#4533=EDGE_CURVE('',#5605,#5614,#505,.T.);
#4534=EDGE_CURVE('',#5616,#5617,#1086,.T.);
#4535=EDGE_CURVE('',#5616,#5618,#506,.T.);
#4536=EDGE_CURVE('',#5618,#5619,#1087,.T.);
#4537=EDGE_CURVE('',#5619,#5617,#507,.F.);
#4538=EDGE_CURVE('',#5620,#5621,#1088,.T.);
#4539=EDGE_CURVE('',#5621,#5622,#508,.T.);
#4540=EDGE_CURVE('',#5622,#5623,#509,.T.);
#4541=EDGE_CURVE('',#5611,#5623,#1089,.T.);
#4542=EDGE_CURVE('',#5611,#5624,#510,.T.);
#4543=EDGE_CURVE('',#5624,#5620,#511,.T.);
#4544=EDGE_CURVE('',#5625,#5626,#1090,.T.);
#4545=EDGE_CURVE('',#5626,#5621,#512,.F.);
#4546=EDGE_CURVE('',#5620,#5625,#513,.T.);
#4547=EDGE_CURVE('',#5623,#5603,#1091,.T.);
#4548=EDGE_CURVE('',#5623,#5627,#514,.T.);
#4549=EDGE_CURVE('',#5627,#5616,#515,.T.);
#4550=EDGE_CURVE('',#5617,#5628,#516,.T.);
#4551=EDGE_CURVE('',#5603,#5628,#517,.T.);
#4552=EDGE_CURVE('',#5629,#5630,#1092,.T.);
#4553=EDGE_CURVE('',#5630,#5631,#518,.T.);
#4554=EDGE_CURVE('',#5632,#5631,#1093,.T.);
#4555=EDGE_CURVE('',#5632,#5629,#519,.T.);
#4556=EDGE_CURVE('',#5633,#5634,#520,.T.);
#4557=EDGE_CURVE('',#5633,#5635,#1094,.T.);
#4558=EDGE_CURVE('',#5635,#5636,#521,.T.);
#4559=EDGE_CURVE('',#5634,#5636,#1095,.T.);
#4560=EDGE_CURVE('',#5637,#5638,#1096,.T.);
#4561=EDGE_CURVE('',#5637,#5639,#522,.T.);
#4562=EDGE_CURVE('',#5639,#5640,#1097,.T.);
#4563=EDGE_CURVE('',#5638,#5640,#523,.T.);
#4564=EDGE_CURVE('',#5641,#5642,#524,.T.);
#4565=EDGE_CURVE('',#5643,#5641,#525,.T.);
#4566=EDGE_CURVE('',#5644,#5643,#1098,.T.);
#4567=EDGE_CURVE('',#5644,#5645,#526,.T.);
#4568=EDGE_CURVE('',#5645,#5646,#527,.T.);
#4569=EDGE_CURVE('',#5646,#5642,#1099,.T.);
#4570=EDGE_CURVE('',#5647,#5648,#528,.T.);
#4571=EDGE_CURVE('',#5647,#5649,#1100,.T.);
#4572=EDGE_CURVE('',#5649,#5650,#529,.T.);
#4573=EDGE_CURVE('',#5650,#5651,#530,.T.);
#4574=EDGE_CURVE('',#5652,#5651,#1101,.T.);
#4575=EDGE_CURVE('',#5648,#5652,#531,.T.);
#4576=EDGE_CURVE('',#5651,#5644,#5992,.T.);
#4577=EDGE_CURVE('',#5652,#5643,#5993,.T.);
#4578=EDGE_CURVE('',#5653,#5654,#1102,.T.);
#4579=EDGE_CURVE('',#5655,#5653,#5994,.T.);
#4580=EDGE_CURVE('',#5656,#5655,#1103,.T.);
#4581=EDGE_CURVE('',#5656,#5654,#5995,.T.);
#4582=EDGE_CURVE('',#5657,#5655,#532,.T.);
#4583=EDGE_CURVE('',#5658,#5657,#1104,.T.);
#4584=EDGE_CURVE('',#5658,#5656,#533,.T.);
#4585=EDGE_CURVE('',#5659,#5660,#1105,.T.);
#4586=EDGE_CURVE('',#5653,#5659,#534,.T.);
#4587=EDGE_CURVE('',#5654,#5660,#535,.T.);
#4588=EDGE_CURVE('',#5645,#5659,#5996,.T.);
#4589=EDGE_CURVE('',#5641,#5660,#5997,.T.);
#4590=EDGE_CURVE('',#5648,#5641,#5998,.T.);
#4591=EDGE_CURVE('',#5658,#5648,#5999,.T.);
#4592=EDGE_CURVE('',#5657,#5650,#6000,.T.);
#4593=EDGE_CURVE('',#5650,#5645,#6001,.T.);
#4594=EDGE_CURVE('',#5625,#5613,#1106,.F.);
#4595=EDGE_CURVE('',#5612,#5615,#1107,.F.);
#4596=EDGE_CURVE('',#5614,#5619,#1108,.F.);
#4597=EDGE_CURVE('',#5618,#5626,#1109,.F.);
#4598=EDGE_CURVE('',#5661,#5661,#1110,.T.);
#4599=EDGE_CURVE('',#5662,#5662,#1111,.T.);
#4600=EDGE_CURVE('',#5639,#5630,#1112,.T.);
#4601=EDGE_CURVE('',#5629,#5635,#1113,.T.);
#4602=EDGE_CURVE('',#5640,#5633,#1114,.F.);
#4603=EDGE_CURVE('',#5631,#5637,#1115,.T.);
#4604=EDGE_CURVE('',#5634,#5638,#1116,.F.);
#4605=EDGE_CURVE('',#5636,#5632,#1117,.T.);
#4606=EDGE_CURVE('',#5646,#5649,#6002,.T.);
#4607=EDGE_CURVE('',#5642,#5647,#6003,.T.);
#4608=EDGE_CURVE('',#5628,#5604,#1118,.F.);
#4609=EDGE_CURVE('',#5610,#5624,#1119,.F.);
#4610=EDGE_CURVE('',#5622,#5627,#1120,.F.);
#4611=EDGE_CURVE('',#5602,#5607,#1121,.F.);
#4612=EDGE_CURVE('',#5663,#5663,#1122,.T.);
#4613=EDGE_CURVE('',#5664,#5664,#1123,.T.);
#4614=EDGE_CURVE('',#5665,#5665,#1124,.T.);
#4615=EDGE_CURVE('',#5666,#5666,#1125,.T.);
#4616=EDGE_CURVE('',#5667,#5667,#1126,.T.);
#4617=EDGE_CURVE('',#5668,#5668,#1127,.T.);
#4618=EDGE_CURVE('',#5669,#5669,#1128,.T.);
#4619=EDGE_CURVE('',#5670,#5670,#1129,.T.);
#4620=VERTEX_POINT('',#10203);
#4621=VERTEX_POINT('',#10204);
#4622=VERTEX_POINT('',#10206);
#4623=VERTEX_POINT('',#10208);
#4624=VERTEX_POINT('',#10212);
#4625=VERTEX_POINT('',#10214);
#4626=VERTEX_POINT('',#10218);
#4627=VERTEX_POINT('',#10220);
#4628=VERTEX_POINT('',#10227);
#4629=VERTEX_POINT('',#10229);
#4630=VERTEX_POINT('',#10235);
#4631=VERTEX_POINT('',#10236);
#4632=VERTEX_POINT('',#10238);
#4633=VERTEX_POINT('',#10240);
#4634=VERTEX_POINT('',#10242);
#4635=VERTEX_POINT('',#10244);
#4636=VERTEX_POINT('',#10246);
#4637=VERTEX_POINT('',#10248);
#4638=VERTEX_POINT('',#10250);
#4639=VERTEX_POINT('',#10252);
#4640=VERTEX_POINT('',#10254);
#4641=VERTEX_POINT('',#10256);
#4642=VERTEX_POINT('',#10258);
#4643=VERTEX_POINT('',#10260);
#4644=VERTEX_POINT('',#10262);
#4645=VERTEX_POINT('',#10264);
#4646=VERTEX_POINT('',#10266);
#4647=VERTEX_POINT('',#10268);
#4648=VERTEX_POINT('',#10270);
#4649=VERTEX_POINT('',#10272);
#4650=VERTEX_POINT('',#10274);
#4651=VERTEX_POINT('',#10276);
#4652=VERTEX_POINT('',#10278);
#4653=VERTEX_POINT('',#10280);
#4654=VERTEX_POINT('',#10282);
#4655=VERTEX_POINT('',#10284);
#4656=VERTEX_POINT('',#10286);
#4657=VERTEX_POINT('',#10288);
#4658=VERTEX_POINT('',#10292);
#4659=VERTEX_POINT('',#10293);
#4660=VERTEX_POINT('',#10295);
#4661=VERTEX_POINT('',#10297);
#4662=VERTEX_POINT('',#10299);
#4663=VERTEX_POINT('',#10301);
#4664=VERTEX_POINT('',#10303);
#4665=VERTEX_POINT('',#10305);
#4666=VERTEX_POINT('',#10307);
#4667=VERTEX_POINT('',#10309);
#4668=VERTEX_POINT('',#10311);
#4669=VERTEX_POINT('',#10313);
#4670=VERTEX_POINT('',#10317);
#4671=VERTEX_POINT('',#10318);
#4672=VERTEX_POINT('',#10320);
#4673=VERTEX_POINT('',#10322);
#4674=VERTEX_POINT('',#10324);
#4675=VERTEX_POINT('',#10326);
#4676=VERTEX_POINT('',#10328);
#4677=VERTEX_POINT('',#10330);
#4678=VERTEX_POINT('',#10334);
#4679=VERTEX_POINT('',#10335);
#4680=VERTEX_POINT('',#10337);
#4681=VERTEX_POINT('',#10339);
#4682=VERTEX_POINT('',#10341);
#4683=VERTEX_POINT('',#10343);
#4684=VERTEX_POINT('',#10345);
#4685=VERTEX_POINT('',#10347);
#4686=VERTEX_POINT('',#10349);
#4687=VERTEX_POINT('',#10351);
#4688=VERTEX_POINT('',#10353);
#4689=VERTEX_POINT('',#10355);
#4690=VERTEX_POINT('',#10357);
#4691=VERTEX_POINT('',#10359);
#4692=VERTEX_POINT('',#10361);
#4693=VERTEX_POINT('',#10363);
#4694=VERTEX_POINT('',#10365);
#4695=VERTEX_POINT('',#10367);
#4696=VERTEX_POINT('',#10369);
#4697=VERTEX_POINT('',#10371);
#4698=VERTEX_POINT('',#10373);
#4699=VERTEX_POINT('',#10375);
#4700=VERTEX_POINT('',#10377);
#4701=VERTEX_POINT('',#10379);
#4702=VERTEX_POINT('',#10381);
#4703=VERTEX_POINT('',#10383);
#4704=VERTEX_POINT('',#10385);
#4705=VERTEX_POINT('',#10387);
#4706=VERTEX_POINT('',#10391);
#4707=VERTEX_POINT('',#10392);
#4708=VERTEX_POINT('',#10394);
#4709=VERTEX_POINT('',#10396);
#4710=VERTEX_POINT('',#10398);
#4711=VERTEX_POINT('',#10400);
#4712=VERTEX_POINT('',#10402);
#4713=VERTEX_POINT('',#10404);
#4714=VERTEX_POINT('',#10406);
#4715=VERTEX_POINT('',#10408);
#4716=VERTEX_POINT('',#10410);
#4717=VERTEX_POINT('',#10412);
#4718=VERTEX_POINT('',#10416);
#4719=VERTEX_POINT('',#10417);
#4720=VERTEX_POINT('',#10421);
#4721=VERTEX_POINT('',#10422);
#4722=VERTEX_POINT('',#10424);
#4723=VERTEX_POINT('',#10426);
#4724=VERTEX_POINT('',#10428);
#4725=VERTEX_POINT('',#10430);
#4726=VERTEX_POINT('',#10433);
#4727=VERTEX_POINT('',#10435);
#4728=VERTEX_POINT('',#10437);
#4729=VERTEX_POINT('',#10438);
#4730=VERTEX_POINT('',#10440);
#4731=VERTEX_POINT('',#10442);
#4732=VERTEX_POINT('',#10444);
#4733=VERTEX_POINT('',#10446);
#4734=VERTEX_POINT('',#10448);
#4735=VERTEX_POINT('',#10450);
#4736=VERTEX_POINT('',#10452);
#4737=VERTEX_POINT('',#10459);
#4738=VERTEX_POINT('',#10460);
#4739=VERTEX_POINT('',#10462);
#4740=VERTEX_POINT('',#10464);
#4741=VERTEX_POINT('',#10466);
#4742=VERTEX_POINT('',#10468);
#4743=VERTEX_POINT('',#10472);
#4744=VERTEX_POINT('',#10473);
#4745=VERTEX_POINT('',#10475);
#4746=VERTEX_POINT('',#10477);
#4747=VERTEX_POINT('',#10479);
#4748=VERTEX_POINT('',#10488);
#4749=VERTEX_POINT('',#10489);
#4750=VERTEX_POINT('',#10496);
#4751=VERTEX_POINT('',#10502);
#4752=VERTEX_POINT('',#10504);
#4753=VERTEX_POINT('',#10509);
#4754=VERTEX_POINT('',#10511);
#4755=VERTEX_POINT('',#10524);
#4756=VERTEX_POINT('',#10543);
#4757=VERTEX_POINT('',#10621);
#4758=VERTEX_POINT('',#10623);
#4759=VERTEX_POINT('',#10626);
#4760=VERTEX_POINT('',#10629);
#4761=VERTEX_POINT('',#10634);
#4762=VERTEX_POINT('',#10637);
#4763=VERTEX_POINT('',#10642);
#4764=VERTEX_POINT('',#10644);
#4765=VERTEX_POINT('',#10647);
#4766=VERTEX_POINT('',#10649);
#4767=VERTEX_POINT('',#10659);
#4768=VERTEX_POINT('',#10661);
#4769=VERTEX_POINT('',#10664);
#4770=VERTEX_POINT('',#10667);
#4771=VERTEX_POINT('',#10670);
#4772=VERTEX_POINT('',#10676);
#4773=VERTEX_POINT('',#10677);
#4774=VERTEX_POINT('',#10679);
#4775=VERTEX_POINT('',#10681);
#4776=VERTEX_POINT('',#10683);
#4777=VERTEX_POINT('',#10685);
#4778=VERTEX_POINT('',#10689);
#4779=VERTEX_POINT('',#10690);
#4780=VERTEX_POINT('',#10692);
#4781=VERTEX_POINT('',#10694);
#4782=VERTEX_POINT('',#10696);
#4783=VERTEX_POINT('',#10705);
#4784=VERTEX_POINT('',#10706);
#4785=VERTEX_POINT('',#10713);
#4786=VERTEX_POINT('',#10719);
#4787=VERTEX_POINT('',#10721);
#4788=VERTEX_POINT('',#10726);
#4789=VERTEX_POINT('',#10728);
#4790=VERTEX_POINT('',#10741);
#4791=VERTEX_POINT('',#10760);
#4792=VERTEX_POINT('',#10841);
#4793=VERTEX_POINT('',#10843);
#4794=VERTEX_POINT('',#10844);
#4795=VERTEX_POINT('',#10846);
#4796=VERTEX_POINT('',#10848);
#4797=VERTEX_POINT('',#10850);
#4798=VERTEX_POINT('',#10852);
#4799=VERTEX_POINT('',#10854);
#4800=VERTEX_POINT('',#10856);
#4801=VERTEX_POINT('',#10858);
#4802=VERTEX_POINT('',#10860);
#4803=VERTEX_POINT('',#10862);
#4804=VERTEX_POINT('',#10864);
#4805=VERTEX_POINT('',#10866);
#4806=VERTEX_POINT('',#10868);
#4807=VERTEX_POINT('',#10870);
#4808=VERTEX_POINT('',#10872);
#4809=VERTEX_POINT('',#10876);
#4810=VERTEX_POINT('',#10878);
#4811=VERTEX_POINT('',#10879);
#4812=VERTEX_POINT('',#10881);
#4813=VERTEX_POINT('',#10883);
#4814=VERTEX_POINT('',#10885);
#4815=VERTEX_POINT('',#10887);
#4816=VERTEX_POINT('',#10889);
#4817=VERTEX_POINT('',#10891);
#4818=VERTEX_POINT('',#10893);
#4819=VERTEX_POINT('',#10895);
#4820=VERTEX_POINT('',#10897);
#4821=VERTEX_POINT('',#10899);
#4822=VERTEX_POINT('',#10901);
#4823=VERTEX_POINT('',#10903);
#4824=VERTEX_POINT('',#10905);
#4825=VERTEX_POINT('',#10907);
#4826=VERTEX_POINT('',#10909);
#4827=VERTEX_POINT('',#10911);
#4828=VERTEX_POINT('',#10918);
#4829=VERTEX_POINT('',#10921);
#4830=VERTEX_POINT('',#10925);
#4831=VERTEX_POINT('',#10935);
#4832=VERTEX_POINT('',#10936);
#4833=VERTEX_POINT('',#10941);
#4834=VERTEX_POINT('',#10947);
#4835=VERTEX_POINT('',#10949);
#4836=VERTEX_POINT('',#10955);
#4837=VERTEX_POINT('',#10960);
#4838=VERTEX_POINT('',#10966);
#4839=VERTEX_POINT('',#10972);
#4840=VERTEX_POINT('',#10973);
#4841=VERTEX_POINT('',#10979);
#4842=VERTEX_POINT('',#10981);
#4843=VERTEX_POINT('',#10987);
#4844=VERTEX_POINT('',#10992);
#4845=VERTEX_POINT('',#10997);
#4846=VERTEX_POINT('',#10999);
#4847=VERTEX_POINT('',#11006);
#4848=VERTEX_POINT('',#11008);
#4849=VERTEX_POINT('',#11010);
#4850=VERTEX_POINT('',#11011);
#4851=VERTEX_POINT('',#11017);
#4852=VERTEX_POINT('',#11022);
#4853=VERTEX_POINT('',#11028);
#4854=VERTEX_POINT('',#11030);
#4855=VERTEX_POINT('',#11036);
#4856=VERTEX_POINT('',#11041);
#4857=VERTEX_POINT('',#11048);
#4858=VERTEX_POINT('',#11049);
#4859=VERTEX_POINT('',#11055);
#4860=VERTEX_POINT('',#11060);
#4861=VERTEX_POINT('',#11066);
#4862=VERTEX_POINT('',#11068);
#4863=VERTEX_POINT('',#11074);
#4864=VERTEX_POINT('',#11079);
#4865=VERTEX_POINT('',#11086);
#4866=VERTEX_POINT('',#11087);
#4867=VERTEX_POINT('',#11093);
#4868=VERTEX_POINT('',#11098);
#4869=VERTEX_POINT('',#11104);
#4870=VERTEX_POINT('',#11106);
#4871=VERTEX_POINT('',#11112);
#4872=VERTEX_POINT('',#11117);
#4873=VERTEX_POINT('',#11129);
#4874=VERTEX_POINT('',#11130);
#4875=VERTEX_POINT('',#11132);
#4876=VERTEX_POINT('',#11138);
#4877=VERTEX_POINT('',#11143);
#4878=VERTEX_POINT('',#11148);
#4879=VERTEX_POINT('',#11150);
#4880=VERTEX_POINT('',#11155);
#4881=VERTEX_POINT('',#11167);
#4882=VERTEX_POINT('',#11168);
#4883=VERTEX_POINT('',#11170);
#4884=VERTEX_POINT('',#11176);
#4885=VERTEX_POINT('',#11181);
#4886=VERTEX_POINT('',#11186);
#4887=VERTEX_POINT('',#11188);
#4888=VERTEX_POINT('',#11193);
#4889=VERTEX_POINT('',#11204);
#4890=VERTEX_POINT('',#11205);
#4891=VERTEX_POINT('',#11210);
#4892=VERTEX_POINT('',#11212);
#4893=VERTEX_POINT('',#11217);
#4894=VERTEX_POINT('',#11222);
#4895=VERTEX_POINT('',#11228);
#4896=VERTEX_POINT('',#11230);
#4897=VERTEX_POINT('',#11239);
#4898=VERTEX_POINT('',#11242);
#4899=VERTEX_POINT('',#11249);
#4900=VERTEX_POINT('',#11251);
#4901=VERTEX_POINT('',#11254);
#4902=VERTEX_POINT('',#11257);
#4903=VERTEX_POINT('',#11262);
#4904=VERTEX_POINT('',#11265);
#4905=VERTEX_POINT('',#11268);
#4906=VERTEX_POINT('',#11271);
#4907=VERTEX_POINT('',#11274);
#4908=VERTEX_POINT('',#11277);
#4909=VERTEX_POINT('',#11280);
#4910=VERTEX_POINT('',#11283);
#4911=VERTEX_POINT('',#11286);
#4912=VERTEX_POINT('',#11291);
#4913=VERTEX_POINT('',#11293);
#4914=VERTEX_POINT('',#11298);
#4915=VERTEX_POINT('',#11299);
#4916=VERTEX_POINT('',#11304);
#4917=VERTEX_POINT('',#11306);
#4918=VERTEX_POINT('',#11308);
#4919=VERTEX_POINT('',#11312);
#4920=VERTEX_POINT('',#11314);
#4921=VERTEX_POINT('',#11316);
#4922=VERTEX_POINT('',#11317);
#4923=VERTEX_POINT('',#11319);
#4924=VERTEX_POINT('',#11321);
#4925=VERTEX_POINT('',#11340);
#4926=VERTEX_POINT('',#11341);
#4927=VERTEX_POINT('',#11343);
#4928=VERTEX_POINT('',#11345);
#4929=VERTEX_POINT('',#11349);
#4930=VERTEX_POINT('',#11351);
#4931=VERTEX_POINT('',#11355);
#4932=VERTEX_POINT('',#11357);
#4933=VERTEX_POINT('',#11361);
#4934=VERTEX_POINT('',#11363);
#4935=VERTEX_POINT('',#11367);
#4936=VERTEX_POINT('',#11369);
#4937=VERTEX_POINT('',#11373);
#4938=VERTEX_POINT('',#11375);
#4939=VERTEX_POINT('',#11379);
#4940=VERTEX_POINT('',#11381);
#4941=VERTEX_POINT('',#11385);
#4942=VERTEX_POINT('',#11387);
#4943=VERTEX_POINT('',#11391);
#4944=VERTEX_POINT('',#11393);
#4945=VERTEX_POINT('',#11397);
#4946=VERTEX_POINT('',#11399);
#4947=VERTEX_POINT('',#11403);
#4948=VERTEX_POINT('',#11405);
#4949=VERTEX_POINT('',#11419);
#4950=VERTEX_POINT('',#11420);
#4951=VERTEX_POINT('',#11425);
#4952=VERTEX_POINT('',#11427);
#4953=VERTEX_POINT('',#11432);
#4954=VERTEX_POINT('',#11434);
#4955=VERTEX_POINT('',#11439);
#4956=VERTEX_POINT('',#11441);
#4957=VERTEX_POINT('',#11446);
#4958=VERTEX_POINT('',#11453);
#4959=VERTEX_POINT('',#11454);
#4960=VERTEX_POINT('',#11459);
#4961=VERTEX_POINT('',#11467);
#4962=VERTEX_POINT('',#11472);
#4963=VERTEX_POINT('',#11477);
#4964=VERTEX_POINT('',#11482);
#4965=VERTEX_POINT('',#11484);
#4966=VERTEX_POINT('',#11489);
#4967=VERTEX_POINT('',#11494);
#4968=VERTEX_POINT('',#11499);
#4969=VERTEX_POINT('',#11507);
#4970=VERTEX_POINT('',#11524);
#4971=VERTEX_POINT('',#11536);
#4972=VERTEX_POINT('',#11540);
#4973=VERTEX_POINT('',#11545);
#4974=VERTEX_POINT('',#11547);
#4975=VERTEX_POINT('',#11552);
#4976=VERTEX_POINT('',#11554);
#4977=VERTEX_POINT('',#11559);
#4978=VERTEX_POINT('',#11561);
#4979=VERTEX_POINT('',#11566);
#4980=VERTEX_POINT('',#11568);
#4981=VERTEX_POINT('',#11573);
#4982=VERTEX_POINT('',#11575);
#4983=VERTEX_POINT('',#11580);
#4984=VERTEX_POINT('',#11587);
#4985=VERTEX_POINT('',#11588);
#4986=VERTEX_POINT('',#11590);
#4987=VERTEX_POINT('',#11595);
#4988=VERTEX_POINT('',#11597);
#4989=VERTEX_POINT('',#11605);
#4990=VERTEX_POINT('',#11607);
#4991=VERTEX_POINT('',#11612);
#4992=VERTEX_POINT('',#11614);
#4993=VERTEX_POINT('',#11619);
#4994=VERTEX_POINT('',#11621);
#4995=VERTEX_POINT('',#11627);
#4996=VERTEX_POINT('',#11633);
#4997=VERTEX_POINT('',#11635);
#4998=VERTEX_POINT('',#11640);
#4999=VERTEX_POINT('',#11642);
#5000=VERTEX_POINT('',#11647);
#5001=VERTEX_POINT('',#11654);
#5002=VERTEX_POINT('',#11655);
#5003=VERTEX_POINT('',#11657);
#5004=VERTEX_POINT('',#11662);
#5005=VERTEX_POINT('',#11664);
#5006=VERTEX_POINT('',#11669);
#5007=VERTEX_POINT('',#11674);
#5008=VERTEX_POINT('',#11680);
#5009=VERTEX_POINT('',#11682);
#5010=VERTEX_POINT('',#11687);
#5011=VERTEX_POINT('',#11689);
#5012=VERTEX_POINT('',#11694);
#5013=VERTEX_POINT('',#11696);
#5014=VERTEX_POINT('',#11701);
#5015=VERTEX_POINT('',#11703);
#5016=VERTEX_POINT('',#11708);
#5017=VERTEX_POINT('',#11710);
#5018=VERTEX_POINT('',#11718);
#5019=VERTEX_POINT('',#11720);
#5020=VERTEX_POINT('',#11725);
#5021=VERTEX_POINT('',#11727);
#5022=VERTEX_POINT('',#11732);
#5023=VERTEX_POINT('',#11734);
#5024=VERTEX_POINT('',#11739);
#5025=VERTEX_POINT('',#11746);
#5026=VERTEX_POINT('',#11747);
#5027=VERTEX_POINT('',#11749);
#5028=VERTEX_POINT('',#11754);
#5029=VERTEX_POINT('',#11756);
#5030=VERTEX_POINT('',#11764);
#5031=VERTEX_POINT('',#11766);
#5032=VERTEX_POINT('',#11771);
#5033=VERTEX_POINT('',#11773);
#5034=VERTEX_POINT('',#11778);
#5035=VERTEX_POINT('',#11780);
#5036=VERTEX_POINT('',#11785);
#5037=VERTEX_POINT('',#11787);
#5038=VERTEX_POINT('',#11789);
#5039=VERTEX_POINT('',#11794);
#5040=VERTEX_POINT('',#11796);
#5041=VERTEX_POINT('',#11804);
#5042=VERTEX_POINT('',#11814);
#5043=VERTEX_POINT('',#11815);
#5044=VERTEX_POINT('',#11817);
#5045=VERTEX_POINT('',#11822);
#5046=VERTEX_POINT('',#11824);
#5047=VERTEX_POINT('',#11829);
#5048=VERTEX_POINT('',#11831);
#5049=VERTEX_POINT('',#11836);
#5050=VERTEX_POINT('',#11838);
#5051=VERTEX_POINT('',#11843);
#5052=VERTEX_POINT('',#11845);
#5053=VERTEX_POINT('',#11850);
#5054=VERTEX_POINT('',#11852);
#5055=VERTEX_POINT('',#11857);
#5056=VERTEX_POINT('',#11862);
#5057=VERTEX_POINT('',#11868);
#5058=VERTEX_POINT('',#11870);
#5059=VERTEX_POINT('',#11875);
#5060=VERTEX_POINT('',#11877);
#5061=VERTEX_POINT('',#11882);
#5062=VERTEX_POINT('',#11884);
#5063=VERTEX_POINT('',#11889);
#5064=VERTEX_POINT('',#11891);
#5065=VERTEX_POINT('',#11896);
#5066=VERTEX_POINT('',#11910);
#5067=VERTEX_POINT('',#11922);
#5068=VERTEX_POINT('',#11929);
#5069=VERTEX_POINT('',#11930);
#5070=VERTEX_POINT('',#11932);
#5071=VERTEX_POINT('',#11937);
#5072=VERTEX_POINT('',#11939);
#5073=VERTEX_POINT('',#11947);
#5074=VERTEX_POINT('',#11949);
#5075=VERTEX_POINT('',#11954);
#5076=VERTEX_POINT('',#11956);
#5077=VERTEX_POINT('',#11961);
#5078=VERTEX_POINT('',#11963);
#5079=VERTEX_POINT('',#11971);
#5080=VERTEX_POINT('',#11979);
#5081=VERTEX_POINT('',#11981);
#5082=VERTEX_POINT('',#11986);
#5083=VERTEX_POINT('',#11988);
#5084=VERTEX_POINT('',#11993);
#5085=VERTEX_POINT('',#11995);
#5086=VERTEX_POINT('',#12000);
#5087=VERTEX_POINT('',#12002);
#5088=VERTEX_POINT('',#12007);
#5089=VERTEX_POINT('',#12009);
#5090=VERTEX_POINT('',#12017);
#5091=VERTEX_POINT('',#12021);
#5092=VERTEX_POINT('',#12022);
#5093=VERTEX_POINT('',#12027);
#5094=VERTEX_POINT('',#12033);
#5095=VERTEX_POINT('',#12035);
#5096=VERTEX_POINT('',#12040);
#5097=VERTEX_POINT('',#12042);
#5098=VERTEX_POINT('',#12047);
#5099=VERTEX_POINT('',#12049);
#5100=VERTEX_POINT('',#12057);
#5101=VERTEX_POINT('',#12059);
#5102=VERTEX_POINT('',#12064);
#5103=VERTEX_POINT('',#12066);
#5104=VERTEX_POINT('',#12071);
#5105=VERTEX_POINT('',#12073);
#5106=VERTEX_POINT('',#12081);
#5107=VERTEX_POINT('',#12089);
#5108=VERTEX_POINT('',#12091);
#5109=VERTEX_POINT('',#12096);
#5110=VERTEX_POINT('',#12098);
#5111=VERTEX_POINT('',#12108);
#5112=VERTEX_POINT('',#12109);
#5113=VERTEX_POINT('',#12114);
#5114=VERTEX_POINT('',#12116);
#5115=VERTEX_POINT('',#12121);
#5116=VERTEX_POINT('',#12123);
#5117=VERTEX_POINT('',#12128);
#5118=VERTEX_POINT('',#12130);
#5119=VERTEX_POINT('',#12135);
#5120=VERTEX_POINT('',#12142);
#5121=VERTEX_POINT('',#12143);
#5122=VERTEX_POINT('',#12148);
#5123=VERTEX_POINT('',#12156);
#5124=VERTEX_POINT('',#12161);
#5125=VERTEX_POINT('',#12166);
#5126=VERTEX_POINT('',#12171);
#5127=VERTEX_POINT('',#12173);
#5128=VERTEX_POINT('',#12178);
#5129=VERTEX_POINT('',#12183);
#5130=VERTEX_POINT('',#12188);
#5131=VERTEX_POINT('',#12196);
#5132=VERTEX_POINT('',#12213);
#5133=VERTEX_POINT('',#12225);
#5134=VERTEX_POINT('',#12229);
#5135=VERTEX_POINT('',#12234);
#5136=VERTEX_POINT('',#12236);
#5137=VERTEX_POINT('',#12241);
#5138=VERTEX_POINT('',#12243);
#5139=VERTEX_POINT('',#12248);
#5140=VERTEX_POINT('',#12250);
#5141=VERTEX_POINT('',#12255);
#5142=VERTEX_POINT('',#12257);
#5143=VERTEX_POINT('',#12262);
#5144=VERTEX_POINT('',#12264);
#5145=VERTEX_POINT('',#12269);
#5146=VERTEX_POINT('',#12276);
#5147=VERTEX_POINT('',#12277);
#5148=VERTEX_POINT('',#12279);
#5149=VERTEX_POINT('',#12284);
#5150=VERTEX_POINT('',#12286);
#5151=VERTEX_POINT('',#12294);
#5152=VERTEX_POINT('',#12296);
#5153=VERTEX_POINT('',#12301);
#5154=VERTEX_POINT('',#12303);
#5155=VERTEX_POINT('',#12308);
#5156=VERTEX_POINT('',#12310);
#5157=VERTEX_POINT('',#12316);
#5158=VERTEX_POINT('',#12322);
#5159=VERTEX_POINT('',#12324);
#5160=VERTEX_POINT('',#12329);
#5161=VERTEX_POINT('',#12331);
#5162=VERTEX_POINT('',#12336);
#5163=VERTEX_POINT('',#12343);
#5164=VERTEX_POINT('',#12344);
#5165=VERTEX_POINT('',#12346);
#5166=VERTEX_POINT('',#12351);
#5167=VERTEX_POINT('',#12353);
#5168=VERTEX_POINT('',#12358);
#5169=VERTEX_POINT('',#12363);
#5170=VERTEX_POINT('',#12369);
#5171=VERTEX_POINT('',#12371);
#5172=VERTEX_POINT('',#12376);
#5173=VERTEX_POINT('',#12378);
#5174=VERTEX_POINT('',#12383);
#5175=VERTEX_POINT('',#12385);
#5176=VERTEX_POINT('',#12390);
#5177=VERTEX_POINT('',#12392);
#5178=VERTEX_POINT('',#12397);
#5179=VERTEX_POINT('',#12399);
#5180=VERTEX_POINT('',#12407);
#5181=VERTEX_POINT('',#12409);
#5182=VERTEX_POINT('',#12414);
#5183=VERTEX_POINT('',#12416);
#5184=VERTEX_POINT('',#12421);
#5185=VERTEX_POINT('',#12423);
#5186=VERTEX_POINT('',#12428);
#5187=VERTEX_POINT('',#12435);
#5188=VERTEX_POINT('',#12436);
#5189=VERTEX_POINT('',#12438);
#5190=VERTEX_POINT('',#12443);
#5191=VERTEX_POINT('',#12445);
#5192=VERTEX_POINT('',#12453);
#5193=VERTEX_POINT('',#12455);
#5194=VERTEX_POINT('',#12460);
#5195=VERTEX_POINT('',#12462);
#5196=VERTEX_POINT('',#12467);
#5197=VERTEX_POINT('',#12469);
#5198=VERTEX_POINT('',#12474);
#5199=VERTEX_POINT('',#12476);
#5200=VERTEX_POINT('',#12478);
#5201=VERTEX_POINT('',#12483);
#5202=VERTEX_POINT('',#12485);
#5203=VERTEX_POINT('',#12493);
#5204=VERTEX_POINT('',#12503);
#5205=VERTEX_POINT('',#12504);
#5206=VERTEX_POINT('',#12506);
#5207=VERTEX_POINT('',#12511);
#5208=VERTEX_POINT('',#12513);
#5209=VERTEX_POINT('',#12518);
#5210=VERTEX_POINT('',#12520);
#5211=VERTEX_POINT('',#12525);
#5212=VERTEX_POINT('',#12527);
#5213=VERTEX_POINT('',#12532);
#5214=VERTEX_POINT('',#12534);
#5215=VERTEX_POINT('',#12539);
#5216=VERTEX_POINT('',#12541);
#5217=VERTEX_POINT('',#12546);
#5218=VERTEX_POINT('',#12551);
#5219=VERTEX_POINT('',#12557);
#5220=VERTEX_POINT('',#12559);
#5221=VERTEX_POINT('',#12564);
#5222=VERTEX_POINT('',#12566);
#5223=VERTEX_POINT('',#12571);
#5224=VERTEX_POINT('',#12573);
#5225=VERTEX_POINT('',#12578);
#5226=VERTEX_POINT('',#12580);
#5227=VERTEX_POINT('',#12585);
#5228=VERTEX_POINT('',#12599);
#5229=VERTEX_POINT('',#12611);
#5230=VERTEX_POINT('',#12618);
#5231=VERTEX_POINT('',#12619);
#5232=VERTEX_POINT('',#12621);
#5233=VERTEX_POINT('',#12626);
#5234=VERTEX_POINT('',#12628);
#5235=VERTEX_POINT('',#12636);
#5236=VERTEX_POINT('',#12638);
#5237=VERTEX_POINT('',#12643);
#5238=VERTEX_POINT('',#12645);
#5239=VERTEX_POINT('',#12650);
#5240=VERTEX_POINT('',#12652);
#5241=VERTEX_POINT('',#12660);
#5242=VERTEX_POINT('',#12668);
#5243=VERTEX_POINT('',#12670);
#5244=VERTEX_POINT('',#12675);
#5245=VERTEX_POINT('',#12677);
#5246=VERTEX_POINT('',#12682);
#5247=VERTEX_POINT('',#12684);
#5248=VERTEX_POINT('',#12689);
#5249=VERTEX_POINT('',#12691);
#5250=VERTEX_POINT('',#12696);
#5251=VERTEX_POINT('',#12698);
#5252=VERTEX_POINT('',#12706);
#5253=VERTEX_POINT('',#12710);
#5254=VERTEX_POINT('',#12711);
#5255=VERTEX_POINT('',#12716);
#5256=VERTEX_POINT('',#12722);
#5257=VERTEX_POINT('',#12724);
#5258=VERTEX_POINT('',#12729);
#5259=VERTEX_POINT('',#12731);
#5260=VERTEX_POINT('',#12736);
#5261=VERTEX_POINT('',#12738);
#5262=VERTEX_POINT('',#12746);
#5263=VERTEX_POINT('',#12748);
#5264=VERTEX_POINT('',#12753);
#5265=VERTEX_POINT('',#12755);
#5266=VERTEX_POINT('',#12760);
#5267=VERTEX_POINT('',#12762);
#5268=VERTEX_POINT('',#12770);
#5269=VERTEX_POINT('',#12778);
#5270=VERTEX_POINT('',#12780);
#5271=VERTEX_POINT('',#12785);
#5272=VERTEX_POINT('',#12787);
#5273=VERTEX_POINT('',#12797);
#5274=VERTEX_POINT('',#12798);
#5275=VERTEX_POINT('',#12803);
#5276=VERTEX_POINT('',#12805);
#5277=VERTEX_POINT('',#12810);
#5278=VERTEX_POINT('',#12812);
#5279=VERTEX_POINT('',#12817);
#5280=VERTEX_POINT('',#12819);
#5281=VERTEX_POINT('',#12824);
#5282=VERTEX_POINT('',#12831);
#5283=VERTEX_POINT('',#12832);
#5284=VERTEX_POINT('',#12837);
#5285=VERTEX_POINT('',#12845);
#5286=VERTEX_POINT('',#12850);
#5287=VERTEX_POINT('',#12855);
#5288=VERTEX_POINT('',#12860);
#5289=VERTEX_POINT('',#12862);
#5290=VERTEX_POINT('',#12867);
#5291=VERTEX_POINT('',#12872);
#5292=VERTEX_POINT('',#12877);
#5293=VERTEX_POINT('',#12885);
#5294=VERTEX_POINT('',#12902);
#5295=VERTEX_POINT('',#12914);
#5296=VERTEX_POINT('',#12918);
#5297=VERTEX_POINT('',#12923);
#5298=VERTEX_POINT('',#12925);
#5299=VERTEX_POINT('',#12930);
#5300=VERTEX_POINT('',#12932);
#5301=VERTEX_POINT('',#12937);
#5302=VERTEX_POINT('',#12939);
#5303=VERTEX_POINT('',#12944);
#5304=VERTEX_POINT('',#12946);
#5305=VERTEX_POINT('',#12951);
#5306=VERTEX_POINT('',#12953);
#5307=VERTEX_POINT('',#12958);
#5308=VERTEX_POINT('',#12965);
#5309=VERTEX_POINT('',#12966);
#5310=VERTEX_POINT('',#12968);
#5311=VERTEX_POINT('',#12973);
#5312=VERTEX_POINT('',#12975);
#5313=VERTEX_POINT('',#12983);
#5314=VERTEX_POINT('',#12985);
#5315=VERTEX_POINT('',#12990);
#5316=VERTEX_POINT('',#12992);
#5317=VERTEX_POINT('',#12997);
#5318=VERTEX_POINT('',#12999);
#5319=VERTEX_POINT('',#13005);
#5320=VERTEX_POINT('',#13011);
#5321=VERTEX_POINT('',#13013);
#5322=VERTEX_POINT('',#13018);
#5323=VERTEX_POINT('',#13020);
#5324=VERTEX_POINT('',#13025);
#5325=VERTEX_POINT('',#13032);
#5326=VERTEX_POINT('',#13033);
#5327=VERTEX_POINT('',#13035);
#5328=VERTEX_POINT('',#13040);
#5329=VERTEX_POINT('',#13042);
#5330=VERTEX_POINT('',#13047);
#5331=VERTEX_POINT('',#13052);
#5332=VERTEX_POINT('',#13058);
#5333=VERTEX_POINT('',#13060);
#5334=VERTEX_POINT('',#13065);
#5335=VERTEX_POINT('',#13067);
#5336=VERTEX_POINT('',#13072);
#5337=VERTEX_POINT('',#13074);
#5338=VERTEX_POINT('',#13079);
#5339=VERTEX_POINT('',#13081);
#5340=VERTEX_POINT('',#13086);
#5341=VERTEX_POINT('',#13088);
#5342=VERTEX_POINT('',#13096);
#5343=VERTEX_POINT('',#13098);
#5344=VERTEX_POINT('',#13103);
#5345=VERTEX_POINT('',#13105);
#5346=VERTEX_POINT('',#13110);
#5347=VERTEX_POINT('',#13112);
#5348=VERTEX_POINT('',#13117);
#5349=VERTEX_POINT('',#13124);
#5350=VERTEX_POINT('',#13125);
#5351=VERTEX_POINT('',#13127);
#5352=VERTEX_POINT('',#13132);
#5353=VERTEX_POINT('',#13134);
#5354=VERTEX_POINT('',#13142);
#5355=VERTEX_POINT('',#13144);
#5356=VERTEX_POINT('',#13149);
#5357=VERTEX_POINT('',#13151);
#5358=VERTEX_POINT('',#13156);
#5359=VERTEX_POINT('',#13158);
#5360=VERTEX_POINT('',#13163);
#5361=VERTEX_POINT('',#13165);
#5362=VERTEX_POINT('',#13167);
#5363=VERTEX_POINT('',#13172);
#5364=VERTEX_POINT('',#13174);
#5365=VERTEX_POINT('',#13182);
#5366=VERTEX_POINT('',#13192);
#5367=VERTEX_POINT('',#13193);
#5368=VERTEX_POINT('',#13195);
#5369=VERTEX_POINT('',#13200);
#5370=VERTEX_POINT('',#13202);
#5371=VERTEX_POINT('',#13207);
#5372=VERTEX_POINT('',#13209);
#5373=VERTEX_POINT('',#13214);
#5374=VERTEX_POINT('',#13216);
#5375=VERTEX_POINT('',#13221);
#5376=VERTEX_POINT('',#13223);
#5377=VERTEX_POINT('',#13228);
#5378=VERTEX_POINT('',#13230);
#5379=VERTEX_POINT('',#13235);
#5380=VERTEX_POINT('',#13240);
#5381=VERTEX_POINT('',#13246);
#5382=VERTEX_POINT('',#13248);
#5383=VERTEX_POINT('',#13253);
#5384=VERTEX_POINT('',#13255);
#5385=VERTEX_POINT('',#13260);
#5386=VERTEX_POINT('',#13262);
#5387=VERTEX_POINT('',#13267);
#5388=VERTEX_POINT('',#13269);
#5389=VERTEX_POINT('',#13274);
#5390=VERTEX_POINT('',#13288);
#5391=VERTEX_POINT('',#13300);
#5392=VERTEX_POINT('',#13307);
#5393=VERTEX_POINT('',#13308);
#5394=VERTEX_POINT('',#13310);
#5395=VERTEX_POINT('',#13315);
#5396=VERTEX_POINT('',#13317);
#5397=VERTEX_POINT('',#13325);
#5398=VERTEX_POINT('',#13327);
#5399=VERTEX_POINT('',#13332);
#5400=VERTEX_POINT('',#13334);
#5401=VERTEX_POINT('',#13339);
#5402=VERTEX_POINT('',#13341);
#5403=VERTEX_POINT('',#13349);
#5404=VERTEX_POINT('',#13357);
#5405=VERTEX_POINT('',#13359);
#5406=VERTEX_POINT('',#13364);
#5407=VERTEX_POINT('',#13366);
#5408=VERTEX_POINT('',#13371);
#5409=VERTEX_POINT('',#13373);
#5410=VERTEX_POINT('',#13378);
#5411=VERTEX_POINT('',#13380);
#5412=VERTEX_POINT('',#13385);
#5413=VERTEX_POINT('',#13387);
#5414=VERTEX_POINT('',#13395);
#5415=VERTEX_POINT('',#13399);
#5416=VERTEX_POINT('',#13400);
#5417=VERTEX_POINT('',#13405);
#5418=VERTEX_POINT('',#13411);
#5419=VERTEX_POINT('',#13413);
#5420=VERTEX_POINT('',#13418);
#5421=VERTEX_POINT('',#13420);
#5422=VERTEX_POINT('',#13425);
#5423=VERTEX_POINT('',#13427);
#5424=VERTEX_POINT('',#13435);
#5425=VERTEX_POINT('',#13437);
#5426=VERTEX_POINT('',#13442);
#5427=VERTEX_POINT('',#13444);
#5428=VERTEX_POINT('',#13449);
#5429=VERTEX_POINT('',#13451);
#5430=VERTEX_POINT('',#13459);
#5431=VERTEX_POINT('',#13467);
#5432=VERTEX_POINT('',#13469);
#5433=VERTEX_POINT('',#13474);
#5434=VERTEX_POINT('',#13476);
#5435=VERTEX_POINT('',#13486);
#5436=VERTEX_POINT('',#13487);
#5437=VERTEX_POINT('',#13492);
#5438=VERTEX_POINT('',#13494);
#5439=VERTEX_POINT('',#13499);
#5440=VERTEX_POINT('',#13501);
#5441=VERTEX_POINT('',#13506);
#5442=VERTEX_POINT('',#13508);
#5443=VERTEX_POINT('',#13513);
#5444=VERTEX_POINT('',#13520);
#5445=VERTEX_POINT('',#13521);
#5446=VERTEX_POINT('',#13526);
#5447=VERTEX_POINT('',#13534);
#5448=VERTEX_POINT('',#13539);
#5449=VERTEX_POINT('',#13544);
#5450=VERTEX_POINT('',#13549);
#5451=VERTEX_POINT('',#13551);
#5452=VERTEX_POINT('',#13556);
#5453=VERTEX_POINT('',#13561);
#5454=VERTEX_POINT('',#13566);
#5455=VERTEX_POINT('',#13574);
#5456=VERTEX_POINT('',#13591);
#5457=VERTEX_POINT('',#13603);
#5458=VERTEX_POINT('',#13606);
#5459=VERTEX_POINT('',#13611);
#5460=VERTEX_POINT('',#13613);
#5461=VERTEX_POINT('',#13618);
#5462=VERTEX_POINT('',#13620);
#5463=VERTEX_POINT('',#13625);
#5464=VERTEX_POINT('',#13627);
#5465=VERTEX_POINT('',#13632);
#5466=VERTEX_POINT('',#13634);
#5467=VERTEX_POINT('',#13639);
#5468=VERTEX_POINT('',#13641);
#5469=VERTEX_POINT('',#13646);
#5470=VERTEX_POINT('',#13654);
#5471=VERTEX_POINT('',#13655);
#5472=VERTEX_POINT('',#13657);
#5473=VERTEX_POINT('',#13662);
#5474=VERTEX_POINT('',#13664);
#5475=VERTEX_POINT('',#13672);
#5476=VERTEX_POINT('',#13674);
#5477=VERTEX_POINT('',#13679);
#5478=VERTEX_POINT('',#13681);
#5479=VERTEX_POINT('',#13686);
#5480=VERTEX_POINT('',#13688);
#5481=VERTEX_POINT('',#13694);
#5482=VERTEX_POINT('',#13700);
#5483=VERTEX_POINT('',#13702);
#5484=VERTEX_POINT('',#13707);
#5485=VERTEX_POINT('',#13709);
#5486=VERTEX_POINT('',#13714);
#5487=VERTEX_POINT('',#13721);
#5488=VERTEX_POINT('',#13722);
#5489=VERTEX_POINT('',#13724);
#5490=VERTEX_POINT('',#13729);
#5491=VERTEX_POINT('',#13731);
#5492=VERTEX_POINT('',#13739);
#5493=VERTEX_POINT('',#13741);
#5494=VERTEX_POINT('',#13746);
#5495=VERTEX_POINT('',#13748);
#5496=VERTEX_POINT('',#13753);
#5497=VERTEX_POINT('',#13755);
#5498=VERTEX_POINT('',#13760);
#5499=VERTEX_POINT('',#13762);
#5500=VERTEX_POINT('',#13764);
#5501=VERTEX_POINT('',#13769);
#5502=VERTEX_POINT('',#13771);
#5503=VERTEX_POINT('',#13779);
#5504=VERTEX_POINT('',#13789);
#5505=VERTEX_POINT('',#13790);
#5506=VERTEX_POINT('',#13792);
#5507=VERTEX_POINT('',#13797);
#5508=VERTEX_POINT('',#13799);
#5509=VERTEX_POINT('',#13804);
#5510=VERTEX_POINT('',#13806);
#5511=VERTEX_POINT('',#13811);
#5512=VERTEX_POINT('',#13813);
#5513=VERTEX_POINT('',#13818);
#5514=VERTEX_POINT('',#13820);
#5515=VERTEX_POINT('',#13825);
#5516=VERTEX_POINT('',#13827);
#5517=VERTEX_POINT('',#13832);
#5518=VERTEX_POINT('',#13837);
#5519=VERTEX_POINT('',#13843);
#5520=VERTEX_POINT('',#13845);
#5521=VERTEX_POINT('',#13850);
#5522=VERTEX_POINT('',#13852);
#5523=VERTEX_POINT('',#13857);
#5524=VERTEX_POINT('',#13859);
#5525=VERTEX_POINT('',#13864);
#5526=VERTEX_POINT('',#13866);
#5527=VERTEX_POINT('',#13871);
#5528=VERTEX_POINT('',#13878);
#5529=VERTEX_POINT('',#13879);
#5530=VERTEX_POINT('',#13881);
#5531=VERTEX_POINT('',#13886);
#5532=VERTEX_POINT('',#13888);
#5533=VERTEX_POINT('',#13896);
#5534=VERTEX_POINT('',#13898);
#5535=VERTEX_POINT('',#13903);
#5536=VERTEX_POINT('',#13905);
#5537=VERTEX_POINT('',#13910);
#5538=VERTEX_POINT('',#13912);
#5539=VERTEX_POINT('',#13920);
#5540=VERTEX_POINT('',#13928);
#5541=VERTEX_POINT('',#13930);
#5542=VERTEX_POINT('',#13935);
#5543=VERTEX_POINT('',#13937);
#5544=VERTEX_POINT('',#13942);
#5545=VERTEX_POINT('',#13944);
#5546=VERTEX_POINT('',#13949);
#5547=VERTEX_POINT('',#13951);
#5548=VERTEX_POINT('',#13956);
#5549=VERTEX_POINT('',#13958);
#5550=VERTEX_POINT('',#13966);
#5551=VERTEX_POINT('',#13970);
#5552=VERTEX_POINT('',#13971);
#5553=VERTEX_POINT('',#13976);
#5554=VERTEX_POINT('',#13982);
#5555=VERTEX_POINT('',#13984);
#5556=VERTEX_POINT('',#13989);
#5557=VERTEX_POINT('',#13991);
#5558=VERTEX_POINT('',#13996);
#5559=VERTEX_POINT('',#13998);
#5560=VERTEX_POINT('',#14006);
#5561=VERTEX_POINT('',#14008);
#5562=VERTEX_POINT('',#14013);
#5563=VERTEX_POINT('',#14015);
#5564=VERTEX_POINT('',#14020);
#5565=VERTEX_POINT('',#14022);
#5566=VERTEX_POINT('',#14030);
#5567=VERTEX_POINT('',#14038);
#5568=VERTEX_POINT('',#14040);
#5569=VERTEX_POINT('',#14045);
#5570=VERTEX_POINT('',#14047);
#5571=VERTEX_POINT('',#14057);
#5572=VERTEX_POINT('',#14058);
#5573=VERTEX_POINT('',#14060);
#5574=VERTEX_POINT('',#14065);
#5575=VERTEX_POINT('',#14067);
#5576=VERTEX_POINT('',#14072);
#5577=VERTEX_POINT('',#14077);
#5578=VERTEX_POINT('',#14083);
#5579=VERTEX_POINT('',#14085);
#5580=VERTEX_POINT('',#14090);
#5581=VERTEX_POINT('',#14092);
#5582=VERTEX_POINT('',#14097);
#5583=VERTEX_POINT('',#14099);
#5584=VERTEX_POINT('',#14104);
#5585=VERTEX_POINT('',#14106);
#5586=VERTEX_POINT('',#14111);
#5587=VERTEX_POINT('',#14113);
#5588=VERTEX_POINT('',#14121);
#5589=VERTEX_POINT('',#14123);
#5590=VERTEX_POINT('',#14128);
#5591=VERTEX_POINT('',#14130);
#5592=VERTEX_POINT('',#14135);
#5593=VERTEX_POINT('',#14137);
#5594=VERTEX_POINT('',#14142);
#5595=VERTEX_POINT('',#14156);
#5596=VERTEX_POINT('',#14168);
#5597=VERTEX_POINT('',#14172);
#5598=VERTEX_POINT('',#14174);
#5599=VERTEX_POINT('',#14177);
#5600=VERTEX_POINT('',#14180);
#5601=VERTEX_POINT('',#14205);
#5602=VERTEX_POINT('',#14206);
#5603=VERTEX_POINT('',#14208);
#5604=VERTEX_POINT('',#14230);
#5605=VERTEX_POINT('',#14235);
#5606=VERTEX_POINT('',#14237);
#5607=VERTEX_POINT('',#14264);
#5608=VERTEX_POINT('',#14269);
#5609=VERTEX_POINT('',#14271);
#5610=VERTEX_POINT('',#14276);
#5611=VERTEX_POINT('',#14298);
#5612=VERTEX_POINT('',#14305);
#5613=VERTEX_POINT('',#14307);
#5614=VERTEX_POINT('',#14314);
#5615=VERTEX_POINT('',#14315);
#5616=VERTEX_POINT('',#14326);
#5617=VERTEX_POINT('',#14327);
#5618=VERTEX_POINT('',#14332);
#5619=VERTEX_POINT('',#14334);
#5620=VERTEX_POINT('',#14341);
#5621=VERTEX_POINT('',#14342);
#5622=VERTEX_POINT('',#14347);
#5623=VERTEX_POINT('',#14369);
#5624=VERTEX_POINT('',#14392);
#5625=VERTEX_POINT('',#14399);
#5626=VERTEX_POINT('',#14400);
#5627=VERTEX_POINT('',#14432);
#5628=VERTEX_POINT('',#14441);
#5629=VERTEX_POINT('',#14465);
#5630=VERTEX_POINT('',#14466);
#5631=VERTEX_POINT('',#14472);
#5632=VERTEX_POINT('',#14474);
#5633=VERTEX_POINT('',#14486);
#5634=VERTEX_POINT('',#14487);
#5635=VERTEX_POINT('',#14489);
#5636=VERTEX_POINT('',#14495);
#5637=VERTEX_POINT('',#14499);
#5638=VERTEX_POINT('',#14500);
#5639=VERTEX_POINT('',#14506);
#5640=VERTEX_POINT('',#14508);
#5641=VERTEX_POINT('',#14519);
#5642=VERTEX_POINT('',#14520);
#5643=VERTEX_POINT('',#14525);
#5644=VERTEX_POINT('',#14527);
#5645=VERTEX_POINT('',#14532);
#5646=VERTEX_POINT('',#14537);
#5647=VERTEX_POINT('',#14544);
#5648=VERTEX_POINT('',#14545);
#5649=VERTEX_POINT('',#14547);
#5650=VERTEX_POINT('',#14552);
#5651=VERTEX_POINT('',#14557);
#5652=VERTEX_POINT('',#14559);
#5653=VERTEX_POINT('',#14569);
#5654=VERTEX_POINT('',#14570);
#5655=VERTEX_POINT('',#14572);
#5656=VERTEX_POINT('',#14574);
#5657=VERTEX_POINT('',#14581);
#5658=VERTEX_POINT('',#14583);
#5659=VERTEX_POINT('',#14590);
#5660=VERTEX_POINT('',#14591);
#5661=VERTEX_POINT('',#14613);
#5662=VERTEX_POINT('',#14616);
#5663=VERTEX_POINT('',#14649);
#5664=VERTEX_POINT('',#14651);
#5665=VERTEX_POINT('',#14654);
#5666=VERTEX_POINT('',#14657);
#5667=VERTEX_POINT('',#14663);
#5668=VERTEX_POINT('',#14665);
#5669=VERTEX_POINT('',#14668);
#5670=VERTEX_POINT('',#14671);
#5671=LINE('',#10202,#6004);
#5672=LINE('',#10205,#6005);
#5673=LINE('',#10207,#6006);
#5674=LINE('',#10209,#6007);
#5675=LINE('',#10213,#6008);
#5676=LINE('',#10217,#6009);
#5677=LINE('',#10219,#6010);
#5678=LINE('',#10221,#6011);
#5679=LINE('',#10234,#6012);
#5680=LINE('',#10237,#6013);
#5681=LINE('',#10241,#6014);
#5682=LINE('',#10245,#6015);
#5683=LINE('',#10249,#6016);
#5684=LINE('',#10253,#6017);
#5685=LINE('',#10257,#6018);
#5686=LINE('',#10261,#6019);
#5687=LINE('',#10263,#6020);
#5688=LINE('',#10265,#6021);
#5689=LINE('',#10269,#6022);
#5690=LINE('',#10273,#6023);
#5691=LINE('',#10277,#6024);
#5692=LINE('',#10281,#6025);
#5693=LINE('',#10285,#6026);
#5694=LINE('',#10289,#6027);
#5695=LINE('',#10291,#6028);
#5696=LINE('',#10294,#6029);
#5697=LINE('',#10296,#6030);
#5698=LINE('',#10298,#6031);
#5699=LINE('',#10300,#6032);
#5700=LINE('',#10302,#6033);
#5701=LINE('',#10304,#6034);
#5702=LINE('',#10306,#6035);
#5703=LINE('',#10308,#6036);
#5704=LINE('',#10310,#6037);
#5705=LINE('',#10312,#6038);
#5706=LINE('',#10314,#6039);
#5707=LINE('',#10316,#6040);
#5708=LINE('',#10319,#6041);
#5709=LINE('',#10321,#6042);
#5710=LINE('',#10323,#6043);
#5711=LINE('',#10325,#6044);
#5712=LINE('',#10327,#6045);
#5713=LINE('',#10329,#6046);
#5714=LINE('',#10331,#6047);
#5715=LINE('',#10333,#6048);
#5716=LINE('',#10338,#6049);
#5717=LINE('',#10342,#6050);
#5718=LINE('',#10346,#6051);
#5719=LINE('',#10350,#6052);
#5720=LINE('',#10354,#6053);
#5721=LINE('',#10358,#6054);
#5722=LINE('',#10360,#6055);
#5723=LINE('',#10362,#6056);
#5724=LINE('',#10366,#6057);
#5725=LINE('',#10370,#6058);
#5726=LINE('',#10374,#6059);
#5727=LINE('',#10378,#6060);
#5728=LINE('',#10382,#6061);
#5729=LINE('',#10386,#6062);
#5730=LINE('',#10388,#6063);
#5731=LINE('',#10390,#6064);
#5732=LINE('',#10393,#6065);
#5733=LINE('',#10395,#6066);
#5734=LINE('',#10397,#6067);
#5735=LINE('',#10399,#6068);
#5736=LINE('',#10401,#6069);
#5737=LINE('',#10403,#6070);
#5738=LINE('',#10405,#6071);
#5739=LINE('',#10407,#6072);
#5740=LINE('',#10409,#6073);
#5741=LINE('',#10411,#6074);
#5742=LINE('',#10413,#6075);
#5743=LINE('',#10415,#6076);
#5744=LINE('',#10423,#6077);
#5745=LINE('',#10427,#6078);
#5746=LINE('',#10436,#6079);
#5747=LINE('',#10439,#6080);
#5748=LINE('',#10441,#6081);
#5749=LINE('',#10443,#6082);
#5750=LINE('',#10445,#6083);
#5751=LINE('',#10449,#6084);
#5752=LINE('',#10451,#6085);
#5753=LINE('',#10453,#6086);
#5754=LINE('',#10463,#6087);
#5755=LINE('',#10469,#6088);
#5756=LINE('',#10476,#6089);
#5757=LINE('',#10478,#6090);
#5758=LINE('',#10480,#6091);
#5759=LINE('',#10497,#6092);
#5760=LINE('',#10498,#6093);
#5761=LINE('',#10500,#6094);
#5762=LINE('',#10501,#6095);
#5763=LINE('',#10503,#6096);
#5764=LINE('',#10505,#6097);
#5765=LINE('',#10507,#6098);
#5766=LINE('',#10508,#6099);
#5767=LINE('',#10510,#6100);
#5768=LINE('',#10512,#6101);
#5769=LINE('',#10523,#6102);
#5770=LINE('',#10542,#6103);
#5771=LINE('',#10570,#6104);
#5772=LINE('',#10616,#6105);
#5773=LINE('',#10680,#6106);
#5774=LINE('',#10686,#6107);
#5775=LINE('',#10693,#6108);
#5776=LINE('',#10695,#6109);
#5777=LINE('',#10697,#6110);
#5778=LINE('',#10714,#6111);
#5779=LINE('',#10715,#6112);
#5780=LINE('',#10717,#6113);
#5781=LINE('',#10718,#6114);
#5782=LINE('',#10720,#6115);
#5783=LINE('',#10722,#6116);
#5784=LINE('',#10724,#6117);
#5785=LINE('',#10725,#6118);
#5786=LINE('',#10727,#6119);
#5787=LINE('',#10729,#6120);
#5788=LINE('',#10740,#6121);
#5789=LINE('',#10759,#6122);
#5790=LINE('',#10787,#6123);
#5791=LINE('',#10833,#6124);
#5792=LINE('',#10845,#6125);
#5793=LINE('',#10849,#6126);
#5794=LINE('',#10853,#6127);
#5795=LINE('',#10857,#6128);
#5796=LINE('',#10861,#6129);
#5797=LINE('',#10865,#6130);
#5798=LINE('',#10869,#6131);
#5799=LINE('',#10873,#6132);
#5800=LINE('',#10882,#6133);
#5801=LINE('',#10886,#6134);
#5802=LINE('',#10890,#6135);
#5803=LINE('',#10894,#6136);
#5804=LINE('',#10898,#6137);
#5805=LINE('',#10902,#6138);
#5806=LINE('',#10906,#6139);
#5807=LINE('',#10910,#6140);
#5808=LINE('',#10914,#6141);
#5809=LINE('',#10915,#6142);
#5810=LINE('',#11305,#6143);
#5811=LINE('',#11309,#6144);
#5812=LINE('',#11315,#6145);
#5813=LINE('',#11320,#6146);
#5814=LINE('',#11330,#6147);
#5815=LINE('',#11331,#6148);
#5816=LINE('',#11342,#6149);
#5817=LINE('',#11346,#6150);
#5818=LINE('',#11348,#6151);
#5819=LINE('',#11350,#6152);
#5820=LINE('',#11352,#6153);
#5821=LINE('',#11356,#6154);
#5822=LINE('',#11360,#6155);
#5823=LINE('',#11362,#6156);
#5824=LINE('',#11364,#6157);
#5825=LINE('',#11366,#6158);
#5826=LINE('',#11368,#6159);
#5827=LINE('',#11370,#6160);
#5828=LINE('',#11372,#6161);
#5829=LINE('',#11374,#6162);
#5830=LINE('',#11376,#6163);
#5831=LINE('',#11380,#6164);
#5832=LINE('',#11384,#6165);
#5833=LINE('',#11386,#6166);
#5834=LINE('',#11388,#6167);
#5835=LINE('',#11392,#6168);
#5836=LINE('',#11396,#6169);
#5837=LINE('',#11398,#6170);
#5838=LINE('',#11400,#6171);
#5839=LINE('',#11402,#6172);
#5840=LINE('',#11404,#6173);
#5841=LINE('',#11406,#6174);
#5842=LINE('',#11408,#6175);
#5843=LINE('',#11409,#6176);
#5844=LINE('',#11483,#6177);
#5845=LINE('',#11546,#6178);
#5846=LINE('',#11560,#6179);
#5847=LINE('',#11574,#6180);
#5848=LINE('',#11589,#6181);
#5849=LINE('',#11613,#6182);
#5850=LINE('',#11641,#6183);
#5851=LINE('',#11656,#6184);
#5852=LINE('',#11681,#6185);
#5853=LINE('',#11695,#6186);
#5854=LINE('',#11709,#6187);
#5855=LINE('',#11719,#6188);
#5856=LINE('',#11733,#6189);
#5857=LINE('',#11755,#6190);
#5858=LINE('',#11765,#6191);
#5859=LINE('',#11779,#6192);
#5860=LINE('',#11795,#6193);
#5861=LINE('',#11805,#6194);
#5862=LINE('',#11816,#6195);
#5863=LINE('',#11830,#6196);
#5864=LINE('',#11844,#6197);
#5865=LINE('',#11869,#6198);
#5866=LINE('',#11883,#6199);
#5867=LINE('',#11897,#6200);
#5868=LINE('',#11938,#6201);
#5869=LINE('',#11948,#6202);
#5870=LINE('',#11962,#6203);
#5871=LINE('',#11980,#6204);
#5872=LINE('',#11994,#6205);
#5873=LINE('',#12008,#6206);
#5874=LINE('',#12018,#6207);
#5875=LINE('',#12020,#6208);
#5876=LINE('',#12034,#6209);
#5877=LINE('',#12048,#6210);
#5878=LINE('',#12058,#6211);
#5879=LINE('',#12072,#6212);
#5880=LINE('',#12090,#6213);
#5881=LINE('',#12172,#6214);
#5882=LINE('',#12235,#6215);
#5883=LINE('',#12249,#6216);
#5884=LINE('',#12263,#6217);
#5885=LINE('',#12278,#6218);
#5886=LINE('',#12302,#6219);
#5887=LINE('',#12330,#6220);
#5888=LINE('',#12345,#6221);
#5889=LINE('',#12370,#6222);
#5890=LINE('',#12384,#6223);
#5891=LINE('',#12398,#6224);
#5892=LINE('',#12408,#6225);
#5893=LINE('',#12422,#6226);
#5894=LINE('',#12444,#6227);
#5895=LINE('',#12454,#6228);
#5896=LINE('',#12468,#6229);
#5897=LINE('',#12484,#6230);
#5898=LINE('',#12494,#6231);
#5899=LINE('',#12505,#6232);
#5900=LINE('',#12519,#6233);
#5901=LINE('',#12533,#6234);
#5902=LINE('',#12558,#6235);
#5903=LINE('',#12572,#6236);
#5904=LINE('',#12586,#6237);
#5905=LINE('',#12627,#6238);
#5906=LINE('',#12637,#6239);
#5907=LINE('',#12651,#6240);
#5908=LINE('',#12669,#6241);
#5909=LINE('',#12683,#6242);
#5910=LINE('',#12697,#6243);
#5911=LINE('',#12707,#6244);
#5912=LINE('',#12709,#6245);
#5913=LINE('',#12723,#6246);
#5914=LINE('',#12737,#6247);
#5915=LINE('',#12747,#6248);
#5916=LINE('',#12761,#6249);
#5917=LINE('',#12779,#6250);
#5918=LINE('',#12861,#6251);
#5919=LINE('',#12924,#6252);
#5920=LINE('',#12938,#6253);
#5921=LINE('',#12952,#6254);
#5922=LINE('',#12967,#6255);
#5923=LINE('',#12991,#6256);
#5924=LINE('',#13019,#6257);
#5925=LINE('',#13034,#6258);
#5926=LINE('',#13059,#6259);
#5927=LINE('',#13073,#6260);
#5928=LINE('',#13087,#6261);
#5929=LINE('',#13097,#6262);
#5930=LINE('',#13111,#6263);
#5931=LINE('',#13133,#6264);
#5932=LINE('',#13143,#6265);
#5933=LINE('',#13157,#6266);
#5934=LINE('',#13173,#6267);
#5935=LINE('',#13183,#6268);
#5936=LINE('',#13194,#6269);
#5937=LINE('',#13208,#6270);
#5938=LINE('',#13222,#6271);
#5939=LINE('',#13247,#6272);
#5940=LINE('',#13261,#6273);
#5941=LINE('',#13275,#6274);
#5942=LINE('',#13316,#6275);
#5943=LINE('',#13326,#6276);
#5944=LINE('',#13340,#6277);
#5945=LINE('',#13358,#6278);
#5946=LINE('',#13372,#6279);
#5947=LINE('',#13386,#6280);
#5948=LINE('',#13396,#6281);
#5949=LINE('',#13398,#6282);
#5950=LINE('',#13412,#6283);
#5951=LINE('',#13426,#6284);
#5952=LINE('',#13436,#6285);
#5953=LINE('',#13450,#6286);
#5954=LINE('',#13468,#6287);
#5955=LINE('',#13550,#6288);
#5956=LINE('',#13612,#6289);
#5957=LINE('',#13626,#6290);
#5958=LINE('',#13640,#6291);
#5959=LINE('',#13656,#6292);
#5960=LINE('',#13680,#6293);
#5961=LINE('',#13708,#6294);
#5962=LINE('',#13730,#6295);
#5963=LINE('',#13740,#6296);
#5964=LINE('',#13754,#6297);
#5965=LINE('',#13770,#6298);
#5966=LINE('',#13780,#6299);
#5967=LINE('',#13791,#6300);
#5968=LINE('',#13805,#6301);
#5969=LINE('',#13819,#6302);
#5970=LINE('',#13844,#6303);
#5971=LINE('',#13858,#6304);
#5972=LINE('',#13872,#6305);
#5973=LINE('',#13887,#6306);
#5974=LINE('',#13897,#6307);
#5975=LINE('',#13911,#6308);
#5976=LINE('',#13929,#6309);
#5977=LINE('',#13943,#6310);
#5978=LINE('',#13957,#6311);
#5979=LINE('',#13967,#6312);
#5980=LINE('',#13969,#6313);
#5981=LINE('',#13983,#6314);
#5982=LINE('',#13997,#6315);
#5983=LINE('',#14007,#6316);
#5984=LINE('',#14021,#6317);
#5985=LINE('',#14039,#6318);
#5986=LINE('',#14059,#6319);
#5987=LINE('',#14084,#6320);
#5988=LINE('',#14098,#6321);
#5989=LINE('',#14112,#6322);
#5990=LINE('',#14122,#6323);
#5991=LINE('',#14136,#6324);
#5992=LINE('',#14565,#6325);
#5993=LINE('',#14566,#6326);
#5994=LINE('',#14571,#6327);
#5995=LINE('',#14575,#6328);
#5996=LINE('',#14601,#6329);
#5997=LINE('',#14602,#6330);
#5998=LINE('',#14603,#6331);
#5999=LINE('',#14604,#6332);
#6000=LINE('',#14605,#6333);
#6001=LINE('',#14606,#6334);
#6002=LINE('',#14625,#6335);
#6003=LINE('',#14626,#6336);
#6004=VECTOR('',#8747,1.);
#6005=VECTOR('',#8748,1.);
#6006=VECTOR('',#8749,1.);
#6007=VECTOR('',#8750,1.);
#6008=VECTOR('',#8755,1.);
#6009=VECTOR('',#8760,1.);
#6010=VECTOR('',#8761,1.);
#6011=VECTOR('',#8762,1.);
#6012=VECTOR('',#8783,1.);
#6013=VECTOR('',#8784,1.);
#6014=VECTOR('',#8787,1.);
#6015=VECTOR('',#8790,1.);
#6016=VECTOR('',#8793,1.);
#6017=VECTOR('',#8796,1.);
#6018=VECTOR('',#8799,1.);
#6019=VECTOR('',#8802,1.);
#6020=VECTOR('',#8803,1.);
#6021=VECTOR('',#8804,1.);
#6022=VECTOR('',#8807,1.);
#6023=VECTOR('',#8810,1.);
#6024=VECTOR('',#8813,1.);
#6025=VECTOR('',#8816,1.);
#6026=VECTOR('',#8819,1.);
#6027=VECTOR('',#8822,1.);
#6028=VECTOR('',#8825,1.);
#6029=VECTOR('',#8826,1.);
#6030=VECTOR('',#8827,1.);
#6031=VECTOR('',#8828,1.);
#6032=VECTOR('',#8829,1.);
#6033=VECTOR('',#8830,1.);
#6034=VECTOR('',#8831,1.);
#6035=VECTOR('',#8832,1.);
#6036=VECTOR('',#8833,1.);
#6037=VECTOR('',#8834,1.);
#6038=VECTOR('',#8835,1.);
#6039=VECTOR('',#8836,1.);
#6040=VECTOR('',#8839,1.);
#6041=VECTOR('',#8840,1.);
#6042=VECTOR('',#8841,1.);
#6043=VECTOR('',#8842,1.);
#6044=VECTOR('',#8843,1.);
#6045=VECTOR('',#8844,1.);
#6046=VECTOR('',#8845,1.);
#6047=VECTOR('',#8846,1.);
#6048=VECTOR('',#8849,1.);
#6049=VECTOR('',#8852,1.);
#6050=VECTOR('',#8855,1.);
#6051=VECTOR('',#8858,1.);
#6052=VECTOR('',#8861,1.);
#6053=VECTOR('',#8864,1.);
#6054=VECTOR('',#8867,1.);
#6055=VECTOR('',#8868,1.);
#6056=VECTOR('',#8869,1.);
#6057=VECTOR('',#8872,1.);
#6058=VECTOR('',#8875,1.);
#6059=VECTOR('',#8878,1.);
#6060=VECTOR('',#8881,1.);
#6061=VECTOR('',#8884,1.);
#6062=VECTOR('',#8887,1.);
#6063=VECTOR('',#8888,1.);
#6064=VECTOR('',#8891,1.);
#6065=VECTOR('',#8892,1.);
#6066=VECTOR('',#8893,1.);
#6067=VECTOR('',#8894,1.);
#6068=VECTOR('',#8895,1.);
#6069=VECTOR('',#8896,1.);
#6070=VECTOR('',#8897,1.);
#6071=VECTOR('',#8898,1.);
#6072=VECTOR('',#8899,1.);
#6073=VECTOR('',#8900,1.);
#6074=VECTOR('',#8901,1.);
#6075=VECTOR('',#8902,1.);
#6076=VECTOR('',#8905,1.);
#6077=VECTOR('',#8912,1.);
#6078=VECTOR('',#8915,1.);
#6079=VECTOR('',#8924,1.);
#6080=VECTOR('',#8925,1.);
#6081=VECTOR('',#8926,1.);
#6082=VECTOR('',#8927,1.);
#6083=VECTOR('',#8928,1.);
#6084=VECTOR('',#8931,1.);
#6085=VECTOR('',#8932,1.);
#6086=VECTOR('',#8933,1.);
#6087=VECTOR('',#8946,1.);
#6088=VECTOR('',#8951,1.);
#6089=VECTOR('',#8958,1.);
#6090=VECTOR('',#8959,1.);
#6091=VECTOR('',#8960,1.);
#6092=VECTOR('',#8963,1.);
#6093=VECTOR('',#8964,1.);
#6094=VECTOR('',#8967,1.);
#6095=VECTOR('',#8968,1.);
#6096=VECTOR('',#8969,1.);
#6097=VECTOR('',#8970,1.);
#6098=VECTOR('',#8973,1.);
#6099=VECTOR('',#8974,1.);
#6100=VECTOR('',#8975,1.);
#6101=VECTOR('',#8976,1.);
#6102=VECTOR('',#8977,1.);
#6103=VECTOR('',#8978,1.);
#6104=VECTOR('',#8979,1.);
#6105=VECTOR('',#8982,1.);
#6106=VECTOR('',#9073,1.);
#6107=VECTOR('',#9078,1.);
#6108=VECTOR('',#9085,1.);
#6109=VECTOR('',#9086,1.);
#6110=VECTOR('',#9087,1.);
#6111=VECTOR('',#9090,1.);
#6112=VECTOR('',#9091,1.);
#6113=VECTOR('',#9094,1.);
#6114=VECTOR('',#9095,1.);
#6115=VECTOR('',#9096,1.);
#6116=VECTOR('',#9097,1.);
#6117=VECTOR('',#9100,1.);
#6118=VECTOR('',#9101,1.);
#6119=VECTOR('',#9102,1.);
#6120=VECTOR('',#9103,1.);
#6121=VECTOR('',#9104,1.);
#6122=VECTOR('',#9105,1.);
#6123=VECTOR('',#9106,1.);
#6124=VECTOR('',#9109,1.);
#6125=VECTOR('',#9126,1.);
#6126=VECTOR('',#9129,1.);
#6127=VECTOR('',#9132,1.);
#6128=VECTOR('',#9135,1.);
#6129=VECTOR('',#9138,1.);
#6130=VECTOR('',#9141,1.);
#6131=VECTOR('',#9144,1.);
#6132=VECTOR('',#9147,1.);
#6133=VECTOR('',#9156,1.);
#6134=VECTOR('',#9159,1.);
#6135=VECTOR('',#9162,1.);
#6136=VECTOR('',#9165,1.);
#6137=VECTOR('',#9168,1.);
#6138=VECTOR('',#9171,1.);
#6139=VECTOR('',#9174,1.);
#6140=VECTOR('',#9177,1.);
#6141=VECTOR('',#9182,1.);
#6142=VECTOR('',#9183,1.);
#6143=VECTOR('',#9336,1.);
#6144=VECTOR('',#9339,1.);
#6145=VECTOR('',#9346,1.);
#6146=VECTOR('',#9349,1.);
#6147=VECTOR('',#9356,1.);
#6148=VECTOR('',#9357,1.);
#6149=VECTOR('',#9374,1.);
#6150=VECTOR('',#9377,1.);
#6151=VECTOR('',#9380,1.);
#6152=VECTOR('',#9381,1.);
#6153=VECTOR('',#9382,1.);
#6154=VECTOR('',#9387,1.);
#6155=VECTOR('',#9392,1.);
#6156=VECTOR('',#9393,1.);
#6157=VECTOR('',#9394,1.);
#6158=VECTOR('',#9397,1.);
#6159=VECTOR('',#9398,1.);
#6160=VECTOR('',#9399,1.);
#6161=VECTOR('',#9402,1.);
#6162=VECTOR('',#9403,1.);
#6163=VECTOR('',#9404,1.);
#6164=VECTOR('',#9409,1.);
#6165=VECTOR('',#9414,1.);
#6166=VECTOR('',#9415,1.);
#6167=VECTOR('',#9416,1.);
#6168=VECTOR('',#9421,1.);
#6169=VECTOR('',#9426,1.);
#6170=VECTOR('',#9427,1.);
#6171=VECTOR('',#9428,1.);
#6172=VECTOR('',#9431,1.);
#6173=VECTOR('',#9432,1.);
#6174=VECTOR('',#9433,1.);
#6175=VECTOR('',#9436,1.);
#6176=VECTOR('',#9437,1.);
#6177=VECTOR('',#9458,1.);
#6178=VECTOR('',#9467,1.);
#6179=VECTOR('',#9470,1.);
#6180=VECTOR('',#9473,1.);
#6181=VECTOR('',#9478,1.);
#6182=VECTOR('',#9483,1.);
#6183=VECTOR('',#9488,1.);
#6184=VECTOR('',#9493,1.);
#6185=VECTOR('',#9496,1.);
#6186=VECTOR('',#9499,1.);
#6187=VECTOR('',#9502,1.);
#6188=VECTOR('',#9503,1.);
#6189=VECTOR('',#9506,1.);
#6190=VECTOR('',#9513,1.);
#6191=VECTOR('',#9514,1.);
#6192=VECTOR('',#9517,1.);
#6193=VECTOR('',#9522,1.);
#6194=VECTOR('',#9523,1.);
#6195=VECTOR('',#9526,1.);
#6196=VECTOR('',#9529,1.);
#6197=VECTOR('',#9532,1.);
#6198=VECTOR('',#9535,1.);
#6199=VECTOR('',#9538,1.);
#6200=VECTOR('',#9541,1.);
#6201=VECTOR('',#9550,1.);
#6202=VECTOR('',#9551,1.);
#6203=VECTOR('',#9554,1.);
#6204=VECTOR('',#9555,1.);
#6205=VECTOR('',#9558,1.);
#6206=VECTOR('',#9561,1.);
#6207=VECTOR('',#9562,1.);
#6208=VECTOR('',#9565,1.);
#6209=VECTOR('',#9566,1.);
#6210=VECTOR('',#9569,1.);
#6211=VECTOR('',#9570,1.);
#6212=VECTOR('',#9573,1.);
#6213=VECTOR('',#9574,1.);
#6214=VECTOR('',#9589,1.);
#6215=VECTOR('',#9598,1.);
#6216=VECTOR('',#9601,1.);
#6217=VECTOR('',#9604,1.);
#6218=VECTOR('',#9609,1.);
#6219=VECTOR('',#9614,1.);
#6220=VECTOR('',#9619,1.);
#6221=VECTOR('',#9624,1.);
#6222=VECTOR('',#9627,1.);
#6223=VECTOR('',#9630,1.);
#6224=VECTOR('',#9633,1.);
#6225=VECTOR('',#9634,1.);
#6226=VECTOR('',#9637,1.);
#6227=VECTOR('',#9644,1.);
#6228=VECTOR('',#9645,1.);
#6229=VECTOR('',#9648,1.);
#6230=VECTOR('',#9653,1.);
#6231=VECTOR('',#9654,1.);
#6232=VECTOR('',#9657,1.);
#6233=VECTOR('',#9660,1.);
#6234=VECTOR('',#9663,1.);
#6235=VECTOR('',#9666,1.);
#6236=VECTOR('',#9669,1.);
#6237=VECTOR('',#9672,1.);
#6238=VECTOR('',#9681,1.);
#6239=VECTOR('',#9682,1.);
#6240=VECTOR('',#9685,1.);
#6241=VECTOR('',#9686,1.);
#6242=VECTOR('',#9689,1.);
#6243=VECTOR('',#9692,1.);
#6244=VECTOR('',#9693,1.);
#6245=VECTOR('',#9696,1.);
#6246=VECTOR('',#9697,1.);
#6247=VECTOR('',#9700,1.);
#6248=VECTOR('',#9701,1.);
#6249=VECTOR('',#9704,1.);
#6250=VECTOR('',#9705,1.);
#6251=VECTOR('',#9720,1.);
#6252=VECTOR('',#9729,1.);
#6253=VECTOR('',#9732,1.);
#6254=VECTOR('',#9735,1.);
#6255=VECTOR('',#9740,1.);
#6256=VECTOR('',#9745,1.);
#6257=VECTOR('',#9750,1.);
#6258=VECTOR('',#9755,1.);
#6259=VECTOR('',#9758,1.);
#6260=VECTOR('',#9761,1.);
#6261=VECTOR('',#9764,1.);
#6262=VECTOR('',#9765,1.);
#6263=VECTOR('',#9768,1.);
#6264=VECTOR('',#9775,1.);
#6265=VECTOR('',#9776,1.);
#6266=VECTOR('',#9779,1.);
#6267=VECTOR('',#9784,1.);
#6268=VECTOR('',#9785,1.);
#6269=VECTOR('',#9788,1.);
#6270=VECTOR('',#9791,1.);
#6271=VECTOR('',#9794,1.);
#6272=VECTOR('',#9797,1.);
#6273=VECTOR('',#9800,1.);
#6274=VECTOR('',#9803,1.);
#6275=VECTOR('',#9812,1.);
#6276=VECTOR('',#9813,1.);
#6277=VECTOR('',#9816,1.);
#6278=VECTOR('',#9817,1.);
#6279=VECTOR('',#9820,1.);
#6280=VECTOR('',#9823,1.);
#6281=VECTOR('',#9824,1.);
#6282=VECTOR('',#9827,1.);
#6283=VECTOR('',#9828,1.);
#6284=VECTOR('',#9831,1.);
#6285=VECTOR('',#9832,1.);
#6286=VECTOR('',#9835,1.);
#6287=VECTOR('',#9836,1.);
#6288=VECTOR('',#9851,1.);
#6289=VECTOR('',#9858,1.);
#6290=VECTOR('',#9861,1.);
#6291=VECTOR('',#9864,1.);
#6292=VECTOR('',#9871,1.);
#6293=VECTOR('',#9876,1.);
#6294=VECTOR('',#9881,1.);
#6295=VECTOR('',#9888,1.);
#6296=VECTOR('',#9889,1.);
#6297=VECTOR('',#9892,1.);
#6298=VECTOR('',#9897,1.);
#6299=VECTOR('',#9898,1.);
#6300=VECTOR('',#9901,1.);
#6301=VECTOR('',#9904,1.);
#6302=VECTOR('',#9907,1.);
#6303=VECTOR('',#9910,1.);
#6304=VECTOR('',#9913,1.);
#6305=VECTOR('',#9916,1.);
#6306=VECTOR('',#9921,1.);
#6307=VECTOR('',#9922,1.);
#6308=VECTOR('',#9925,1.);
#6309=VECTOR('',#9926,1.);
#6310=VECTOR('',#9929,1.);
#6311=VECTOR('',#9932,1.);
#6312=VECTOR('',#9933,1.);
#6313=VECTOR('',#9936,1.);
#6314=VECTOR('',#9937,1.);
#6315=VECTOR('',#9940,1.);
#6316=VECTOR('',#9941,1.);
#6317=VECTOR('',#9944,1.);
#6318=VECTOR('',#9945,1.);
#6319=VECTOR('',#9950,1.);
#6320=VECTOR('',#9953,1.);
#6321=VECTOR('',#9956,1.);
#6322=VECTOR('',#9959,1.);
#6323=VECTOR('',#9960,1.);
#6324=VECTOR('',#9963,1.);
#6325=VECTOR('',#10060,1.);
#6326=VECTOR('',#10061,1.);
#6327=VECTOR('',#10066,1.);
#6328=VECTOR('',#10069,1.);
#6329=VECTOR('',#10080,1.);
#6330=VECTOR('',#10081,1.);
#6331=VECTOR('',#10082,1.);
#6332=VECTOR('',#10083,1.);
#6333=VECTOR('',#10084,1.);
#6334=VECTOR('',#10085,1.);
#6335=VECTOR('',#10118,1.);
#6336=VECTOR('',#10119,1.);
#6337=EDGE_LOOP('',(#1221,#1222,#1223,#1224));
#6338=EDGE_LOOP('',(#1225,#1226,#1227,#1228));
#6339=EDGE_LOOP('',(#1229,#1230,#1231,#1232));
#6340=EDGE_LOOP('',(#1233,#1234,#1235,#1236));
#6341=EDGE_LOOP('',(#1237));
#6342=EDGE_LOOP('',(#1238));
#6343=EDGE_LOOP('',(#1239,#1240,#1241,#1242));
#6344=EDGE_LOOP('',(#1243));
#6345=EDGE_LOOP('',(#1244,#1245,#1246,#1247));
#6346=EDGE_LOOP('',(#1248));
#6347=EDGE_LOOP('',(#1249,#1250,#1251,#1252,#1253,#1254,#1255,#1256,#1257,
#1258,#1259,#1260,#1261,#1262,#1263,#1264,#1265,#1266,#1267,#1268,#1269,
#1270,#1271,#1272,#1273,#1274,#1275,#1276));
#6348=EDGE_LOOP('',(#1277,#1278,#1279,#1280,#1281,#1282,#1283,#1284,#1285,
#1286,#1287,#1288));
#6349=EDGE_LOOP('',(#1289,#1290,#1291,#1292,#1293,#1294,#1295,#1296));
#6350=EDGE_LOOP('',(#1297,#1298,#1299,#1300,#1301,#1302,#1303,#1304,#1305,
#1306,#1307,#1308,#1309,#1310,#1311,#1312,#1313,#1314,#1315,#1316,#1317,
#1318,#1319,#1320,#1321,#1322,#1323,#1324));
#6351=EDGE_LOOP('',(#1325,#1326,#1327,#1328,#1329,#1330,#1331,#1332,#1333,
#1334,#1335,#1336));
#6352=EDGE_LOOP('',(#1337,#1338,#1339,#1340,#1341,#1342,#1343,#1344,#1345,
#1346,#1347,#1348,#1349,#1350,#1351,#1352,#1353,#1354,#1355,#1356,#1357,
#1358,#1359,#1360,#1361,#1362,#1363,#1364));
#6353=EDGE_LOOP('',(#1365,#1366,#1367,#1368,#1369,#1370,#1371,#1372,#1373,
#1374,#1375,#1376));
#6354=EDGE_LOOP('',(#1377,#1378,#1379,#1380,#1381,#1382,#1383,#1384));
#6355=EDGE_LOOP('',(#1385,#1386,#1387,#1388,#1389,#1390,#1391,#1392,#1393,
#1394,#1395,#1396,#1397,#1398,#1399,#1400,#1401,#1402,#1403,#1404,#1405,
#1406,#1407,#1408,#1409,#1410,#1411,#1412));
#6356=EDGE_LOOP('',(#1413,#1414,#1415,#1416,#1417,#1418,#1419,#1420,#1421,
#1422,#1423,#1424));
#6357=EDGE_LOOP('',(#1425,#1426));
#6358=EDGE_LOOP('',(#1427,#1428));
#6359=EDGE_LOOP('',(#1429,#1430,#1431,#1432,#1433,#1434));
#6360=EDGE_LOOP('',(#1435));
#6361=EDGE_LOOP('',(#1436));
#6362=EDGE_LOOP('',(#1437,#1438,#1439,#1440,#1441,#1442,#1443,#1444,#1445));
#6363=EDGE_LOOP('',(#1446,#1447,#1448,#1449,#1450,#1451));
#6364=EDGE_LOOP('',(#1452));
#6365=EDGE_LOOP('',(#1453,#1454,#1455,#1456,#1457,#1458,#1459,#1460,#1461));
#6366=EDGE_LOOP('',(#1462,#1463,#1464,#1465,#1466,#1467));
#6367=EDGE_LOOP('',(#1468,#1469,#1470,#1471,#1472));
#6368=EDGE_LOOP('',(#1473,#1474,#1475,#1476,#1477));
#6369=EDGE_LOOP('',(#1478));
#6370=EDGE_LOOP('',(#1479,#1480,#1481,#1482,#1483,#1484,#1485));
#6371=EDGE_LOOP('',(#1486,#1487,#1488,#1489,#1490,#1491,#1492));
#6372=EDGE_LOOP('',(#1493,#1494,#1495,#1496));
#6373=EDGE_LOOP('',(#1497,#1498,#1499,#1500));
#6374=EDGE_LOOP('',(#1501,#1502,#1503,#1504));
#6375=EDGE_LOOP('',(#1505,#1506,#1507,#1508));
#6376=EDGE_LOOP('',(#1509,#1510,#1511,#1512));
#6377=EDGE_LOOP('',(#1513,#1514,#1515,#1516));
#6378=EDGE_LOOP('',(#1517,#1518,#1519,#1520));
#6379=EDGE_LOOP('',(#1521,#1522,#1523,#1524));
#6380=EDGE_LOOP('',(#1525));
#6381=EDGE_LOOP('',(#1526));
#6382=EDGE_LOOP('',(#1527));
#6383=EDGE_LOOP('',(#1528));
#6384=EDGE_LOOP('',(#1529));
#6385=EDGE_LOOP('',(#1530));
#6386=EDGE_LOOP('',(#1531));
#6387=EDGE_LOOP('',(#1532));
#6388=EDGE_LOOP('',(#1533));
#6389=EDGE_LOOP('',(#1534));
#6390=EDGE_LOOP('',(#1535));
#6391=EDGE_LOOP('',(#1536));
#6392=EDGE_LOOP('',(#1537));
#6393=EDGE_LOOP('',(#1538));
#6394=EDGE_LOOP('',(#1539));
#6395=EDGE_LOOP('',(#1540));
#6396=EDGE_LOOP('',(#1541));
#6397=EDGE_LOOP('',(#1542));
#6398=EDGE_LOOP('',(#1543));
#6399=EDGE_LOOP('',(#1544));
#6400=EDGE_LOOP('',(#1545));
#6401=EDGE_LOOP('',(#1546));
#6402=EDGE_LOOP('',(#1547));
#6403=EDGE_LOOP('',(#1548));
#6404=EDGE_LOOP('',(#1549));
#6405=EDGE_LOOP('',(#1550));
#6406=EDGE_LOOP('',(#1551));
#6407=EDGE_LOOP('',(#1552));
#6408=EDGE_LOOP('',(#1553));
#6409=EDGE_LOOP('',(#1554));
#6410=EDGE_LOOP('',(#1555,#1556,#1557,#1558,#1559,#1560));
#6411=EDGE_LOOP('',(#1561,#1562,#1563,#1564,#1565));
#6412=EDGE_LOOP('',(#1566,#1567,#1568,#1569,#1570));
#6413=EDGE_LOOP('',(#1571,#1572,#1573,#1574,#1575,#1576,#1577));
#6414=EDGE_LOOP('',(#1578,#1579,#1580,#1581,#1582,#1583,#1584));
#6415=EDGE_LOOP('',(#1585,#1586,#1587,#1588));
#6416=EDGE_LOOP('',(#1589,#1590,#1591,#1592));
#6417=EDGE_LOOP('',(#1593,#1594,#1595,#1596));
#6418=EDGE_LOOP('',(#1597,#1598,#1599,#1600));
#6419=EDGE_LOOP('',(#1601,#1602,#1603,#1604));
#6420=EDGE_LOOP('',(#1605,#1606,#1607,#1608));
#6421=EDGE_LOOP('',(#1609,#1610,#1611,#1612));
#6422=EDGE_LOOP('',(#1613,#1614,#1615,#1616));
#6423=EDGE_LOOP('',(#1617));
#6424=EDGE_LOOP('',(#1618,#1619,#1620,#1621,#1622,#1623,#1624,#1625,#1626,
#1627,#1628,#1629,#1630,#1631,#1632,#1633));
#6425=EDGE_LOOP('',(#1634));
#6426=EDGE_LOOP('',(#1635,#1636,#1637,#1638,#1639,#1640,#1641,#1642,#1643,
#1644,#1645,#1646,#1647,#1648,#1649,#1650,#1651,#1652));
#6427=EDGE_LOOP('',(#1653,#1654,#1655,#1656,#1657,#1658,#1659,#1660,#1661,
#1662,#1663,#1664,#1665,#1666,#1667,#1668,#1669,#1670,#1671,#1672,#1673,
#1674,#1675,#1676,#1677,#1678,#1679,#1680,#1681,#1682,#1683,#1684,#1685,
#1686));
#6428=EDGE_LOOP('',(#1687));
#6429=EDGE_LOOP('',(#1688));
#6430=EDGE_LOOP('',(#1689));
#6431=EDGE_LOOP('',(#1690));
#6432=EDGE_LOOP('',(#1691,#1692,#1693,#1694));
#6433=EDGE_LOOP('',(#1695));
#6434=EDGE_LOOP('',(#1696));
#6435=EDGE_LOOP('',(#1697));
#6436=EDGE_LOOP('',(#1698));
#6437=EDGE_LOOP('',(#1699,#1700,#1701,#1702,#1703,#1704,#1705,#1706));
#6438=EDGE_LOOP('',(#1707,#1708,#1709,#1710,#1711,#1712,#1713,#1714));
#6439=EDGE_LOOP('',(#1715));
#6440=EDGE_LOOP('',(#1716));
#6441=EDGE_LOOP('',(#1717,#1718,#1719,#1720,#1721,#1722,#1723,#1724));
#6442=EDGE_LOOP('',(#1725,#1726,#1727,#1728,#1729,#1730,#1731,#1732));
#6443=EDGE_LOOP('',(#1733,#1734,#1735,#1736,#1737,#1738,#1739,#1740));
#6444=EDGE_LOOP('',(#1741,#1742,#1743,#1744,#1745,#1746,#1747,#1748));
#6445=EDGE_LOOP('',(#1749,#1750,#1751,#1752,#1753,#1754,#1755,#1756));
#6446=EDGE_LOOP('',(#1757,#1758,#1759,#1760,#1761,#1762,#1763,#1764));
#6447=EDGE_LOOP('',(#1765,#1766,#1767,#1768,#1769,#1770,#1771,#1772));
#6448=EDGE_LOOP('',(#1773,#1774,#1775,#1776,#1777,#1778,#1779,#1780));
#6449=EDGE_LOOP('',(#1781,#1782,#1783,#1784,#1785,#1786,#1787,#1788));
#6450=EDGE_LOOP('',(#1789,#1790,#1791,#1792,#1793,#1794,#1795,#1796));
#6451=EDGE_LOOP('',(#1797,#1798,#1799,#1800,#1801,#1802,#1803,#1804));
#6452=EDGE_LOOP('',(#1805,#1806,#1807,#1808,#1809,#1810,#1811,#1812));
#6453=EDGE_LOOP('',(#1813,#1814,#1815,#1816,#1817,#1818,#1819,#1820));
#6454=EDGE_LOOP('',(#1821));
#6455=EDGE_LOOP('',(#1822));
#6456=EDGE_LOOP('',(#1823));
#6457=EDGE_LOOP('',(#1824));
#6458=EDGE_LOOP('',(#1825));
#6459=EDGE_LOOP('',(#1826));
#6460=EDGE_LOOP('',(#1827,#1828,#1829,#1830,#1831,#1832,#1833,#1834));
#6461=EDGE_LOOP('',(#1835));
#6462=EDGE_LOOP('',(#1836));
#6463=EDGE_LOOP('',(#1837));
#6464=EDGE_LOOP('',(#1838));
#6465=EDGE_LOOP('',(#1839));
#6466=EDGE_LOOP('',(#1840));
#6467=EDGE_LOOP('',(#1841));
#6468=EDGE_LOOP('',(#1842));
#6469=EDGE_LOOP('',(#1843));
#6470=EDGE_LOOP('',(#1844));
#6471=EDGE_LOOP('',(#1845));
#6472=EDGE_LOOP('',(#1846));
#6473=EDGE_LOOP('',(#1847));
#6474=EDGE_LOOP('',(#1848));
#6475=EDGE_LOOP('',(#1849));
#6476=EDGE_LOOP('',(#1850));
#6477=EDGE_LOOP('',(#1851));
#6478=EDGE_LOOP('',(#1852));
#6479=EDGE_LOOP('',(#1853));
#6480=EDGE_LOOP('',(#1854));
#6481=EDGE_LOOP('',(#1855));
#6482=EDGE_LOOP('',(#1856));
#6483=EDGE_LOOP('',(#1857));
#6484=EDGE_LOOP('',(#1858));
#6485=EDGE_LOOP('',(#1859));
#6486=EDGE_LOOP('',(#1860));
#6487=EDGE_LOOP('',(#1861));
#6488=EDGE_LOOP('',(#1862));
#6489=EDGE_LOOP('',(#1863,#1864,#1865,#1866,#1867));
#6490=EDGE_LOOP('',(#1868));
#6491=EDGE_LOOP('',(#1869));
#6492=EDGE_LOOP('',(#1870,#1871,#1872,#1873));
#6493=EDGE_LOOP('',(#1874));
#6494=EDGE_LOOP('',(#1875));
#6495=EDGE_LOOP('',(#1876));
#6496=EDGE_LOOP('',(#1877));
#6497=EDGE_LOOP('',(#1878,#1879,#1880,#1881));
#6498=EDGE_LOOP('',(#1882,#1883,#1884,#1885,#1886));
#6499=EDGE_LOOP('',(#1887,#1888,#1889,#1890));
#6500=EDGE_LOOP('',(#1891,#1892,#1893,#1894));
#6501=EDGE_LOOP('',(#1895,#1896,#1897,#1898));
#6502=EDGE_LOOP('',(#1899,#1900,#1901,#1902));
#6503=EDGE_LOOP('',(#1903,#1904,#1905,#1906));
#6504=EDGE_LOOP('',(#1907,#1908,#1909,#1910));
#6505=EDGE_LOOP('',(#1911,#1912,#1913,#1914));
#6506=EDGE_LOOP('',(#1915,#1916,#1917,#1918));
#6507=EDGE_LOOP('',(#1919,#1920,#1921,#1922));
#6508=EDGE_LOOP('',(#1923,#1924,#1925,#1926));
#6509=EDGE_LOOP('',(#1927,#1928,#1929,#1930));
#6510=EDGE_LOOP('',(#1931,#1932,#1933,#1934));
#6511=EDGE_LOOP('',(#1935,#1936,#1937,#1938));
#6512=EDGE_LOOP('',(#1939,#1940,#1941,#1942));
#6513=EDGE_LOOP('',(#1943,#1944,#1945,#1946,#1947,#1948,#1949,#1950,#1951,
#1952,#1953,#1954));
#6514=EDGE_LOOP('',(#1955,#1956,#1957,#1958,#1959,#1960,#1961,#1962,#1963,
#1964,#1965,#1966));
#6515=EDGE_LOOP('',(#1967,#1968,#1969,#1970,#1971,#1972,#1973,#1974,#1975));
#6516=EDGE_LOOP('',(#1976,#1977,#1978,#1979,#1980,#1981,#1982,#1983,#1984,
#1985,#1986,#1987));
#6517=EDGE_LOOP('',(#1988));
#6518=EDGE_LOOP('',(#1989));
#6519=EDGE_LOOP('',(#1990));
#6520=EDGE_LOOP('',(#1991,#1992,#1993,#1994,#1995,#1996,#1997,#1998,#1999,
#2000,#2001,#2002,#2003));
#6521=EDGE_LOOP('',(#2004,#2005,#2006,#2007,#2008,#2009,#2010,#2011,#2012,
#2013,#2014,#2015,#2016,#2017,#2018,#2019,#2020));
#6522=EDGE_LOOP('',(#2021,#2022,#2023,#2024,#2025,#2026,#2027,#2028,#2029,
#2030,#2031,#2032,#2033,#2034,#2035,#2036,#2037,#2038,#2039,#2040,#2041,
#2042,#2043,#2044));
#6523=EDGE_LOOP('',(#2045,#2046,#2047,#2048,#2049,#2050,#2051,#2052,#2053,
#2054,#2055,#2056,#2057,#2058,#2059,#2060,#2061));
#6524=EDGE_LOOP('',(#2062,#2063,#2064,#2065,#2066,#2067,#2068,#2069,#2070,
#2071,#2072,#2073,#2074,#2075,#2076,#2077,#2078,#2079,#2080,#2081,#2082,
#2083,#2084,#2085));
#6525=EDGE_LOOP('',(#2086));
#6526=EDGE_LOOP('',(#2087));
#6527=EDGE_LOOP('',(#2088));
#6528=EDGE_LOOP('',(#2089,#2090,#2091,#2092,#2093,#2094,#2095,#2096,#2097,
#2098,#2099,#2100,#2101,#2102,#2103,#2104,#2105,#2106,#2107,#2108,#2109,
#2110,#2111));
#6529=EDGE_LOOP('',(#2112,#2113,#2114,#2115,#2116,#2117,#2118,#2119,#2120,
#2121,#2122,#2123,#2124,#2125,#2126,#2127,#2128,#2129,#2130,#2131));
#6530=EDGE_LOOP('',(#2132,#2133,#2134,#2135,#2136,#2137,#2138,#2139,#2140));
#6531=EDGE_LOOP('',(#2141,#2142,#2143,#2144,#2145,#2146,#2147,#2148,#2149,
#2150,#2151,#2152));
#6532=EDGE_LOOP('',(#2153));
#6533=EDGE_LOOP('',(#2154));
#6534=EDGE_LOOP('',(#2155));
#6535=EDGE_LOOP('',(#2156,#2157,#2158,#2159,#2160,#2161,#2162,#2163,#2164,
#2165,#2166,#2167,#2168));
#6536=EDGE_LOOP('',(#2169,#2170,#2171,#2172,#2173,#2174,#2175,#2176,#2177,
#2178,#2179,#2180,#2181,#2182,#2183,#2184,#2185));
#6537=EDGE_LOOP('',(#2186,#2187,#2188,#2189,#2190,#2191,#2192,#2193,#2194,
#2195,#2196,#2197,#2198,#2199,#2200,#2201,#2202,#2203,#2204,#2205,#2206,
#2207,#2208,#2209));
#6538=EDGE_LOOP('',(#2210,#2211,#2212,#2213,#2214,#2215,#2216,#2217,#2218,
#2219,#2220,#2221,#2222,#2223,#2224,#2225,#2226));
#6539=EDGE_LOOP('',(#2227,#2228,#2229,#2230,#2231,#2232,#2233,#2234,#2235,
#2236,#2237,#2238,#2239,#2240,#2241,#2242,#2243,#2244,#2245,#2246,#2247,
#2248,#2249,#2250));
#6540=EDGE_LOOP('',(#2251));
#6541=EDGE_LOOP('',(#2252));
#6542=EDGE_LOOP('',(#2253));
#6543=EDGE_LOOP('',(#2254,#2255,#2256,#2257,#2258,#2259,#2260,#2261,#2262,
#2263,#2264,#2265,#2266,#2267,#2268,#2269,#2270,#2271,#2272,#2273,#2274,
#2275,#2276));
#6544=EDGE_LOOP('',(#2277,#2278,#2279,#2280,#2281,#2282,#2283,#2284,#2285,
#2286,#2287,#2288,#2289,#2290,#2291,#2292,#2293,#2294,#2295,#2296));
#6545=EDGE_LOOP('',(#2297,#2298,#2299,#2300,#2301,#2302,#2303,#2304,#2305));
#6546=EDGE_LOOP('',(#2306,#2307,#2308,#2309,#2310,#2311,#2312,#2313,#2314,
#2315,#2316,#2317));
#6547=EDGE_LOOP('',(#2318));
#6548=EDGE_LOOP('',(#2319));
#6549=EDGE_LOOP('',(#2320));
#6550=EDGE_LOOP('',(#2321,#2322,#2323,#2324,#2325,#2326,#2327,#2328,#2329,
#2330,#2331,#2332,#2333));
#6551=EDGE_LOOP('',(#2334,#2335,#2336,#2337,#2338,#2339,#2340,#2341,#2342,
#2343,#2344,#2345,#2346,#2347,#2348,#2349,#2350));
#6552=EDGE_LOOP('',(#2351,#2352,#2353,#2354,#2355,#2356,#2357,#2358,#2359,
#2360,#2361,#2362,#2363,#2364,#2365,#2366,#2367,#2368,#2369,#2370,#2371,
#2372,#2373,#2374));
#6553=EDGE_LOOP('',(#2375,#2376,#2377,#2378,#2379,#2380,#2381,#2382,#2383,
#2384,#2385,#2386,#2387,#2388,#2389,#2390,#2391));
#6554=EDGE_LOOP('',(#2392,#2393,#2394,#2395,#2396,#2397,#2398,#2399,#2400,
#2401,#2402,#2403,#2404,#2405,#2406,#2407,#2408,#2409,#2410,#2411,#2412,
#2413,#2414,#2415));
#6555=EDGE_LOOP('',(#2416));
#6556=EDGE_LOOP('',(#2417));
#6557=EDGE_LOOP('',(#2418));
#6558=EDGE_LOOP('',(#2419,#2420,#2421,#2422,#2423,#2424,#2425,#2426,#2427,
#2428,#2429,#2430,#2431,#2432,#2433,#2434,#2435,#2436,#2437,#2438,#2439,
#2440,#2441));
#6559=EDGE_LOOP('',(#2442,#2443,#2444,#2445,#2446,#2447,#2448,#2449,#2450,
#2451,#2452,#2453,#2454,#2455,#2456,#2457,#2458,#2459,#2460,#2461));
#6560=EDGE_LOOP('',(#2462,#2463,#2464,#2465,#2466,#2467,#2468,#2469,#2470));
#6561=EDGE_LOOP('',(#2471,#2472,#2473,#2474,#2475,#2476,#2477,#2478,#2479,
#2480,#2481,#2482));
#6562=EDGE_LOOP('',(#2483));
#6563=EDGE_LOOP('',(#2484));
#6564=EDGE_LOOP('',(#2485,#2486,#2487,#2488,#2489,#2490,#2491,#2492,#2493,
#2494,#2495,#2496,#2497));
#6565=EDGE_LOOP('',(#2498));
#6566=EDGE_LOOP('',(#2499,#2500,#2501,#2502,#2503,#2504,#2505,#2506,#2507,
#2508,#2509,#2510,#2511,#2512,#2513,#2514,#2515));
#6567=EDGE_LOOP('',(#2516,#2517,#2518,#2519,#2520,#2521,#2522,#2523,#2524,
#2525,#2526,#2527,#2528,#2529,#2530,#2531,#2532));
#6568=EDGE_LOOP('',(#2533,#2534,#2535,#2536,#2537,#2538,#2539,#2540,#2541,
#2542,#2543,#2544,#2545,#2546,#2547,#2548,#2549,#2550,#2551,#2552,#2553,
#2554,#2555,#2556));
#6569=EDGE_LOOP('',(#2557,#2558,#2559,#2560,#2561,#2562,#2563,#2564,#2565,
#2566,#2567,#2568,#2569,#2570,#2571,#2572,#2573,#2574,#2575,#2576,#2577,
#2578,#2579));
#6570=EDGE_LOOP('',(#2580,#2581,#2582,#2583,#2584,#2585,#2586,#2587,#2588,
#2589,#2590,#2591,#2592,#2593,#2594,#2595,#2596,#2597,#2598,#2599));
#6571=EDGE_LOOP('',(#2600,#2601,#2602,#2603,#2604,#2605,#2606,#2607,#2608,
#2609,#2610,#2611,#2612,#2613,#2614,#2615,#2616,#2617,#2618,#2619,#2620,
#2621,#2622,#2623));
#6572=EDGE_LOOP('',(#2624));
#6573=EDGE_LOOP('',(#2625));
#6574=EDGE_LOOP('',(#2626));
#6575=EDGE_LOOP('',(#2627));
#6576=EDGE_LOOP('',(#2628));
#6577=EDGE_LOOP('',(#2629,#2630,#2631,#2632,#2633,#2634,#2635,#2636,#2637));
#6578=EDGE_LOOP('',(#2638,#2639,#2640,#2641,#2642,#2643,#2644,#2645,#2646,
#2647,#2648,#2649));
#6579=EDGE_LOOP('',(#2650,#2651,#2652,#2653,#2654,#2655,#2656,#2657,#2658,
#2659,#2660,#2661,#2662,#2663));
#6580=EDGE_LOOP('',(#2664,#2665,#2666,#2667,#2668,#2669,#2670,#2671,#2672,
#2673,#2674,#2675,#2676,#2677,#2678,#2679,#2680));
#6581=EDGE_LOOP('',(#2681,#2682,#2683,#2684,#2685,#2686,#2687,#2688,#2689,
#2690,#2691,#2692,#2693,#2694,#2695,#2696,#2697,#2698,#2699,#2700,#2701,
#2702,#2703,#2704));
#6582=EDGE_LOOP('',(#2705,#2706,#2707,#2708,#2709,#2710,#2711,#2712,#2713,
#2714,#2715,#2716,#2717,#2718,#2719,#2720,#2721));
#6583=EDGE_LOOP('',(#2722,#2723,#2724,#2725,#2726,#2727,#2728,#2729,#2730,
#2731,#2732,#2733,#2734,#2735,#2736,#2737,#2738,#2739,#2740,#2741,#2742,
#2743,#2744,#2745));
#6584=EDGE_LOOP('',(#2746));
#6585=EDGE_LOOP('',(#2747,#2748,#2749,#2750,#2751,#2752,#2753,#2754,#2755,
#2756,#2757,#2758,#2759,#2760,#2761,#2762,#2763,#2764,#2765,#2766,#2767,
#2768,#2769));
#6586=EDGE_LOOP('',(#2770,#2771,#2772,#2773,#2774,#2775,#2776,#2777,#2778,
#2779,#2780,#2781,#2782,#2783,#2784,#2785,#2786,#2787,#2788,#2789));
#6587=EDGE_LOOP('',(#2790,#2791,#2792,#2793,#2794,#2795,#2796,#2797,#2798));
#6588=EDGE_LOOP('',(#2799,#2800,#2801,#2802,#2803,#2804,#2805,#2806,#2807,
#2808,#2809,#2810));
#6589=EDGE_LOOP('',(#2811,#2812,#2813,#2814,#2815,#2816,#2817,#2818,#2819,
#2820,#2821,#2822,#2823,#2824));
#6590=EDGE_LOOP('',(#2825,#2826,#2827,#2828,#2829,#2830,#2831,#2832,#2833,
#2834,#2835,#2836,#2837,#2838,#2839,#2840,#2841));
#6591=EDGE_LOOP('',(#2842,#2843,#2844,#2845,#2846,#2847,#2848,#2849,#2850,
#2851,#2852,#2853,#2854,#2855,#2856,#2857,#2858,#2859,#2860,#2861,#2862,
#2863,#2864,#2865));
#6592=EDGE_LOOP('',(#2866,#2867,#2868,#2869,#2870,#2871,#2872,#2873,#2874,
#2875,#2876,#2877,#2878,#2879,#2880,#2881,#2882));
#6593=EDGE_LOOP('',(#2883,#2884,#2885,#2886,#2887,#2888,#2889,#2890,#2891,
#2892,#2893,#2894,#2895,#2896,#2897,#2898,#2899,#2900,#2901,#2902,#2903,
#2904,#2905,#2906));
#6594=EDGE_LOOP('',(#2907));
#6595=EDGE_LOOP('',(#2908,#2909,#2910,#2911,#2912,#2913,#2914,#2915,#2916,
#2917,#2918,#2919,#2920,#2921,#2922,#2923,#2924,#2925,#2926,#2927,#2928,
#2929,#2930));
#6596=EDGE_LOOP('',(#2931,#2932,#2933,#2934,#2935,#2936,#2937,#2938,#2939,
#2940,#2941,#2942,#2943,#2944,#2945,#2946,#2947,#2948,#2949,#2950));
#6597=EDGE_LOOP('',(#2951,#2952,#2953,#2954,#2955,#2956,#2957,#2958,#2959));
#6598=EDGE_LOOP('',(#2960,#2961,#2962,#2963,#2964,#2965,#2966,#2967,#2968,
#2969,#2970,#2971));
#6599=EDGE_LOOP('',(#2972,#2973,#2974,#2975,#2976,#2977,#2978,#2979,#2980,
#2981,#2982,#2983,#2984,#2985));
#6600=EDGE_LOOP('',(#2986,#2987,#2988,#2989,#2990,#2991,#2992,#2993,#2994,
#2995,#2996,#2997,#2998,#2999,#3000,#3001,#3002));
#6601=EDGE_LOOP('',(#3003,#3004,#3005,#3006,#3007,#3008,#3009,#3010,#3011,
#3012,#3013,#3014,#3015,#3016,#3017,#3018,#3019,#3020,#3021,#3022,#3023,
#3024,#3025,#3026));
#6602=EDGE_LOOP('',(#3027,#3028,#3029,#3030,#3031,#3032,#3033,#3034,#3035,
#3036,#3037,#3038,#3039,#3040,#3041,#3042,#3043));
#6603=EDGE_LOOP('',(#3044,#3045,#3046,#3047,#3048,#3049,#3050,#3051,#3052,
#3053,#3054,#3055,#3056,#3057,#3058,#3059,#3060,#3061,#3062,#3063,#3064,
#3065,#3066,#3067));
#6604=EDGE_LOOP('',(#3068));
#6605=EDGE_LOOP('',(#3069,#3070,#3071,#3072,#3073,#3074,#3075,#3076,#3077,
#3078,#3079,#3080,#3081,#3082,#3083,#3084,#3085,#3086,#3087,#3088,#3089,
#3090,#3091));
#6606=EDGE_LOOP('',(#3092,#3093,#3094,#3095,#3096,#3097,#3098,#3099,#3100,
#3101,#3102,#3103,#3104,#3105,#3106,#3107,#3108,#3109,#3110,#3111));
#6607=EDGE_LOOP('',(#3112,#3113,#3114,#3115,#3116,#3117,#3118,#3119,#3120));
#6608=EDGE_LOOP('',(#3121,#3122,#3123,#3124,#3125,#3126,#3127,#3128,#3129,
#3130,#3131,#3132));
#6609=EDGE_LOOP('',(#3133,#3134,#3135,#3136,#3137,#3138,#3139,#3140,#3141,
#3142,#3143,#3144,#3145,#3146));
#6610=EDGE_LOOP('',(#3147,#3148,#3149,#3150,#3151,#3152,#3153,#3154,#3155,
#3156,#3157,#3158,#3159,#3160,#3161,#3162,#3163));
#6611=EDGE_LOOP('',(#3164,#3165,#3166,#3167,#3168,#3169,#3170,#3171,#3172,
#3173,#3174,#3175,#3176,#3177,#3178,#3179,#3180));
#6612=EDGE_LOOP('',(#3181,#3182,#3183,#3184,#3185,#3186,#3187,#3188,#3189,
#3190,#3191,#3192,#3193,#3194,#3195,#3196,#3197,#3198,#3199,#3200,#3201,
#3202,#3203,#3204));
#6613=EDGE_LOOP('',(#3205,#3206,#3207,#3208,#3209,#3210,#3211,#3212,#3213,
#3214,#3215,#3216,#3217,#3218,#3219,#3220,#3221,#3222,#3223,#3224,#3225,
#3226,#3227));
#6614=EDGE_LOOP('',(#3228,#3229,#3230,#3231,#3232,#3233,#3234,#3235,#3236,
#3237,#3238,#3239,#3240,#3241,#3242,#3243,#3244,#3245,#3246,#3247));
#6615=EDGE_LOOP('',(#3248,#3249,#3250,#3251,#3252,#3253,#3254,#3255,#3256,
#3257,#3258,#3259,#3260,#3261,#3262,#3263,#3264,#3265,#3266,#3267,#3268,
#3269,#3270,#3271));
#6616=EDGE_LOOP('',(#3272));
#6617=EDGE_LOOP('',(#3273));
#6618=EDGE_LOOP('',(#3274));
#6619=EDGE_LOOP('',(#3275));
#6620=EDGE_LOOP('',(#3276));
#6621=EDGE_LOOP('',(#3277));
#6622=EDGE_LOOP('',(#3278));
#6623=EDGE_LOOP('',(#3279,#3280,#3281,#3282,#3283,#3284));
#6624=EDGE_LOOP('',(#3285,#3286,#3287,#3288,#3289,#3290));
#6625=EDGE_LOOP('',(#3291,#3292,#3293,#3294));
#6626=EDGE_LOOP('',(#3295,#3296,#3297,#3298));
#6627=EDGE_LOOP('',(#3299,#3300,#3301,#3302));
#6628=EDGE_LOOP('',(#3303,#3304,#3305,#3306,#3307,#3308));
#6629=EDGE_LOOP('',(#3309,#3310,#3311,#3312));
#6630=EDGE_LOOP('',(#3313,#3314,#3315,#3316,#3317,#3318));
#6631=EDGE_LOOP('',(#3319,#3320,#3321,#3322));
#6632=EDGE_LOOP('',(#3323,#3324,#3325,#3326));
#6633=EDGE_LOOP('',(#3327,#3328,#3329,#3330));
#6634=EDGE_LOOP('',(#3331,#3332,#3333,#3334,#3335,#3336));
#6635=EDGE_LOOP('',(#3337,#3338,#3339,#3340,#3341,#3342));
#6636=EDGE_LOOP('',(#3343,#3344,#3345,#3346));
#6637=EDGE_LOOP('',(#3347,#3348,#3349,#3350));
#6638=EDGE_LOOP('',(#3351,#3352,#3353,#3354));
#6639=EDGE_LOOP('',(#3355,#3356,#3357,#3358));
#6640=EDGE_LOOP('',(#3359,#3360,#3361,#3362,#3363,#3364,#3365,#3366));
#6641=EDGE_LOOP('',(#3367,#3368,#3369,#3370,#3371,#3372,#3373,#3374));
#6642=EDGE_LOOP('',(#3375));
#6643=EDGE_LOOP('',(#3376,#3377,#3378,#3379));
#6644=EDGE_LOOP('',(#3380));
#6645=EDGE_LOOP('',(#3381));
#6646=EDGE_LOOP('',(#3382,#3383,#3384,#3385,#3386,#3387));
#6647=EDGE_LOOP('',(#3388));
#6648=EDGE_LOOP('',(#3389,#3390,#3391,#3392,#3393,#3394));
#6649=EDGE_LOOP('',(#3395,#3396,#3397,#3398));
#6650=EDGE_LOOP('',(#3399,#3400,#3401,#3402,#3403,#3404,#3405,#3406));
#6651=EDGE_LOOP('',(#3407,#3408,#3409,#3410));
#6652=EDGE_LOOP('',(#3411,#3412,#3413,#3414,#3415,#3416,#3417,#3418));
#6653=EDGE_LOOP('',(#3419,#3420,#3421,#3422));
#6654=EDGE_LOOP('',(#3423,#3424,#3425,#3426));
#6655=EDGE_LOOP('',(#3427,#3428,#3429,#3430));
#6656=EDGE_LOOP('',(#3431,#3432,#3433,#3434));
#6657=EDGE_LOOP('',(#3435,#3436,#3437));
#6658=EDGE_LOOP('',(#3438,#3439,#3440));
#6659=EDGE_LOOP('',(#3441,#3442,#3443));
#6660=EDGE_LOOP('',(#3444,#3445,#3446));
#6661=EDGE_LOOP('',(#3447,#3448,#3449,#3450,#3451,#3452));
#6662=EDGE_LOOP('',(#3453,#3454,#3455,#3456,#3457,#3458));
#6663=EDGE_LOOP('',(#3459,#3460,#3461,#3462,#3463,#3464));
#6664=EDGE_LOOP('',(#3465,#3466,#3467,#3468,#3469,#3470));
#6665=EDGE_LOOP('',(#3471));
#6666=EDGE_LOOP('',(#3472));
#6667=EDGE_LOOP('',(#3473));
#6668=EDGE_LOOP('',(#3474));
#6669=EDGE_LOOP('',(#3475));
#6670=EDGE_LOOP('',(#3476));
#6671=EDGE_LOOP('',(#3477));
#6672=EDGE_LOOP('',(#3478));
#6673=EDGE_LOOP('',(#3479));
#6674=EDGE_LOOP('',(#3480));
#6675=EDGE_LOOP('',(#3481));
#6676=EDGE_LOOP('',(#3482));
#6677=EDGE_LOOP('',(#3483));
#6678=EDGE_LOOP('',(#3484));
#6679=EDGE_LOOP('',(#3485));
#6680=EDGE_LOOP('',(#3486));
#6681=FACE_BOUND('',#6337,.T.);
#6682=FACE_BOUND('',#6338,.T.);
#6683=FACE_BOUND('',#6339,.T.);
#6684=FACE_BOUND('',#6340,.T.);
#6685=FACE_BOUND('',#6341,.T.);
#6686=FACE_BOUND('',#6342,.T.);
#6687=FACE_BOUND('',#6343,.T.);
#6688=FACE_BOUND('',#6344,.T.);
#6689=FACE_BOUND('',#6345,.T.);
#6690=FACE_BOUND('',#6346,.T.);
#6691=FACE_BOUND('',#6347,.T.);
#6692=FACE_BOUND('',#6348,.T.);
#6693=FACE_BOUND('',#6349,.T.);
#6694=FACE_BOUND('',#6350,.T.);
#6695=FACE_BOUND('',#6351,.T.);
#6696=FACE_BOUND('',#6352,.T.);
#6697=FACE_BOUND('',#6353,.T.);
#6698=FACE_BOUND('',#6354,.T.);
#6699=FACE_BOUND('',#6355,.T.);
#6700=FACE_BOUND('',#6356,.T.);
#6701=FACE_BOUND('',#6357,.T.);
#6702=FACE_BOUND('',#6358,.T.);
#6703=FACE_BOUND('',#6359,.T.);
#6704=FACE_BOUND('',#6360,.T.);
#6705=FACE_BOUND('',#6361,.T.);
#6706=FACE_BOUND('',#6362,.T.);
#6707=FACE_BOUND('',#6363,.T.);
#6708=FACE_BOUND('',#6364,.T.);
#6709=FACE_BOUND('',#6365,.T.);
#6710=FACE_BOUND('',#6366,.T.);
#6711=FACE_BOUND('',#6367,.T.);
#6712=FACE_BOUND('',#6368,.T.);
#6713=FACE_BOUND('',#6369,.T.);
#6714=FACE_BOUND('',#6370,.T.);
#6715=FACE_BOUND('',#6371,.T.);
#6716=FACE_BOUND('',#6372,.T.);
#6717=FACE_BOUND('',#6373,.T.);
#6718=FACE_BOUND('',#6374,.T.);
#6719=FACE_BOUND('',#6375,.T.);
#6720=FACE_BOUND('',#6376,.T.);
#6721=FACE_BOUND('',#6377,.T.);
#6722=FACE_BOUND('',#6378,.T.);
#6723=FACE_BOUND('',#6379,.T.);
#6724=FACE_BOUND('',#6380,.T.);
#6725=FACE_BOUND('',#6381,.T.);
#6726=FACE_BOUND('',#6382,.T.);
#6727=FACE_BOUND('',#6383,.T.);
#6728=FACE_BOUND('',#6384,.T.);
#6729=FACE_BOUND('',#6385,.T.);
#6730=FACE_BOUND('',#6386,.T.);
#6731=FACE_BOUND('',#6387,.T.);
#6732=FACE_BOUND('',#6388,.T.);
#6733=FACE_BOUND('',#6389,.T.);
#6734=FACE_BOUND('',#6390,.T.);
#6735=FACE_BOUND('',#6391,.T.);
#6736=FACE_BOUND('',#6392,.T.);
#6737=FACE_BOUND('',#6393,.T.);
#6738=FACE_BOUND('',#6394,.T.);
#6739=FACE_BOUND('',#6395,.T.);
#6740=FACE_BOUND('',#6396,.T.);
#6741=FACE_BOUND('',#6397,.T.);
#6742=FACE_BOUND('',#6398,.T.);
#6743=FACE_BOUND('',#6399,.T.);
#6744=FACE_BOUND('',#6400,.T.);
#6745=FACE_BOUND('',#6401,.T.);
#6746=FACE_BOUND('',#6402,.T.);
#6747=FACE_BOUND('',#6403,.T.);
#6748=FACE_BOUND('',#6404,.T.);
#6749=FACE_BOUND('',#6405,.T.);
#6750=FACE_BOUND('',#6406,.T.);
#6751=FACE_BOUND('',#6407,.T.);
#6752=FACE_BOUND('',#6408,.T.);
#6753=FACE_BOUND('',#6409,.T.);
#6754=FACE_BOUND('',#6410,.T.);
#6755=FACE_BOUND('',#6411,.T.);
#6756=FACE_BOUND('',#6412,.T.);
#6757=FACE_BOUND('',#6413,.T.);
#6758=FACE_BOUND('',#6414,.T.);
#6759=FACE_BOUND('',#6415,.T.);
#6760=FACE_BOUND('',#6416,.T.);
#6761=FACE_BOUND('',#6417,.T.);
#6762=FACE_BOUND('',#6418,.T.);
#6763=FACE_BOUND('',#6419,.T.);
#6764=FACE_BOUND('',#6420,.T.);
#6765=FACE_BOUND('',#6421,.T.);
#6766=FACE_BOUND('',#6422,.T.);
#6767=FACE_BOUND('',#6423,.T.);
#6768=FACE_BOUND('',#6424,.T.);
#6769=FACE_BOUND('',#6425,.T.);
#6770=FACE_BOUND('',#6426,.T.);
#6771=FACE_BOUND('',#6427,.T.);
#6772=FACE_BOUND('',#6428,.T.);
#6773=FACE_BOUND('',#6429,.T.);
#6774=FACE_BOUND('',#6430,.T.);
#6775=FACE_BOUND('',#6431,.T.);
#6776=FACE_BOUND('',#6432,.T.);
#6777=FACE_BOUND('',#6433,.T.);
#6778=FACE_BOUND('',#6434,.T.);
#6779=FACE_BOUND('',#6435,.T.);
#6780=FACE_BOUND('',#6436,.T.);
#6781=FACE_BOUND('',#6437,.T.);
#6782=FACE_BOUND('',#6438,.T.);
#6783=FACE_BOUND('',#6439,.T.);
#6784=FACE_BOUND('',#6440,.T.);
#6785=FACE_BOUND('',#6441,.T.);
#6786=FACE_BOUND('',#6442,.T.);
#6787=FACE_BOUND('',#6443,.T.);
#6788=FACE_BOUND('',#6444,.T.);
#6789=FACE_BOUND('',#6445,.T.);
#6790=FACE_BOUND('',#6446,.T.);
#6791=FACE_BOUND('',#6447,.T.);
#6792=FACE_BOUND('',#6448,.T.);
#6793=FACE_BOUND('',#6449,.T.);
#6794=FACE_BOUND('',#6450,.T.);
#6795=FACE_BOUND('',#6451,.T.);
#6796=FACE_BOUND('',#6452,.T.);
#6797=FACE_BOUND('',#6453,.T.);
#6798=FACE_BOUND('',#6454,.T.);
#6799=FACE_BOUND('',#6455,.T.);
#6800=FACE_BOUND('',#6456,.T.);
#6801=FACE_BOUND('',#6457,.T.);
#6802=FACE_BOUND('',#6458,.T.);
#6803=FACE_BOUND('',#6459,.T.);
#6804=FACE_BOUND('',#6460,.T.);
#6805=FACE_BOUND('',#6461,.T.);
#6806=FACE_BOUND('',#6462,.T.);
#6807=FACE_BOUND('',#6463,.T.);
#6808=FACE_BOUND('',#6464,.T.);
#6809=FACE_BOUND('',#6465,.T.);
#6810=FACE_BOUND('',#6466,.T.);
#6811=FACE_BOUND('',#6467,.T.);
#6812=FACE_BOUND('',#6468,.T.);
#6813=FACE_BOUND('',#6469,.T.);
#6814=FACE_BOUND('',#6470,.T.);
#6815=FACE_BOUND('',#6471,.T.);
#6816=FACE_BOUND('',#6472,.T.);
#6817=FACE_BOUND('',#6473,.T.);
#6818=FACE_BOUND('',#6474,.T.);
#6819=FACE_BOUND('',#6475,.T.);
#6820=FACE_BOUND('',#6476,.T.);
#6821=FACE_BOUND('',#6477,.T.);
#6822=FACE_BOUND('',#6478,.T.);
#6823=FACE_BOUND('',#6479,.T.);
#6824=FACE_BOUND('',#6480,.T.);
#6825=FACE_BOUND('',#6481,.T.);
#6826=FACE_BOUND('',#6482,.T.);
#6827=FACE_BOUND('',#6483,.T.);
#6828=FACE_BOUND('',#6484,.T.);
#6829=FACE_BOUND('',#6485,.T.);
#6830=FACE_BOUND('',#6486,.T.);
#6831=FACE_BOUND('',#6487,.T.);
#6832=FACE_BOUND('',#6488,.T.);
#6833=FACE_BOUND('',#6489,.T.);
#6834=FACE_BOUND('',#6490,.T.);
#6835=FACE_BOUND('',#6491,.T.);
#6836=FACE_BOUND('',#6492,.T.);
#6837=FACE_BOUND('',#6493,.T.);
#6838=FACE_BOUND('',#6494,.T.);
#6839=FACE_BOUND('',#6495,.T.);
#6840=FACE_BOUND('',#6496,.T.);
#6841=FACE_BOUND('',#6497,.T.);
#6842=FACE_BOUND('',#6498,.T.);
#6843=FACE_BOUND('',#6499,.T.);
#6844=FACE_BOUND('',#6500,.T.);
#6845=FACE_BOUND('',#6501,.T.);
#6846=FACE_BOUND('',#6502,.T.);
#6847=FACE_BOUND('',#6503,.T.);
#6848=FACE_BOUND('',#6504,.T.);
#6849=FACE_BOUND('',#6505,.T.);
#6850=FACE_BOUND('',#6506,.T.);
#6851=FACE_BOUND('',#6507,.T.);
#6852=FACE_BOUND('',#6508,.T.);
#6853=FACE_BOUND('',#6509,.T.);
#6854=FACE_BOUND('',#6510,.T.);
#6855=FACE_BOUND('',#6511,.T.);
#6856=FACE_BOUND('',#6512,.T.);
#6857=FACE_BOUND('',#6513,.T.);
#6858=FACE_BOUND('',#6514,.T.);
#6859=FACE_BOUND('',#6515,.T.);
#6860=FACE_BOUND('',#6516,.T.);
#6861=FACE_BOUND('',#6517,.T.);
#6862=FACE_BOUND('',#6518,.T.);
#6863=FACE_BOUND('',#6519,.T.);
#6864=FACE_BOUND('',#6520,.T.);
#6865=FACE_BOUND('',#6521,.T.);
#6866=FACE_BOUND('',#6522,.T.);
#6867=FACE_BOUND('',#6523,.T.);
#6868=FACE_BOUND('',#6524,.T.);
#6869=FACE_BOUND('',#6525,.T.);
#6870=FACE_BOUND('',#6526,.T.);
#6871=FACE_BOUND('',#6527,.T.);
#6872=FACE_BOUND('',#6528,.T.);
#6873=FACE_BOUND('',#6529,.T.);
#6874=FACE_BOUND('',#6530,.T.);
#6875=FACE_BOUND('',#6531,.T.);
#6876=FACE_BOUND('',#6532,.T.);
#6877=FACE_BOUND('',#6533,.T.);
#6878=FACE_BOUND('',#6534,.T.);
#6879=FACE_BOUND('',#6535,.T.);
#6880=FACE_BOUND('',#6536,.T.);
#6881=FACE_BOUND('',#6537,.T.);
#6882=FACE_BOUND('',#6538,.T.);
#6883=FACE_BOUND('',#6539,.T.);
#6884=FACE_BOUND('',#6540,.T.);
#6885=FACE_BOUND('',#6541,.T.);
#6886=FACE_BOUND('',#6542,.T.);
#6887=FACE_BOUND('',#6543,.T.);
#6888=FACE_BOUND('',#6544,.T.);
#6889=FACE_BOUND('',#6545,.T.);
#6890=FACE_BOUND('',#6546,.T.);
#6891=FACE_BOUND('',#6547,.T.);
#6892=FACE_BOUND('',#6548,.T.);
#6893=FACE_BOUND('',#6549,.T.);
#6894=FACE_BOUND('',#6550,.T.);
#6895=FACE_BOUND('',#6551,.T.);
#6896=FACE_BOUND('',#6552,.T.);
#6897=FACE_BOUND('',#6553,.T.);
#6898=FACE_BOUND('',#6554,.T.);
#6899=FACE_BOUND('',#6555,.T.);
#6900=FACE_BOUND('',#6556,.T.);
#6901=FACE_BOUND('',#6557,.T.);
#6902=FACE_BOUND('',#6558,.T.);
#6903=FACE_BOUND('',#6559,.T.);
#6904=FACE_BOUND('',#6560,.T.);
#6905=FACE_BOUND('',#6561,.T.);
#6906=FACE_BOUND('',#6562,.T.);
#6907=FACE_BOUND('',#6563,.T.);
#6908=FACE_BOUND('',#6564,.T.);
#6909=FACE_BOUND('',#6565,.T.);
#6910=FACE_BOUND('',#6566,.T.);
#6911=FACE_BOUND('',#6567,.T.);
#6912=FACE_BOUND('',#6568,.T.);
#6913=FACE_BOUND('',#6569,.T.);
#6914=FACE_BOUND('',#6570,.T.);
#6915=FACE_BOUND('',#6571,.T.);
#6916=FACE_BOUND('',#6572,.T.);
#6917=FACE_BOUND('',#6573,.T.);
#6918=FACE_BOUND('',#6574,.T.);
#6919=FACE_BOUND('',#6575,.T.);
#6920=FACE_BOUND('',#6576,.T.);
#6921=FACE_BOUND('',#6577,.T.);
#6922=FACE_BOUND('',#6578,.T.);
#6923=FACE_BOUND('',#6579,.T.);
#6924=FACE_BOUND('',#6580,.T.);
#6925=FACE_BOUND('',#6581,.T.);
#6926=FACE_BOUND('',#6582,.T.);
#6927=FACE_BOUND('',#6583,.T.);
#6928=FACE_BOUND('',#6584,.T.);
#6929=FACE_BOUND('',#6585,.T.);
#6930=FACE_BOUND('',#6586,.T.);
#6931=FACE_BOUND('',#6587,.T.);
#6932=FACE_BOUND('',#6588,.T.);
#6933=FACE_BOUND('',#6589,.T.);
#6934=FACE_BOUND('',#6590,.T.);
#6935=FACE_BOUND('',#6591,.T.);
#6936=FACE_BOUND('',#6592,.T.);
#6937=FACE_BOUND('',#6593,.T.);
#6938=FACE_BOUND('',#6594,.T.);
#6939=FACE_BOUND('',#6595,.T.);
#6940=FACE_BOUND('',#6596,.T.);
#6941=FACE_BOUND('',#6597,.T.);
#6942=FACE_BOUND('',#6598,.T.);
#6943=FACE_BOUND('',#6599,.T.);
#6944=FACE_BOUND('',#6600,.T.);
#6945=FACE_BOUND('',#6601,.T.);
#6946=FACE_BOUND('',#6602,.T.);
#6947=FACE_BOUND('',#6603,.T.);
#6948=FACE_BOUND('',#6604,.T.);
#6949=FACE_BOUND('',#6605,.T.);
#6950=FACE_BOUND('',#6606,.T.);
#6951=FACE_BOUND('',#6607,.T.);
#6952=FACE_BOUND('',#6608,.T.);
#6953=FACE_BOUND('',#6609,.T.);
#6954=FACE_BOUND('',#6610,.T.);
#6955=FACE_BOUND('',#6611,.T.);
#6956=FACE_BOUND('',#6612,.T.);
#6957=FACE_BOUND('',#6613,.T.);
#6958=FACE_BOUND('',#6614,.T.);
#6959=FACE_BOUND('',#6615,.T.);
#6960=FACE_BOUND('',#6616,.T.);
#6961=FACE_BOUND('',#6617,.T.);
#6962=FACE_BOUND('',#6618,.T.);
#6963=FACE_BOUND('',#6619,.T.);
#6964=FACE_BOUND('',#6620,.T.);
#6965=FACE_BOUND('',#6621,.T.);
#6966=FACE_BOUND('',#6622,.T.);
#6967=FACE_BOUND('',#6623,.T.);
#6968=FACE_BOUND('',#6624,.T.);
#6969=FACE_BOUND('',#6625,.T.);
#6970=FACE_BOUND('',#6626,.T.);
#6971=FACE_BOUND('',#6627,.T.);
#6972=FACE_BOUND('',#6628,.T.);
#6973=FACE_BOUND('',#6629,.T.);
#6974=FACE_BOUND('',#6630,.T.);
#6975=FACE_BOUND('',#6631,.T.);
#6976=FACE_BOUND('',#6632,.T.);
#6977=FACE_BOUND('',#6633,.T.);
#6978=FACE_BOUND('',#6634,.T.);
#6979=FACE_BOUND('',#6635,.T.);
#6980=FACE_BOUND('',#6636,.T.);
#6981=FACE_BOUND('',#6637,.T.);
#6982=FACE_BOUND('',#6638,.T.);
#6983=FACE_BOUND('',#6639,.T.);
#6984=FACE_BOUND('',#6640,.T.);
#6985=FACE_BOUND('',#6641,.T.);
#6986=FACE_BOUND('',#6642,.T.);
#6987=FACE_BOUND('',#6643,.T.);
#6988=FACE_BOUND('',#6644,.T.);
#6989=FACE_BOUND('',#6645,.T.);
#6990=FACE_BOUND('',#6646,.T.);
#6991=FACE_BOUND('',#6647,.T.);
#6992=FACE_BOUND('',#6648,.T.);
#6993=FACE_BOUND('',#6649,.T.);
#6994=FACE_BOUND('',#6650,.T.);
#6995=FACE_BOUND('',#6651,.T.);
#6996=FACE_BOUND('',#6652,.T.);
#6997=FACE_BOUND('',#6653,.T.);
#6998=FACE_BOUND('',#6654,.T.);
#6999=FACE_BOUND('',#6655,.T.);
#7000=FACE_BOUND('',#6656,.T.);
#7001=FACE_BOUND('',#6657,.T.);
#7002=FACE_BOUND('',#6658,.T.);
#7003=FACE_BOUND('',#6659,.T.);
#7004=FACE_BOUND('',#6660,.T.);
#7005=FACE_BOUND('',#6661,.T.);
#7006=FACE_BOUND('',#6662,.T.);
#7007=FACE_BOUND('',#6663,.T.);
#7008=FACE_BOUND('',#6664,.T.);
#7009=FACE_BOUND('',#6665,.T.);
#7010=FACE_BOUND('',#6666,.T.);
#7011=FACE_BOUND('',#6667,.T.);
#7012=FACE_BOUND('',#6668,.T.);
#7013=FACE_BOUND('',#6669,.T.);
#7014=FACE_BOUND('',#6670,.T.);
#7015=FACE_BOUND('',#6671,.T.);
#7016=FACE_BOUND('',#6672,.T.);
#7017=FACE_BOUND('',#6673,.T.);
#7018=FACE_BOUND('',#6674,.T.);
#7019=FACE_BOUND('',#6675,.T.);
#7020=FACE_BOUND('',#6676,.T.);
#7021=FACE_BOUND('',#6677,.T.);
#7022=FACE_BOUND('',#6678,.T.);
#7023=FACE_BOUND('',#6679,.T.);
#7024=FACE_BOUND('',#6680,.T.);
#7025=PLANE('',#8182);
#7026=PLANE('',#8186);
#7027=PLANE('',#8193);
#7028=PLANE('',#8194);
#7029=PLANE('',#8196);
#7030=PLANE('',#8209);
#7031=PLANE('',#8210);
#7032=PLANE('',#8211);
#7033=PLANE('',#8224);
#7034=PLANE('',#8225);
#7035=PLANE('',#8227);
#7036=PLANE('',#8235);
#7037=PLANE('',#8236);
#7038=PLANE('',#8237);
#7039=PLANE('',#8238);
#7040=PLANE('',#8243);
#7041=PLANE('',#8246);
#7042=PLANE('',#8247);
#7043=PLANE('',#8248);
#7044=PLANE('',#8252);
#7045=PLANE('',#8257);
#7046=PLANE('',#8261);
#7047=PLANE('',#8265);
#7048=PLANE('',#8273);
#7049=PLANE('',#8274);
#7050=PLANE('',#8283);
#7051=PLANE('',#8289);
#7052=PLANE('',#8290);
#7053=PLANE('',#8292);
#7054=PLANE('',#8297);
#7055=PLANE('',#8300);
#7056=PLANE('',#8301);
#7057=PLANE('',#8302);
#7058=PLANE('',#8334);
#7059=PLANE('',#8337);
#7060=PLANE('',#8368);
#7061=PLANE('',#8372);
#7062=PLANE('',#8376);
#7063=PLANE('',#8381);
#7064=PLANE('',#8395);
#7065=PLANE('',#8399);
#7066=PLANE('',#8403);
#7067=PLANE('',#8413);
#7068=PLANE('',#8414);
#7069=PLANE('',#8415);
#7070=PLANE('',#8419);
#7071=PLANE('',#8420);
#7072=PLANE('',#8425);
#7073=PLANE('',#8429);
#7074=PLANE('',#8430);
#7075=PLANE('',#8431);
#7076=PLANE('',#8435);
#7077=PLANE('',#8439);
#7078=PLANE('',#8440);
#7079=PLANE('',#8441);
#7080=PLANE('',#8442);
#7081=PLANE('',#8443);
#7082=PLANE('',#8634);
#7083=PLANE('',#8639);
#7084=PLANE('',#8678);
#7085=PLANE('',#8679);
#7086=PLANE('',#8686);
#7087=PLANE('',#8691);
#7088=PLANE('',#8695);
#7089=PLANE('',#8699);
#7090=PLANE('',#8703);
#7091=PLANE('',#8704);
#7092=PLANE('',#8705);
#7093=PLANE('',#8706);
#7094=PLANE('',#8723);
#7095=PLANE('',#8728);
#7096=PLANE('',#8733);
#7097=PLANE('',#8738);
#7098=ADVANCED_FACE('',(#6681),#7025,.T.);
#7099=ADVANCED_FACE('',(#6682),#1130,.F.);
#7100=ADVANCED_FACE('',(#6683),#7026,.F.);
#7101=ADVANCED_FACE('',(#6684),#1131,.F.);
#7102=ADVANCED_FACE('',(#6685,#6686),#1132,.T.);
#7103=ADVANCED_FACE('',(#6687,#6688),#7027,.T.);
#7104=ADVANCED_FACE('',(#6689,#6690),#7028,.F.);
#7105=ADVANCED_FACE('',(#6691),#7029,.T.);
#7106=ADVANCED_FACE('',(#6692),#7030,.T.);
#7107=ADVANCED_FACE('',(#6693),#7031,.T.);
#7108=ADVANCED_FACE('',(#6694),#7032,.T.);
#7109=ADVANCED_FACE('',(#6695),#7033,.T.);
#7110=ADVANCED_FACE('',(#6696,#6697,#6698,#6699,#6700,#6701),#7034,.T.);
#7111=ADVANCED_FACE('',(#6702,#6703,#6704,#6705,#6706),#7035,.T.);
#7112=ADVANCED_FACE('',(#6707),#7036,.T.);
#7113=ADVANCED_FACE('',(#6708),#7037,.T.);
#7114=ADVANCED_FACE('',(#6709),#7038,.T.);
#7115=ADVANCED_FACE('',(#6710),#7039,.T.);
#7116=ADVANCED_FACE('',(#6711),#7040,.F.);
#7117=ADVANCED_FACE('',(#6712),#7041,.T.);
#7118=ADVANCED_FACE('',(#6713,#6714),#7042,.T.);
#7119=ADVANCED_FACE('',(#6715),#7043,.F.);
#7120=ADVANCED_FACE('',(#6716),#51,.F.);
#7121=ADVANCED_FACE('',(#6717),#52,.F.);
#7122=ADVANCED_FACE('',(#6718),#53,.F.);
#7123=ADVANCED_FACE('',(#6719),#54,.F.);
#7124=ADVANCED_FACE('',(#6720),#55,.F.);
#7125=ADVANCED_FACE('',(#6721),#56,.F.);
#7126=ADVANCED_FACE('',(#6722),#1133,.T.);
#7127=ADVANCED_FACE('',(#6723),#1134,.T.);
#7128=ADVANCED_FACE('',(#6724,#6725),#7044,.T.);
#7129=ADVANCED_FACE('',(#6726,#6727),#22,.F.);
#7130=ADVANCED_FACE('',(#6728,#6729),#7045,.F.);
#7131=ADVANCED_FACE('',(#6730,#6731),#23,.T.);
#7132=ADVANCED_FACE('',(#6732),#7046,.F.);
#7133=ADVANCED_FACE('',(#6733,#6734),#1135,.T.);
#7134=ADVANCED_FACE('',(#6735),#7047,.F.);
#7135=ADVANCED_FACE('',(#6736,#6737),#1136,.F.);
#7136=ADVANCED_FACE('',(#6738,#6739),#1137,.T.);
#7137=ADVANCED_FACE('',(#6740,#6741),#7048,.T.);
#7138=ADVANCED_FACE('',(#6742,#6743),#7049,.F.);
#7139=ADVANCED_FACE('',(#6744,#6745),#15,.T.);
#7140=ADVANCED_FACE('',(#6746,#6747),#7050,.T.);
#7141=ADVANCED_FACE('',(#6748,#6749),#16,.F.);
#7142=ADVANCED_FACE('',(#6750,#6751),#17,.T.);
#7143=ADVANCED_FACE('',(#6752),#7051,.F.);
#7144=ADVANCED_FACE('',(#6753),#7052,.T.);
#7145=ADVANCED_FACE('',(#6754),#7053,.T.);
#7146=ADVANCED_FACE('',(#6755),#7054,.F.);
#7147=ADVANCED_FACE('',(#6756),#7055,.T.);
#7148=ADVANCED_FACE('',(#6757),#7056,.T.);
#7149=ADVANCED_FACE('',(#6758),#7057,.F.);
#7150=ADVANCED_FACE('',(#6759),#57,.F.);
#7151=ADVANCED_FACE('',(#6760),#58,.F.);
#7152=ADVANCED_FACE('',(#6761),#59,.F.);
#7153=ADVANCED_FACE('',(#6762),#60,.F.);
#7154=ADVANCED_FACE('',(#6763),#61,.F.);
#7155=ADVANCED_FACE('',(#6764),#62,.F.);
#7156=ADVANCED_FACE('',(#6765),#1138,.T.);
#7157=ADVANCED_FACE('',(#6766),#1139,.T.);
#7158=ADVANCED_FACE('',(#6767,#6768),#1140,.T.);
#7159=ADVANCED_FACE('',(#6769,#6770),#1141,.T.);
#7160=ADVANCED_FACE('',(#6771),#1142,.T.);
#7161=ADVANCED_FACE('',(#6772,#6773),#1143,.T.);
#7162=ADVANCED_FACE('',(#6774,#6775),#7058,.F.);
#7163=ADVANCED_FACE('',(#6776),#1144,.T.);
#7164=ADVANCED_FACE('',(#6777,#6778),#7059,.F.);
#7165=ADVANCED_FACE('',(#6779,#6780),#1145,.F.);
#7166=ADVANCED_FACE('',(#6781,#6782),#24,.T.);
#7167=ADVANCED_FACE('',(#6783,#6784,#6785,#6786,#6787,#6788),#25,.T.);
#7168=ADVANCED_FACE('',(#6789,#6790),#26,.T.);
#7169=ADVANCED_FACE('',(#6791),#27,.T.);
#7170=ADVANCED_FACE('',(#6792,#6793),#28,.T.);
#7171=ADVANCED_FACE('',(#6794),#29,.T.);
#7172=ADVANCED_FACE('',(#6795,#6796),#30,.T.);
#7173=ADVANCED_FACE('',(#6797),#31,.T.);
#7174=ADVANCED_FACE('',(#6798,#6799),#7060,.T.);
#7175=ADVANCED_FACE('',(#6800,#6801),#32,.F.);
#7176=ADVANCED_FACE('',(#6802,#6803),#7061,.F.);
#7177=ADVANCED_FACE('',(#6804),#33,.T.);
#7178=ADVANCED_FACE('',(#6805,#6806),#7062,.F.);
#7179=ADVANCED_FACE('',(#6807,#6808),#1146,.T.);
#7180=ADVANCED_FACE('',(#6809,#6810),#7063,.F.);
#7181=ADVANCED_FACE('',(#6811,#6812),#1147,.F.);
#7182=ADVANCED_FACE('',(#6813),#14,.F.);
#7183=ADVANCED_FACE('',(#6814,#6815),#1148,.F.);
#7184=ADVANCED_FACE('',(#6816,#6817),#34,.F.);
#7185=ADVANCED_FACE('',(#6818,#6819),#35,.F.);
#7186=ADVANCED_FACE('',(#6820,#6821),#1149,.F.);
#7187=ADVANCED_FACE('',(#6822,#6823),#7064,.F.);
#7188=ADVANCED_FACE('',(#6824,#6825),#1150,.T.);
#7189=ADVANCED_FACE('',(#6826,#6827),#7065,.F.);
#7190=ADVANCED_FACE('',(#6828,#6829),#1151,.F.);
#7191=ADVANCED_FACE('',(#6830),#7066,.F.);
#7192=ADVANCED_FACE('',(#6831,#6832,#6833),#1152,.T.);
#7193=ADVANCED_FACE('',(#6834,#6835,#6836),#1153,.F.);
#7194=ADVANCED_FACE('',(#6837,#6838),#7067,.F.);
#7195=ADVANCED_FACE('',(#6839,#6840),#7068,.F.);
#7196=ADVANCED_FACE('',(#6841),#7069,.T.);
#7197=ADVANCED_FACE('',(#6842),#1154,.T.);
#7198=ADVANCED_FACE('',(#6843),#7070,.T.);
#7199=ADVANCED_FACE('',(#6844),#7071,.F.);
#7200=ADVANCED_FACE('',(#6845),#1155,.F.);
#7201=ADVANCED_FACE('',(#6846),#7072,.F.);
#7202=ADVANCED_FACE('',(#6847),#1156,.F.);
#7203=ADVANCED_FACE('',(#6848),#7073,.F.);
#7204=ADVANCED_FACE('',(#6849),#7074,.F.);
#7205=ADVANCED_FACE('',(#6850),#7075,.T.);
#7206=ADVANCED_FACE('',(#6851),#1157,.T.);
#7207=ADVANCED_FACE('',(#6852),#7076,.T.);
#7208=ADVANCED_FACE('',(#6853),#1158,.T.);
#7209=ADVANCED_FACE('',(#6854),#7077,.T.);
#7210=ADVANCED_FACE('',(#6855),#7078,.T.);
#7211=ADVANCED_FACE('',(#6856),#7079,.T.);
#7212=ADVANCED_FACE('',(#6857),#7080,.T.);
#7213=ADVANCED_FACE('',(#6858),#7081,.F.);
#7214=ADVANCED_FACE('',(#6859),#1159,.T.);
#7215=ADVANCED_FACE('',(#6860),#1160,.T.);
#7216=ADVANCED_FACE('',(#6861,#6862),#1161,.T.);
#7217=ADVANCED_FACE('',(#6863),#1162,.T.);
#7218=ADVANCED_FACE('',(#6864),#1163,.T.);
#7219=ADVANCED_FACE('',(#6865),#1164,.T.);
#7220=ADVANCED_FACE('',(#6866),#1165,.T.);
#7221=ADVANCED_FACE('',(#6867),#1166,.T.);
#7222=ADVANCED_FACE('',(#6868),#1167,.T.);
#7223=ADVANCED_FACE('',(#6869,#6870),#1168,.T.);
#7224=ADVANCED_FACE('',(#6871),#1169,.T.);
#7225=ADVANCED_FACE('',(#6872),#1170,.T.);
#7226=ADVANCED_FACE('',(#6873),#1171,.T.);
#7227=ADVANCED_FACE('',(#6874),#1172,.T.);
#7228=ADVANCED_FACE('',(#6875),#1173,.T.);
#7229=ADVANCED_FACE('',(#6876,#6877),#1174,.T.);
#7230=ADVANCED_FACE('',(#6878),#1175,.T.);
#7231=ADVANCED_FACE('',(#6879),#1176,.T.);
#7232=ADVANCED_FACE('',(#6880),#1177,.T.);
#7233=ADVANCED_FACE('',(#6881),#1178,.T.);
#7234=ADVANCED_FACE('',(#6882),#1179,.T.);
#7235=ADVANCED_FACE('',(#6883),#1180,.T.);
#7236=ADVANCED_FACE('',(#6884,#6885),#1181,.T.);
#7237=ADVANCED_FACE('',(#6886),#1182,.T.);
#7238=ADVANCED_FACE('',(#6887),#1183,.T.);
#7239=ADVANCED_FACE('',(#6888),#1184,.T.);
#7240=ADVANCED_FACE('',(#6889),#1185,.T.);
#7241=ADVANCED_FACE('',(#6890),#1186,.T.);
#7242=ADVANCED_FACE('',(#6891,#6892),#1187,.T.);
#7243=ADVANCED_FACE('',(#6893),#1188,.T.);
#7244=ADVANCED_FACE('',(#6894),#1189,.T.);
#7245=ADVANCED_FACE('',(#6895),#1190,.T.);
#7246=ADVANCED_FACE('',(#6896),#1191,.T.);
#7247=ADVANCED_FACE('',(#6897),#1192,.T.);
#7248=ADVANCED_FACE('',(#6898),#1193,.T.);
#7249=ADVANCED_FACE('',(#6899,#6900),#1194,.T.);
#7250=ADVANCED_FACE('',(#6901),#1195,.T.);
#7251=ADVANCED_FACE('',(#6902),#1196,.T.);
#7252=ADVANCED_FACE('',(#6903),#1197,.T.);
#7253=ADVANCED_FACE('',(#6904),#1198,.T.);
#7254=ADVANCED_FACE('',(#6905),#1199,.T.);
#7255=ADVANCED_FACE('',(#6906,#6907),#1200,.T.);
#7256=ADVANCED_FACE('',(#6908),#1201,.T.);
#7257=ADVANCED_FACE('',(#6909),#1202,.T.);
#7258=ADVANCED_FACE('',(#6910),#1203,.T.);
#7259=ADVANCED_FACE('',(#6911),#1204,.T.);
#7260=ADVANCED_FACE('',(#6912),#1205,.T.);
#7261=ADVANCED_FACE('',(#6913),#1206,.T.);
#7262=ADVANCED_FACE('',(#6914),#1207,.T.);
#7263=ADVANCED_FACE('',(#6915),#1208,.T.);
#7264=ADVANCED_FACE('',(#6916,#6917),#1209,.T.);
#7265=ADVANCED_FACE('',(#6918),#1210,.T.);
#7266=ADVANCED_FACE('',(#6919,#6920),#7082,.F.);
#7267=ADVANCED_FACE('',(#6921,#6922,#6923,#6924,#6925,#6926,#6927,#6928,
#6929,#6930,#6931,#6932,#6933,#6934,#6935,#6936,#6937,#6938,#6939,#6940,
#6941,#6942,#6943,#6944,#6945,#6946,#6947,#6948,#6949,#6950,#6951,#6952,
#6953,#6954,#6955,#6956,#6957,#6958,#6959,#6960,#6961,#6962),#1211,.T.);
#7268=ADVANCED_FACE('',(#6963,#6964),#7083,.F.);
#7269=ADVANCED_FACE('',(#6965,#6966),#1212,.F.);
#7270=ADVANCED_FACE('',(#6967),#36,.T.);
#7271=ADVANCED_FACE('',(#6968),#37,.T.);
#7272=ADVANCED_FACE('',(#6969),#10,.T.);
#7273=ADVANCED_FACE('',(#6970),#11,.T.);
#7274=ADVANCED_FACE('',(#6971),#12,.T.);
#7275=ADVANCED_FACE('',(#6972),#38,.T.);
#7276=ADVANCED_FACE('',(#6973),#13,.T.);
#7277=ADVANCED_FACE('',(#6974),#39,.T.);
#7278=ADVANCED_FACE('',(#6975),#40,.F.);
#7279=ADVANCED_FACE('',(#6976),#41,.F.);
#7280=ADVANCED_FACE('',(#6977),#42,.F.);
#7281=ADVANCED_FACE('',(#6978),#43,.F.);
#7282=ADVANCED_FACE('',(#6979),#44,.F.);
#7283=ADVANCED_FACE('',(#6980),#7084,.T.);
#7284=ADVANCED_FACE('',(#6981),#7085,.F.);
#7285=ADVANCED_FACE('',(#6982),#45,.T.);
#7286=ADVANCED_FACE('',(#6983),#46,.T.);
#7287=ADVANCED_FACE('',(#6984,#6985),#7086,.F.);
#7288=ADVANCED_FACE('',(#6986,#6987),#7087,.F.);
#7289=ADVANCED_FACE('',(#6988,#6989),#47,.T.);
#7290=ADVANCED_FACE('',(#6990,#6991),#7088,.F.);
#7291=ADVANCED_FACE('',(#6992,#6993),#7089,.F.);
#7292=ADVANCED_FACE('',(#6994),#7090,.F.);
#7293=ADVANCED_FACE('',(#6995),#7091,.F.);
#7294=ADVANCED_FACE('',(#6996),#7092,.F.);
#7295=ADVANCED_FACE('',(#6997),#7093,.F.);
#7296=ADVANCED_FACE('',(#6998),#48,.T.);
#7297=ADVANCED_FACE('',(#6999),#49,.T.);
#7298=ADVANCED_FACE('',(#7000),#50,.T.);
#7299=ADVANCED_FACE('',(#7001),#1213,.T.);
#7300=ADVANCED_FACE('',(#7002),#1214,.T.);
#7301=ADVANCED_FACE('',(#7003),#1215,.T.);
#7302=ADVANCED_FACE('',(#7004),#1216,.T.);
#7303=ADVANCED_FACE('',(#7005),#18,.T.);
#7304=ADVANCED_FACE('',(#7006),#19,.T.);
#7305=ADVANCED_FACE('',(#7007),#20,.T.);
#7306=ADVANCED_FACE('',(#7008),#21,.T.);
#7307=ADVANCED_FACE('',(#7009,#7010),#7094,.F.);
#7308=ADVANCED_FACE('',(#7011,#7012),#1217,.T.);
#7309=ADVANCED_FACE('',(#7013,#7014),#7095,.F.);
#7310=ADVANCED_FACE('',(#7015,#7016),#1218,.F.);
#7311=ADVANCED_FACE('',(#7017,#7018),#7096,.F.);
#7312=ADVANCED_FACE('',(#7019,#7020),#1219,.T.);
#7313=ADVANCED_FACE('',(#7021,#7022),#7097,.F.);
#7314=ADVANCED_FACE('',(#7023,#7024),#1220,.F.);
#7315=CLOSED_SHELL('',(#7098,#7099,#7100,#7101,#7102,#7103,#7104));
#7316=CLOSED_SHELL('',(#7105,#7106,#7107,#7108,#7109,#7110,#7111,#7112,
#7113,#7114,#7115,#7116,#7117,#7118,#7119,#7120,#7121,#7122,#7123,#7124,
#7125,#7126,#7127));
#7317=CLOSED_SHELL('',(#7128,#7129,#7130,#7131));
#7318=CLOSED_SHELL('',(#7132,#7133,#7134));
#7319=CLOSED_SHELL('',(#7135,#7136,#7137,#7138));
#7320=CLOSED_SHELL('',(#7139,#7140,#7141,#7142,#7143,#7144));
#7321=CLOSED_SHELL('',(#7145,#7146,#7147,#7148,#7149,#7150,#7151,#7152,
#7153,#7154,#7155,#7156,#7157));
#7322=CLOSED_SHELL('',(#7158,#7159,#7160,#7161,#7162,#7163,#7164,#7165));
#7323=CLOSED_SHELL('',(#7166,#7167,#7168,#7169,#7170,#7171,#7172,#7173,
#7174,#7175,#7176,#7177));
#7324=CLOSED_SHELL('',(#7178,#7179,#7180,#7181));
#7325=CLOSED_SHELL('',(#7182,#7183,#7184,#7185,#7186,#7187,#7188,#7189,
#7190,#7191));
#7326=CLOSED_SHELL('',(#7192,#7193,#7194,#7195,#7196,#7197,#7198,#7199));
#7327=CLOSED_SHELL('',(#7200,#7201,#7202,#7203,#7204,#7205,#7206,#7207,
#7208,#7209,#7210,#7211,#7212,#7213));
#7328=CLOSED_SHELL('',(#7214,#7215,#7216,#7217,#7218,#7219,#7220,#7221,
#7222,#7223,#7224,#7225,#7226,#7227,#7228,#7229,#7230,#7231,#7232,#7233,
#7234,#7235,#7236,#7237,#7238,#7239,#7240,#7241,#7242,#7243,#7244,#7245,
#7246,#7247,#7248,#7249,#7250,#7251,#7252,#7253,#7254,#7255,#7256,#7257,
#7258,#7259,#7260,#7261,#7262,#7263,#7264,#7265,#7266,#7267,#7268,#7269));
#7329=CLOSED_SHELL('',(#7270,#7271,#7272,#7273,#7274,#7275,#7276,#7277,
#7278,#7279,#7280,#7281,#7282,#7283,#7284,#7285,#7286,#7287,#7288,#7289,
#7290,#7291,#7292,#7293,#7294,#7295,#7296,#7297,#7298,#7299,#7300,#7301,
#7302,#7303,#7304,#7305,#7306));
#7330=CLOSED_SHELL('',(#7307,#7308,#7309,#7310));
#7331=CLOSED_SHELL('',(#7311,#7312,#7313,#7314));
#7332=STYLED_ITEM('',(#7349),#8126);
#7333=STYLED_ITEM('',(#7350),#8127);
#7334=STYLED_ITEM('',(#7374),#8128);
#7335=STYLED_ITEM('',(#7375),#8129);
#7336=STYLED_ITEM('',(#7379),#8130);
#7337=STYLED_ITEM('',(#7380),#8131);
#7338=STYLED_ITEM('',(#7384),#8132);
#7339=STYLED_ITEM('',(#7398),#8133);
#7340=STYLED_ITEM('',(#7405),#8134);
#7341=STYLED_ITEM('',(#7410),#8135);
#7342=STYLED_ITEM('',(#7412),#8136);
#7343=STYLED_ITEM('',(#7418),#8137);
#7344=STYLED_ITEM('',(#7420),#8138);
#7345=STYLED_ITEM('',(#7421),#8139);
#7346=STYLED_ITEM('',(#7475),#8140);
#7347=STYLED_ITEM('',(#7476),#8141);
#7348=STYLED_ITEM('',(#7477),#8142);
#7349=PRESENTATION_STYLE_ASSIGNMENT((#7478));
#7350=PRESENTATION_STYLE_ASSIGNMENT((#7479));
#7351=PRESENTATION_STYLE_ASSIGNMENT((#7480));
#7352=PRESENTATION_STYLE_ASSIGNMENT((#7481));
#7353=PRESENTATION_STYLE_ASSIGNMENT((#7482));
#7354=PRESENTATION_STYLE_ASSIGNMENT((#7483));
#7355=PRESENTATION_STYLE_ASSIGNMENT((#7484));
#7356=PRESENTATION_STYLE_ASSIGNMENT((#7485));
#7357=PRESENTATION_STYLE_ASSIGNMENT((#7486));
#7358=PRESENTATION_STYLE_ASSIGNMENT((#7487));
#7359=PRESENTATION_STYLE_ASSIGNMENT((#7488));
#7360=PRESENTATION_STYLE_ASSIGNMENT((#7489));
#7361=PRESENTATION_STYLE_ASSIGNMENT((#7490));
#7362=PRESENTATION_STYLE_ASSIGNMENT((#7491));
#7363=PRESENTATION_STYLE_ASSIGNMENT((#7492));
#7364=PRESENTATION_STYLE_ASSIGNMENT((#7493));
#7365=PRESENTATION_STYLE_ASSIGNMENT((#7494));
#7366=PRESENTATION_STYLE_ASSIGNMENT((#7495));
#7367=PRESENTATION_STYLE_ASSIGNMENT((#7496));
#7368=PRESENTATION_STYLE_ASSIGNMENT((#7497));
#7369=PRESENTATION_STYLE_ASSIGNMENT((#7498));
#7370=PRESENTATION_STYLE_ASSIGNMENT((#7499));
#7371=PRESENTATION_STYLE_ASSIGNMENT((#7500));
#7372=PRESENTATION_STYLE_ASSIGNMENT((#7501));
#7373=PRESENTATION_STYLE_ASSIGNMENT((#7502));
#7374=PRESENTATION_STYLE_ASSIGNMENT((#7503));
#7375=PRESENTATION_STYLE_ASSIGNMENT((#7504));
#7376=PRESENTATION_STYLE_ASSIGNMENT((#7505));
#7377=PRESENTATION_STYLE_ASSIGNMENT((#7506));
#7378=PRESENTATION_STYLE_ASSIGNMENT((#7507));
#7379=PRESENTATION_STYLE_ASSIGNMENT((#7508));
#7380=PRESENTATION_STYLE_ASSIGNMENT((#7509));
#7381=PRESENTATION_STYLE_ASSIGNMENT((#7510));
#7382=PRESENTATION_STYLE_ASSIGNMENT((#7511));
#7383=PRESENTATION_STYLE_ASSIGNMENT((#7512));
#7384=PRESENTATION_STYLE_ASSIGNMENT((#7513));
#7385=PRESENTATION_STYLE_ASSIGNMENT((#7514));
#7386=PRESENTATION_STYLE_ASSIGNMENT((#7515));
#7387=PRESENTATION_STYLE_ASSIGNMENT((#7516));
#7388=PRESENTATION_STYLE_ASSIGNMENT((#7517));
#7389=PRESENTATION_STYLE_ASSIGNMENT((#7518));
#7390=PRESENTATION_STYLE_ASSIGNMENT((#7519));
#7391=PRESENTATION_STYLE_ASSIGNMENT((#7520));
#7392=PRESENTATION_STYLE_ASSIGNMENT((#7521));
#7393=PRESENTATION_STYLE_ASSIGNMENT((#7522));
#7394=PRESENTATION_STYLE_ASSIGNMENT((#7523));
#7395=PRESENTATION_STYLE_ASSIGNMENT((#7524));
#7396=PRESENTATION_STYLE_ASSIGNMENT((#7525));
#7397=PRESENTATION_STYLE_ASSIGNMENT((#7526));
#7398=PRESENTATION_STYLE_ASSIGNMENT((#7527));
#7399=PRESENTATION_STYLE_ASSIGNMENT((#7528));
#7400=PRESENTATION_STYLE_ASSIGNMENT((#7529));
#7401=PRESENTATION_STYLE_ASSIGNMENT((#7530));
#7402=PRESENTATION_STYLE_ASSIGNMENT((#7531));
#7403=PRESENTATION_STYLE_ASSIGNMENT((#7532));
#7404=PRESENTATION_STYLE_ASSIGNMENT((#7533));
#7405=PRESENTATION_STYLE_ASSIGNMENT((#7534));
#7406=PRESENTATION_STYLE_ASSIGNMENT((#7535));
#7407=PRESENTATION_STYLE_ASSIGNMENT((#7536));
#7408=PRESENTATION_STYLE_ASSIGNMENT((#7537));
#7409=PRESENTATION_STYLE_ASSIGNMENT((#7538));
#7410=PRESENTATION_STYLE_ASSIGNMENT((#7539));
#7411=PRESENTATION_STYLE_ASSIGNMENT((#7540));
#7412=PRESENTATION_STYLE_ASSIGNMENT((#7541));
#7413=PRESENTATION_STYLE_ASSIGNMENT((#7542));
#7414=PRESENTATION_STYLE_ASSIGNMENT((#7543));
#7415=PRESENTATION_STYLE_ASSIGNMENT((#7544));
#7416=PRESENTATION_STYLE_ASSIGNMENT((#7545));
#7417=PRESENTATION_STYLE_ASSIGNMENT((#7546));
#7418=PRESENTATION_STYLE_ASSIGNMENT((#7547));
#7419=PRESENTATION_STYLE_ASSIGNMENT((#7548));
#7420=PRESENTATION_STYLE_ASSIGNMENT((#7549));
#7421=PRESENTATION_STYLE_ASSIGNMENT((#7550));
#7422=PRESENTATION_STYLE_ASSIGNMENT((#7551));
#7423=PRESENTATION_STYLE_ASSIGNMENT((#7552));
#7424=PRESENTATION_STYLE_ASSIGNMENT((#7553));
#7425=PRESENTATION_STYLE_ASSIGNMENT((#7554));
#7426=PRESENTATION_STYLE_ASSIGNMENT((#7555));
#7427=PRESENTATION_STYLE_ASSIGNMENT((#7556));
#7428=PRESENTATION_STYLE_ASSIGNMENT((#7557));
#7429=PRESENTATION_STYLE_ASSIGNMENT((#7558));
#7430=PRESENTATION_STYLE_ASSIGNMENT((#7559));
#7431=PRESENTATION_STYLE_ASSIGNMENT((#7560));
#7432=PRESENTATION_STYLE_ASSIGNMENT((#7561));
#7433=PRESENTATION_STYLE_ASSIGNMENT((#7562));
#7434=PRESENTATION_STYLE_ASSIGNMENT((#7563));
#7435=PRESENTATION_STYLE_ASSIGNMENT((#7564));
#7436=PRESENTATION_STYLE_ASSIGNMENT((#7565));
#7437=PRESENTATION_STYLE_ASSIGNMENT((#7566));
#7438=PRESENTATION_STYLE_ASSIGNMENT((#7567));
#7439=PRESENTATION_STYLE_ASSIGNMENT((#7568));
#7440=PRESENTATION_STYLE_ASSIGNMENT((#7569));
#7441=PRESENTATION_STYLE_ASSIGNMENT((#7570));
#7442=PRESENTATION_STYLE_ASSIGNMENT((#7571));
#7443=PRESENTATION_STYLE_ASSIGNMENT((#7572));
#7444=PRESENTATION_STYLE_ASSIGNMENT((#7573));
#7445=PRESENTATION_STYLE_ASSIGNMENT((#7574));
#7446=PRESENTATION_STYLE_ASSIGNMENT((#7575));
#7447=PRESENTATION_STYLE_ASSIGNMENT((#7576));
#7448=PRESENTATION_STYLE_ASSIGNMENT((#7577));
#7449=PRESENTATION_STYLE_ASSIGNMENT((#7578));
#7450=PRESENTATION_STYLE_ASSIGNMENT((#7579));
#7451=PRESENTATION_STYLE_ASSIGNMENT((#7580));
#7452=PRESENTATION_STYLE_ASSIGNMENT((#7581));
#7453=PRESENTATION_STYLE_ASSIGNMENT((#7582));
#7454=PRESENTATION_STYLE_ASSIGNMENT((#7583));
#7455=PRESENTATION_STYLE_ASSIGNMENT((#7584));
#7456=PRESENTATION_STYLE_ASSIGNMENT((#7585));
#7457=PRESENTATION_STYLE_ASSIGNMENT((#7586));
#7458=PRESENTATION_STYLE_ASSIGNMENT((#7587));
#7459=PRESENTATION_STYLE_ASSIGNMENT((#7588));
#7460=PRESENTATION_STYLE_ASSIGNMENT((#7589));
#7461=PRESENTATION_STYLE_ASSIGNMENT((#7590));
#7462=PRESENTATION_STYLE_ASSIGNMENT((#7591));
#7463=PRESENTATION_STYLE_ASSIGNMENT((#7592));
#7464=PRESENTATION_STYLE_ASSIGNMENT((#7593));
#7465=PRESENTATION_STYLE_ASSIGNMENT((#7594));
#7466=PRESENTATION_STYLE_ASSIGNMENT((#7595));
#7467=PRESENTATION_STYLE_ASSIGNMENT((#7596));
#7468=PRESENTATION_STYLE_ASSIGNMENT((#7597));
#7469=PRESENTATION_STYLE_ASSIGNMENT((#7598));
#7470=PRESENTATION_STYLE_ASSIGNMENT((#7599));
#7471=PRESENTATION_STYLE_ASSIGNMENT((#7600));
#7472=PRESENTATION_STYLE_ASSIGNMENT((#7601));
#7473=PRESENTATION_STYLE_ASSIGNMENT((#7602));
#7474=PRESENTATION_STYLE_ASSIGNMENT((#7603));
#7475=PRESENTATION_STYLE_ASSIGNMENT((#7604));
#7476=PRESENTATION_STYLE_ASSIGNMENT((#7605));
#7477=PRESENTATION_STYLE_ASSIGNMENT((#7606));
#7478=SURFACE_STYLE_USAGE(.BOTH.,#7607);
#7479=SURFACE_STYLE_USAGE(.BOTH.,#7608);
#7480=SURFACE_STYLE_USAGE(.BOTH.,#7609);
#7481=SURFACE_STYLE_USAGE(.BOTH.,#7610);
#7482=SURFACE_STYLE_USAGE(.BOTH.,#7611);
#7483=SURFACE_STYLE_USAGE(.BOTH.,#7612);
#7484=SURFACE_STYLE_USAGE(.BOTH.,#7613);
#7485=SURFACE_STYLE_USAGE(.BOTH.,#7614);
#7486=SURFACE_STYLE_USAGE(.BOTH.,#7615);
#7487=SURFACE_STYLE_USAGE(.BOTH.,#7616);
#7488=SURFACE_STYLE_USAGE(.BOTH.,#7617);
#7489=SURFACE_STYLE_USAGE(.BOTH.,#7618);
#7490=SURFACE_STYLE_USAGE(.BOTH.,#7619);
#7491=SURFACE_STYLE_USAGE(.BOTH.,#7620);
#7492=SURFACE_STYLE_USAGE(.BOTH.,#7621);
#7493=SURFACE_STYLE_USAGE(.BOTH.,#7622);
#7494=SURFACE_STYLE_USAGE(.BOTH.,#7623);
#7495=SURFACE_STYLE_USAGE(.BOTH.,#7624);
#7496=SURFACE_STYLE_USAGE(.BOTH.,#7625);
#7497=SURFACE_STYLE_USAGE(.BOTH.,#7626);
#7498=SURFACE_STYLE_USAGE(.BOTH.,#7627);
#7499=SURFACE_STYLE_USAGE(.BOTH.,#7628);
#7500=SURFACE_STYLE_USAGE(.BOTH.,#7629);
#7501=SURFACE_STYLE_USAGE(.BOTH.,#7630);
#7502=SURFACE_STYLE_USAGE(.BOTH.,#7631);
#7503=SURFACE_STYLE_USAGE(.BOTH.,#7632);
#7504=SURFACE_STYLE_USAGE(.BOTH.,#7633);
#7505=SURFACE_STYLE_USAGE(.BOTH.,#7634);
#7506=SURFACE_STYLE_USAGE(.BOTH.,#7635);
#7507=SURFACE_STYLE_USAGE(.BOTH.,#7636);
#7508=SURFACE_STYLE_USAGE(.BOTH.,#7637);
#7509=SURFACE_STYLE_USAGE(.BOTH.,#7638);
#7510=SURFACE_STYLE_USAGE(.BOTH.,#7639);
#7511=SURFACE_STYLE_USAGE(.BOTH.,#7640);
#7512=SURFACE_STYLE_USAGE(.BOTH.,#7641);
#7513=SURFACE_STYLE_USAGE(.BOTH.,#7642);
#7514=SURFACE_STYLE_USAGE(.BOTH.,#7643);
#7515=SURFACE_STYLE_USAGE(.BOTH.,#7644);
#7516=SURFACE_STYLE_USAGE(.BOTH.,#7645);
#7517=SURFACE_STYLE_USAGE(.BOTH.,#7646);
#7518=SURFACE_STYLE_USAGE(.BOTH.,#7647);
#7519=SURFACE_STYLE_USAGE(.BOTH.,#7648);
#7520=SURFACE_STYLE_USAGE(.BOTH.,#7649);
#7521=SURFACE_STYLE_USAGE(.BOTH.,#7650);
#7522=SURFACE_STYLE_USAGE(.BOTH.,#7651);
#7523=SURFACE_STYLE_USAGE(.BOTH.,#7652);
#7524=SURFACE_STYLE_USAGE(.BOTH.,#7653);
#7525=SURFACE_STYLE_USAGE(.BOTH.,#7654);
#7526=SURFACE_STYLE_USAGE(.BOTH.,#7655);
#7527=SURFACE_STYLE_USAGE(.BOTH.,#7656);
#7528=SURFACE_STYLE_USAGE(.BOTH.,#7657);
#7529=SURFACE_STYLE_USAGE(.BOTH.,#7658);
#7530=SURFACE_STYLE_USAGE(.BOTH.,#7659);
#7531=SURFACE_STYLE_USAGE(.BOTH.,#7660);
#7532=SURFACE_STYLE_USAGE(.BOTH.,#7661);
#7533=SURFACE_STYLE_USAGE(.BOTH.,#7662);
#7534=SURFACE_STYLE_USAGE(.BOTH.,#7663);
#7535=SURFACE_STYLE_USAGE(.BOTH.,#7664);
#7536=SURFACE_STYLE_USAGE(.BOTH.,#7665);
#7537=SURFACE_STYLE_USAGE(.BOTH.,#7666);
#7538=SURFACE_STYLE_USAGE(.BOTH.,#7667);
#7539=SURFACE_STYLE_USAGE(.BOTH.,#7668);
#7540=SURFACE_STYLE_USAGE(.BOTH.,#7669);
#7541=SURFACE_STYLE_USAGE(.BOTH.,#7670);
#7542=SURFACE_STYLE_USAGE(.BOTH.,#7671);
#7543=SURFACE_STYLE_USAGE(.BOTH.,#7672);
#7544=SURFACE_STYLE_USAGE(.BOTH.,#7673);
#7545=SURFACE_STYLE_USAGE(.BOTH.,#7674);
#7546=SURFACE_STYLE_USAGE(.BOTH.,#7675);
#7547=SURFACE_STYLE_USAGE(.BOTH.,#7676);
#7548=SURFACE_STYLE_USAGE(.BOTH.,#7677);
#7549=SURFACE_STYLE_USAGE(.BOTH.,#7678);
#7550=SURFACE_STYLE_USAGE(.BOTH.,#7679);
#7551=SURFACE_STYLE_USAGE(.BOTH.,#7680);
#7552=SURFACE_STYLE_USAGE(.BOTH.,#7681);
#7553=SURFACE_STYLE_USAGE(.BOTH.,#7682);
#7554=SURFACE_STYLE_USAGE(.BOTH.,#7683);
#7555=SURFACE_STYLE_USAGE(.BOTH.,#7684);
#7556=SURFACE_STYLE_USAGE(.BOTH.,#7685);
#7557=SURFACE_STYLE_USAGE(.BOTH.,#7686);
#7558=SURFACE_STYLE_USAGE(.BOTH.,#7687);
#7559=SURFACE_STYLE_USAGE(.BOTH.,#7688);
#7560=SURFACE_STYLE_USAGE(.BOTH.,#7689);
#7561=SURFACE_STYLE_USAGE(.BOTH.,#7690);
#7562=SURFACE_STYLE_USAGE(.BOTH.,#7691);
#7563=SURFACE_STYLE_USAGE(.BOTH.,#7692);
#7564=SURFACE_STYLE_USAGE(.BOTH.,#7693);
#7565=SURFACE_STYLE_USAGE(.BOTH.,#7694);
#7566=SURFACE_STYLE_USAGE(.BOTH.,#7695);
#7567=SURFACE_STYLE_USAGE(.BOTH.,#7696);
#7568=SURFACE_STYLE_USAGE(.BOTH.,#7697);
#7569=SURFACE_STYLE_USAGE(.BOTH.,#7698);
#7570=SURFACE_STYLE_USAGE(.BOTH.,#7699);
#7571=SURFACE_STYLE_USAGE(.BOTH.,#7700);
#7572=SURFACE_STYLE_USAGE(.BOTH.,#7701);
#7573=SURFACE_STYLE_USAGE(.BOTH.,#7702);
#7574=SURFACE_STYLE_USAGE(.BOTH.,#7703);
#7575=SURFACE_STYLE_USAGE(.BOTH.,#7704);
#7576=SURFACE_STYLE_USAGE(.BOTH.,#7705);
#7577=SURFACE_STYLE_USAGE(.BOTH.,#7706);
#7578=SURFACE_STYLE_USAGE(.BOTH.,#7707);
#7579=SURFACE_STYLE_USAGE(.BOTH.,#7708);
#7580=SURFACE_STYLE_USAGE(.BOTH.,#7709);
#7581=SURFACE_STYLE_USAGE(.BOTH.,#7710);
#7582=SURFACE_STYLE_USAGE(.BOTH.,#7711);
#7583=SURFACE_STYLE_USAGE(.BOTH.,#7712);
#7584=SURFACE_STYLE_USAGE(.BOTH.,#7713);
#7585=SURFACE_STYLE_USAGE(.BOTH.,#7714);
#7586=SURFACE_STYLE_USAGE(.BOTH.,#7715);
#7587=SURFACE_STYLE_USAGE(.BOTH.,#7716);
#7588=SURFACE_STYLE_USAGE(.BOTH.,#7717);
#7589=SURFACE_STYLE_USAGE(.BOTH.,#7718);
#7590=SURFACE_STYLE_USAGE(.BOTH.,#7719);
#7591=SURFACE_STYLE_USAGE(.BOTH.,#7720);
#7592=SURFACE_STYLE_USAGE(.BOTH.,#7721);
#7593=SURFACE_STYLE_USAGE(.BOTH.,#7722);
#7594=SURFACE_STYLE_USAGE(.BOTH.,#7723);
#7595=SURFACE_STYLE_USAGE(.BOTH.,#7724);
#7596=SURFACE_STYLE_USAGE(.BOTH.,#7725);
#7597=SURFACE_STYLE_USAGE(.BOTH.,#7726);
#7598=SURFACE_STYLE_USAGE(.BOTH.,#7727);
#7599=SURFACE_STYLE_USAGE(.BOTH.,#7728);
#7600=SURFACE_STYLE_USAGE(.BOTH.,#7729);
#7601=SURFACE_STYLE_USAGE(.BOTH.,#7730);
#7602=SURFACE_STYLE_USAGE(.BOTH.,#7731);
#7603=SURFACE_STYLE_USAGE(.BOTH.,#7732);
#7604=SURFACE_STYLE_USAGE(.BOTH.,#7733);
#7605=SURFACE_STYLE_USAGE(.BOTH.,#7734);
#7606=SURFACE_STYLE_USAGE(.BOTH.,#7735);
#7607=SURFACE_SIDE_STYLE('',(#7736));
#7608=SURFACE_SIDE_STYLE('',(#7737));
#7609=SURFACE_SIDE_STYLE('',(#7738));
#7610=SURFACE_SIDE_STYLE('',(#7739));
#7611=SURFACE_SIDE_STYLE('',(#7740));
#7612=SURFACE_SIDE_STYLE('',(#7741));
#7613=SURFACE_SIDE_STYLE('',(#7742));
#7614=SURFACE_SIDE_STYLE('',(#7743));
#7615=SURFACE_SIDE_STYLE('',(#7744));
#7616=SURFACE_SIDE_STYLE('',(#7745));
#7617=SURFACE_SIDE_STYLE('',(#7746));
#7618=SURFACE_SIDE_STYLE('',(#7747));
#7619=SURFACE_SIDE_STYLE('',(#7748));
#7620=SURFACE_SIDE_STYLE('',(#7749));
#7621=SURFACE_SIDE_STYLE('',(#7750));
#7622=SURFACE_SIDE_STYLE('',(#7751));
#7623=SURFACE_SIDE_STYLE('',(#7752));
#7624=SURFACE_SIDE_STYLE('',(#7753));
#7625=SURFACE_SIDE_STYLE('',(#7754));
#7626=SURFACE_SIDE_STYLE('',(#7755));
#7627=SURFACE_SIDE_STYLE('',(#7756));
#7628=SURFACE_SIDE_STYLE('',(#7757));
#7629=SURFACE_SIDE_STYLE('',(#7758));
#7630=SURFACE_SIDE_STYLE('',(#7759));
#7631=SURFACE_SIDE_STYLE('',(#7760));
#7632=SURFACE_SIDE_STYLE('',(#7761));
#7633=SURFACE_SIDE_STYLE('',(#7762));
#7634=SURFACE_SIDE_STYLE('',(#7763));
#7635=SURFACE_SIDE_STYLE('',(#7764));
#7636=SURFACE_SIDE_STYLE('',(#7765));
#7637=SURFACE_SIDE_STYLE('',(#7766));
#7638=SURFACE_SIDE_STYLE('',(#7767));
#7639=SURFACE_SIDE_STYLE('',(#7768));
#7640=SURFACE_SIDE_STYLE('',(#7769));
#7641=SURFACE_SIDE_STYLE('',(#7770));
#7642=SURFACE_SIDE_STYLE('',(#7771));
#7643=SURFACE_SIDE_STYLE('',(#7772));
#7644=SURFACE_SIDE_STYLE('',(#7773));
#7645=SURFACE_SIDE_STYLE('',(#7774));
#7646=SURFACE_SIDE_STYLE('',(#7775));
#7647=SURFACE_SIDE_STYLE('',(#7776));
#7648=SURFACE_SIDE_STYLE('',(#7777));
#7649=SURFACE_SIDE_STYLE('',(#7778));
#7650=SURFACE_SIDE_STYLE('',(#7779));
#7651=SURFACE_SIDE_STYLE('',(#7780));
#7652=SURFACE_SIDE_STYLE('',(#7781));
#7653=SURFACE_SIDE_STYLE('',(#7782));
#7654=SURFACE_SIDE_STYLE('',(#7783));
#7655=SURFACE_SIDE_STYLE('',(#7784));
#7656=SURFACE_SIDE_STYLE('',(#7785));
#7657=SURFACE_SIDE_STYLE('',(#7786));
#7658=SURFACE_SIDE_STYLE('',(#7787));
#7659=SURFACE_SIDE_STYLE('',(#7788));
#7660=SURFACE_SIDE_STYLE('',(#7789));
#7661=SURFACE_SIDE_STYLE('',(#7790));
#7662=SURFACE_SIDE_STYLE('',(#7791));
#7663=SURFACE_SIDE_STYLE('',(#7792));
#7664=SURFACE_SIDE_STYLE('',(#7793));
#7665=SURFACE_SIDE_STYLE('',(#7794));
#7666=SURFACE_SIDE_STYLE('',(#7795));
#7667=SURFACE_SIDE_STYLE('',(#7796));
#7668=SURFACE_SIDE_STYLE('',(#7797));
#7669=SURFACE_SIDE_STYLE('',(#7798));
#7670=SURFACE_SIDE_STYLE('',(#7799));
#7671=SURFACE_SIDE_STYLE('',(#7800));
#7672=SURFACE_SIDE_STYLE('',(#7801));
#7673=SURFACE_SIDE_STYLE('',(#7802));
#7674=SURFACE_SIDE_STYLE('',(#7803));
#7675=SURFACE_SIDE_STYLE('',(#7804));
#7676=SURFACE_SIDE_STYLE('',(#7805));
#7677=SURFACE_SIDE_STYLE('',(#7806));
#7678=SURFACE_SIDE_STYLE('',(#7807));
#7679=SURFACE_SIDE_STYLE('',(#7808));
#7680=SURFACE_SIDE_STYLE('',(#7809));
#7681=SURFACE_SIDE_STYLE('',(#7810));
#7682=SURFACE_SIDE_STYLE('',(#7811));
#7683=SURFACE_SIDE_STYLE('',(#7812));
#7684=SURFACE_SIDE_STYLE('',(#7813));
#7685=SURFACE_SIDE_STYLE('',(#7814));
#7686=SURFACE_SIDE_STYLE('',(#7815));
#7687=SURFACE_SIDE_STYLE('',(#7816));
#7688=SURFACE_SIDE_STYLE('',(#7817));
#7689=SURFACE_SIDE_STYLE('',(#7818));
#7690=SURFACE_SIDE_STYLE('',(#7819));
#7691=SURFACE_SIDE_STYLE('',(#7820));
#7692=SURFACE_SIDE_STYLE('',(#7821));
#7693=SURFACE_SIDE_STYLE('',(#7822));
#7694=SURFACE_SIDE_STYLE('',(#7823));
#7695=SURFACE_SIDE_STYLE('',(#7824));
#7696=SURFACE_SIDE_STYLE('',(#7825));
#7697=SURFACE_SIDE_STYLE('',(#7826));
#7698=SURFACE_SIDE_STYLE('',(#7827));
#7699=SURFACE_SIDE_STYLE('',(#7828));
#7700=SURFACE_SIDE_STYLE('',(#7829));
#7701=SURFACE_SIDE_STYLE('',(#7830));
#7702=SURFACE_SIDE_STYLE('',(#7831));
#7703=SURFACE_SIDE_STYLE('',(#7832));
#7704=SURFACE_SIDE_STYLE('',(#7833));
#7705=SURFACE_SIDE_STYLE('',(#7834));
#7706=SURFACE_SIDE_STYLE('',(#7835));
#7707=SURFACE_SIDE_STYLE('',(#7836));
#7708=SURFACE_SIDE_STYLE('',(#7837));
#7709=SURFACE_SIDE_STYLE('',(#7838));
#7710=SURFACE_SIDE_STYLE('',(#7839));
#7711=SURFACE_SIDE_STYLE('',(#7840));
#7712=SURFACE_SIDE_STYLE('',(#7841));
#7713=SURFACE_SIDE_STYLE('',(#7842));
#7714=SURFACE_SIDE_STYLE('',(#7843));
#7715=SURFACE_SIDE_STYLE('',(#7844));
#7716=SURFACE_SIDE_STYLE('',(#7845));
#7717=SURFACE_SIDE_STYLE('',(#7846));
#7718=SURFACE_SIDE_STYLE('',(#7847));
#7719=SURFACE_SIDE_STYLE('',(#7848));
#7720=SURFACE_SIDE_STYLE('',(#7849));
#7721=SURFACE_SIDE_STYLE('',(#7850));
#7722=SURFACE_SIDE_STYLE('',(#7851));
#7723=SURFACE_SIDE_STYLE('',(#7852));
#7724=SURFACE_SIDE_STYLE('',(#7853));
#7725=SURFACE_SIDE_STYLE('',(#7854));
#7726=SURFACE_SIDE_STYLE('',(#7855));
#7727=SURFACE_SIDE_STYLE('',(#7856));
#7728=SURFACE_SIDE_STYLE('',(#7857));
#7729=SURFACE_SIDE_STYLE('',(#7858));
#7730=SURFACE_SIDE_STYLE('',(#7859));
#7731=SURFACE_SIDE_STYLE('',(#7860));
#7732=SURFACE_SIDE_STYLE('',(#7861));
#7733=SURFACE_SIDE_STYLE('',(#7862));
#7734=SURFACE_SIDE_STYLE('',(#7863));
#7735=SURFACE_SIDE_STYLE('',(#7864));
#7736=SURFACE_STYLE_FILL_AREA(#7865);
#7737=SURFACE_STYLE_FILL_AREA(#7866);
#7738=SURFACE_STYLE_FILL_AREA(#7867);
#7739=SURFACE_STYLE_FILL_AREA(#7868);
#7740=SURFACE_STYLE_FILL_AREA(#7869);
#7741=SURFACE_STYLE_FILL_AREA(#7870);
#7742=SURFACE_STYLE_FILL_AREA(#7871);
#7743=SURFACE_STYLE_FILL_AREA(#7872);
#7744=SURFACE_STYLE_FILL_AREA(#7873);
#7745=SURFACE_STYLE_FILL_AREA(#7874);
#7746=SURFACE_STYLE_FILL_AREA(#7875);
#7747=SURFACE_STYLE_FILL_AREA(#7876);
#7748=SURFACE_STYLE_FILL_AREA(#7877);
#7749=SURFACE_STYLE_FILL_AREA(#7878);
#7750=SURFACE_STYLE_FILL_AREA(#7879);
#7751=SURFACE_STYLE_FILL_AREA(#7880);
#7752=SURFACE_STYLE_FILL_AREA(#7881);
#7753=SURFACE_STYLE_FILL_AREA(#7882);
#7754=SURFACE_STYLE_FILL_AREA(#7883);
#7755=SURFACE_STYLE_FILL_AREA(#7884);
#7756=SURFACE_STYLE_FILL_AREA(#7885);
#7757=SURFACE_STYLE_FILL_AREA(#7886);
#7758=SURFACE_STYLE_FILL_AREA(#7887);
#7759=SURFACE_STYLE_FILL_AREA(#7888);
#7760=SURFACE_STYLE_FILL_AREA(#7889);
#7761=SURFACE_STYLE_FILL_AREA(#7890);
#7762=SURFACE_STYLE_FILL_AREA(#7891);
#7763=SURFACE_STYLE_FILL_AREA(#7892);
#7764=SURFACE_STYLE_FILL_AREA(#7893);
#7765=SURFACE_STYLE_FILL_AREA(#7894);
#7766=SURFACE_STYLE_FILL_AREA(#7895);
#7767=SURFACE_STYLE_FILL_AREA(#7896);
#7768=SURFACE_STYLE_FILL_AREA(#7897);
#7769=SURFACE_STYLE_FILL_AREA(#7898);
#7770=SURFACE_STYLE_FILL_AREA(#7899);
#7771=SURFACE_STYLE_FILL_AREA(#7900);
#7772=SURFACE_STYLE_FILL_AREA(#7901);
#7773=SURFACE_STYLE_FILL_AREA(#7902);
#7774=SURFACE_STYLE_FILL_AREA(#7903);
#7775=SURFACE_STYLE_FILL_AREA(#7904);
#7776=SURFACE_STYLE_FILL_AREA(#7905);
#7777=SURFACE_STYLE_FILL_AREA(#7906);
#7778=SURFACE_STYLE_FILL_AREA(#7907);
#7779=SURFACE_STYLE_FILL_AREA(#7908);
#7780=SURFACE_STYLE_FILL_AREA(#7909);
#7781=SURFACE_STYLE_FILL_AREA(#7910);
#7782=SURFACE_STYLE_FILL_AREA(#7911);
#7783=SURFACE_STYLE_FILL_AREA(#7912);
#7784=SURFACE_STYLE_FILL_AREA(#7913);
#7785=SURFACE_STYLE_FILL_AREA(#7914);
#7786=SURFACE_STYLE_FILL_AREA(#7915);
#7787=SURFACE_STYLE_FILL_AREA(#7916);
#7788=SURFACE_STYLE_FILL_AREA(#7917);
#7789=SURFACE_STYLE_FILL_AREA(#7918);
#7790=SURFACE_STYLE_FILL_AREA(#7919);
#7791=SURFACE_STYLE_FILL_AREA(#7920);
#7792=SURFACE_STYLE_FILL_AREA(#7921);
#7793=SURFACE_STYLE_FILL_AREA(#7922);
#7794=SURFACE_STYLE_FILL_AREA(#7923);
#7795=SURFACE_STYLE_FILL_AREA(#7924);
#7796=SURFACE_STYLE_FILL_AREA(#7925);
#7797=SURFACE_STYLE_FILL_AREA(#7926);
#7798=SURFACE_STYLE_FILL_AREA(#7927);
#7799=SURFACE_STYLE_FILL_AREA(#7928);
#7800=SURFACE_STYLE_FILL_AREA(#7929);
#7801=SURFACE_STYLE_FILL_AREA(#7930);
#7802=SURFACE_STYLE_FILL_AREA(#7931);
#7803=SURFACE_STYLE_FILL_AREA(#7932);
#7804=SURFACE_STYLE_FILL_AREA(#7933);
#7805=SURFACE_STYLE_FILL_AREA(#7934);
#7806=SURFACE_STYLE_FILL_AREA(#7935);
#7807=SURFACE_STYLE_FILL_AREA(#7936);
#7808=SURFACE_STYLE_FILL_AREA(#7937);
#7809=SURFACE_STYLE_FILL_AREA(#7938);
#7810=SURFACE_STYLE_FILL_AREA(#7939);
#7811=SURFACE_STYLE_FILL_AREA(#7940);
#7812=SURFACE_STYLE_FILL_AREA(#7941);
#7813=SURFACE_STYLE_FILL_AREA(#7942);
#7814=SURFACE_STYLE_FILL_AREA(#7943);
#7815=SURFACE_STYLE_FILL_AREA(#7944);
#7816=SURFACE_STYLE_FILL_AREA(#7945);
#7817=SURFACE_STYLE_FILL_AREA(#7946);
#7818=SURFACE_STYLE_FILL_AREA(#7947);
#7819=SURFACE_STYLE_FILL_AREA(#7948);
#7820=SURFACE_STYLE_FILL_AREA(#7949);
#7821=SURFACE_STYLE_FILL_AREA(#7950);
#7822=SURFACE_STYLE_FILL_AREA(#7951);
#7823=SURFACE_STYLE_FILL_AREA(#7952);
#7824=SURFACE_STYLE_FILL_AREA(#7953);
#7825=SURFACE_STYLE_FILL_AREA(#7954);
#7826=SURFACE_STYLE_FILL_AREA(#7955);
#7827=SURFACE_STYLE_FILL_AREA(#7956);
#7828=SURFACE_STYLE_FILL_AREA(#7957);
#7829=SURFACE_STYLE_FILL_AREA(#7958);
#7830=SURFACE_STYLE_FILL_AREA(#7959);
#7831=SURFACE_STYLE_FILL_AREA(#7960);
#7832=SURFACE_STYLE_FILL_AREA(#7961);
#7833=SURFACE_STYLE_FILL_AREA(#7962);
#7834=SURFACE_STYLE_FILL_AREA(#7963);
#7835=SURFACE_STYLE_FILL_AREA(#7964);
#7836=SURFACE_STYLE_FILL_AREA(#7965);
#7837=SURFACE_STYLE_FILL_AREA(#7966);
#7838=SURFACE_STYLE_FILL_AREA(#7967);
#7839=SURFACE_STYLE_FILL_AREA(#7968);
#7840=SURFACE_STYLE_FILL_AREA(#7969);
#7841=SURFACE_STYLE_FILL_AREA(#7970);
#7842=SURFACE_STYLE_FILL_AREA(#7971);
#7843=SURFACE_STYLE_FILL_AREA(#7972);
#7844=SURFACE_STYLE_FILL_AREA(#7973);
#7845=SURFACE_STYLE_FILL_AREA(#7974);
#7846=SURFACE_STYLE_FILL_AREA(#7975);
#7847=SURFACE_STYLE_FILL_AREA(#7976);
#7848=SURFACE_STYLE_FILL_AREA(#7977);
#7849=SURFACE_STYLE_FILL_AREA(#7978);
#7850=SURFACE_STYLE_FILL_AREA(#7979);
#7851=SURFACE_STYLE_FILL_AREA(#7980);
#7852=SURFACE_STYLE_FILL_AREA(#7981);
#7853=SURFACE_STYLE_FILL_AREA(#7982);
#7854=SURFACE_STYLE_FILL_AREA(#7983);
#7855=SURFACE_STYLE_FILL_AREA(#7984);
#7856=SURFACE_STYLE_FILL_AREA(#7985);
#7857=SURFACE_STYLE_FILL_AREA(#7986);
#7858=SURFACE_STYLE_FILL_AREA(#7987);
#7859=SURFACE_STYLE_FILL_AREA(#7988);
#7860=SURFACE_STYLE_FILL_AREA(#7989);
#7861=SURFACE_STYLE_FILL_AREA(#7990);
#7862=SURFACE_STYLE_FILL_AREA(#7991);
#7863=SURFACE_STYLE_FILL_AREA(#7992);
#7864=SURFACE_STYLE_FILL_AREA(#7993);
#7865=FILL_AREA_STYLE('',(#7994));
#7866=FILL_AREA_STYLE('',(#7995));
#7867=FILL_AREA_STYLE('',(#7996));
#7868=FILL_AREA_STYLE('',(#7997));
#7869=FILL_AREA_STYLE('',(#7998));
#7870=FILL_AREA_STYLE('',(#7999));
#7871=FILL_AREA_STYLE('',(#8000));
#7872=FILL_AREA_STYLE('',(#8001));
#7873=FILL_AREA_STYLE('',(#8002));
#7874=FILL_AREA_STYLE('',(#8003));
#7875=FILL_AREA_STYLE('',(#8004));
#7876=FILL_AREA_STYLE('',(#8005));
#7877=FILL_AREA_STYLE('',(#8006));
#7878=FILL_AREA_STYLE('',(#8007));
#7879=FILL_AREA_STYLE('',(#8008));
#7880=FILL_AREA_STYLE('',(#8009));
#7881=FILL_AREA_STYLE('',(#8010));
#7882=FILL_AREA_STYLE('',(#8011));
#7883=FILL_AREA_STYLE('',(#8012));
#7884=FILL_AREA_STYLE('',(#8013));
#7885=FILL_AREA_STYLE('',(#8014));
#7886=FILL_AREA_STYLE('',(#8015));
#7887=FILL_AREA_STYLE('',(#8016));
#7888=FILL_AREA_STYLE('',(#8017));
#7889=FILL_AREA_STYLE('',(#8018));
#7890=FILL_AREA_STYLE('',(#8019));
#7891=FILL_AREA_STYLE('',(#8020));
#7892=FILL_AREA_STYLE('',(#8021));
#7893=FILL_AREA_STYLE('',(#8022));
#7894=FILL_AREA_STYLE('',(#8023));
#7895=FILL_AREA_STYLE('',(#8024));
#7896=FILL_AREA_STYLE('',(#8025));
#7897=FILL_AREA_STYLE('',(#8026));
#7898=FILL_AREA_STYLE('',(#8027));
#7899=FILL_AREA_STYLE('',(#8028));
#7900=FILL_AREA_STYLE('',(#8029));
#7901=FILL_AREA_STYLE('',(#8030));
#7902=FILL_AREA_STYLE('',(#8031));
#7903=FILL_AREA_STYLE('',(#8032));
#7904=FILL_AREA_STYLE('',(#8033));
#7905=FILL_AREA_STYLE('',(#8034));
#7906=FILL_AREA_STYLE('',(#8035));
#7907=FILL_AREA_STYLE('',(#8036));
#7908=FILL_AREA_STYLE('',(#8037));
#7909=FILL_AREA_STYLE('',(#8038));
#7910=FILL_AREA_STYLE('',(#8039));
#7911=FILL_AREA_STYLE('',(#8040));
#7912=FILL_AREA_STYLE('',(#8041));
#7913=FILL_AREA_STYLE('',(#8042));
#7914=FILL_AREA_STYLE('',(#8043));
#7915=FILL_AREA_STYLE('',(#8044));
#7916=FILL_AREA_STYLE('',(#8045));
#7917=FILL_AREA_STYLE('',(#8046));
#7918=FILL_AREA_STYLE('',(#8047));
#7919=FILL_AREA_STYLE('',(#8048));
#7920=FILL_AREA_STYLE('',(#8049));
#7921=FILL_AREA_STYLE('',(#8050));
#7922=FILL_AREA_STYLE('',(#8051));
#7923=FILL_AREA_STYLE('',(#8052));
#7924=FILL_AREA_STYLE('',(#8053));
#7925=FILL_AREA_STYLE('',(#8054));
#7926=FILL_AREA_STYLE('',(#8055));
#7927=FILL_AREA_STYLE('',(#8056));
#7928=FILL_AREA_STYLE('',(#8057));
#7929=FILL_AREA_STYLE('',(#8058));
#7930=FILL_AREA_STYLE('',(#8059));
#7931=FILL_AREA_STYLE('',(#8060));
#7932=FILL_AREA_STYLE('',(#8061));
#7933=FILL_AREA_STYLE('',(#8062));
#7934=FILL_AREA_STYLE('',(#8063));
#7935=FILL_AREA_STYLE('',(#8064));
#7936=FILL_AREA_STYLE('',(#8065));
#7937=FILL_AREA_STYLE('',(#8066));
#7938=FILL_AREA_STYLE('',(#8067));
#7939=FILL_AREA_STYLE('',(#8068));
#7940=FILL_AREA_STYLE('',(#8069));
#7941=FILL_AREA_STYLE('',(#8070));
#7942=FILL_AREA_STYLE('',(#8071));
#7943=FILL_AREA_STYLE('',(#8072));
#7944=FILL_AREA_STYLE('',(#8073));
#7945=FILL_AREA_STYLE('',(#8074));
#7946=FILL_AREA_STYLE('',(#8075));
#7947=FILL_AREA_STYLE('',(#8076));
#7948=FILL_AREA_STYLE('',(#8077));
#7949=FILL_AREA_STYLE('',(#8078));
#7950=FILL_AREA_STYLE('',(#8079));
#7951=FILL_AREA_STYLE('',(#8080));
#7952=FILL_AREA_STYLE('',(#8081));
#7953=FILL_AREA_STYLE('',(#8082));
#7954=FILL_AREA_STYLE('',(#8083));
#7955=FILL_AREA_STYLE('',(#8084));
#7956=FILL_AREA_STYLE('',(#8085));
#7957=FILL_AREA_STYLE('',(#8086));
#7958=FILL_AREA_STYLE('',(#8087));
#7959=FILL_AREA_STYLE('',(#8088));
#7960=FILL_AREA_STYLE('',(#8089));
#7961=FILL_AREA_STYLE('',(#8090));
#7962=FILL_AREA_STYLE('',(#8091));
#7963=FILL_AREA_STYLE('',(#8092));
#7964=FILL_AREA_STYLE('',(#8093));
#7965=FILL_AREA_STYLE('',(#8094));
#7966=FILL_AREA_STYLE('',(#8095));
#7967=FILL_AREA_STYLE('',(#8096));
#7968=FILL_AREA_STYLE('',(#8097));
#7969=FILL_AREA_STYLE('',(#8098));
#7970=FILL_AREA_STYLE('',(#8099));
#7971=FILL_AREA_STYLE('',(#8100));
#7972=FILL_AREA_STYLE('',(#8101));
#7973=FILL_AREA_STYLE('',(#8102));
#7974=FILL_AREA_STYLE('',(#8103));
#7975=FILL_AREA_STYLE('',(#8104));
#7976=FILL_AREA_STYLE('',(#8105));
#7977=FILL_AREA_STYLE('',(#8106));
#7978=FILL_AREA_STYLE('',(#8107));
#7979=FILL_AREA_STYLE('',(#8108));
#7980=FILL_AREA_STYLE('',(#8109));
#7981=FILL_AREA_STYLE('',(#8110));
#7982=FILL_AREA_STYLE('',(#8111));
#7983=FILL_AREA_STYLE('',(#8112));
#7984=FILL_AREA_STYLE('',(#8113));
#7985=FILL_AREA_STYLE('',(#8114));
#7986=FILL_AREA_STYLE('',(#8115));
#7987=FILL_AREA_STYLE('',(#8116));
#7988=FILL_AREA_STYLE('',(#8117));
#7989=FILL_AREA_STYLE('',(#8118));
#7990=FILL_AREA_STYLE('',(#8119));
#7991=FILL_AREA_STYLE('',(#8120));
#7992=FILL_AREA_STYLE('',(#8121));
#7993=FILL_AREA_STYLE('',(#8122));
#7994=FILL_AREA_STYLE_COLOUR('',#8123);
#7995=FILL_AREA_STYLE_COLOUR('',#681);
#7996=FILL_AREA_STYLE_COLOUR('',#8124);
#7997=FILL_AREA_STYLE_COLOUR('',#8124);
#7998=FILL_AREA_STYLE_COLOUR('',#8124);
#7999=FILL_AREA_STYLE_COLOUR('',#8124);
#8000=FILL_AREA_STYLE_COLOUR('',#8124);
#8001=FILL_AREA_STYLE_COLOUR('',#8125);
#8002=FILL_AREA_STYLE_COLOUR('',#8124);
#8003=FILL_AREA_STYLE_COLOUR('',#8125);
#8004=FILL_AREA_STYLE_COLOUR('',#8125);
#8005=FILL_AREA_STYLE_COLOUR('',#8125);
#8006=FILL_AREA_STYLE_COLOUR('',#8125);
#8007=FILL_AREA_STYLE_COLOUR('',#8125);
#8008=FILL_AREA_STYLE_COLOUR('',#8125);
#8009=FILL_AREA_STYLE_COLOUR('',#8125);
#8010=FILL_AREA_STYLE_COLOUR('',#8125);
#8011=FILL_AREA_STYLE_COLOUR('',#8125);
#8012=FILL_AREA_STYLE_COLOUR('',#8125);
#8013=FILL_AREA_STYLE_COLOUR('',#8125);
#8014=FILL_AREA_STYLE_COLOUR('',#8125);
#8015=FILL_AREA_STYLE_COLOUR('',#8125);
#8016=FILL_AREA_STYLE_COLOUR('',#8125);
#8017=FILL_AREA_STYLE_COLOUR('',#8125);
#8018=FILL_AREA_STYLE_COLOUR('',#8125);
#8019=FILL_AREA_STYLE_COLOUR('',#8123);
#8020=FILL_AREA_STYLE_COLOUR('',#682);
#8021=FILL_AREA_STYLE_COLOUR('',#8123);
#8022=FILL_AREA_STYLE_COLOUR('',#8123);
#8023=FILL_AREA_STYLE_COLOUR('',#8123);
#8024=FILL_AREA_STYLE_COLOUR('',#8123);
#8025=FILL_AREA_STYLE_COLOUR('',#8123);
#8026=FILL_AREA_STYLE_COLOUR('',#8125);
#8027=FILL_AREA_STYLE_COLOUR('',#8125);
#8028=FILL_AREA_STYLE_COLOUR('',#8125);
#8029=FILL_AREA_STYLE_COLOUR('',#681);
#8030=FILL_AREA_STYLE_COLOUR('',#8125);
#8031=FILL_AREA_STYLE_COLOUR('',#8125);
#8032=FILL_AREA_STYLE_COLOUR('',#8125);
#8033=FILL_AREA_STYLE_COLOUR('',#8125);
#8034=FILL_AREA_STYLE_COLOUR('',#8125);
#8035=FILL_AREA_STYLE_COLOUR('',#8125);
#8036=FILL_AREA_STYLE_COLOUR('',#8125);
#8037=FILL_AREA_STYLE_COLOUR('',#8125);
#8038=FILL_AREA_STYLE_COLOUR('',#8125);
#8039=FILL_AREA_STYLE_COLOUR('',#8125);
#8040=FILL_AREA_STYLE_COLOUR('',#8125);
#8041=FILL_AREA_STYLE_COLOUR('',#8125);
#8042=FILL_AREA_STYLE_COLOUR('',#8125);
#8043=FILL_AREA_STYLE_COLOUR('',#683);
#8044=FILL_AREA_STYLE_COLOUR('',#8123);
#8045=FILL_AREA_STYLE_COLOUR('',#8123);
#8046=FILL_AREA_STYLE_COLOUR('',#8124);
#8047=FILL_AREA_STYLE_COLOUR('',#8125);
#8048=FILL_AREA_STYLE_COLOUR('',#8123);
#8049=FILL_AREA_STYLE_COLOUR('',#8124);
#8050=FILL_AREA_STYLE_COLOUR('',#8123);
#8051=FILL_AREA_STYLE_COLOUR('',#8124);
#8052=FILL_AREA_STYLE_COLOUR('',#8124);
#8053=FILL_AREA_STYLE_COLOUR('',#8124);
#8054=FILL_AREA_STYLE_COLOUR('',#8124);
#8055=FILL_AREA_STYLE_COLOUR('',#683);
#8056=FILL_AREA_STYLE_COLOUR('',#684);
#8057=FILL_AREA_STYLE_COLOUR('',#683);
#8058=FILL_AREA_STYLE_COLOUR('',#8124);
#8059=FILL_AREA_STYLE_COLOUR('',#685);
#8060=FILL_AREA_STYLE_COLOUR('',#685);
#8061=FILL_AREA_STYLE_COLOUR('',#685);
#8062=FILL_AREA_STYLE_COLOUR('',#685);
#8063=FILL_AREA_STYLE_COLOUR('',#683);
#8064=FILL_AREA_STYLE_COLOUR('',#8123);
#8065=FILL_AREA_STYLE_COLOUR('',#685);
#8066=FILL_AREA_STYLE_COLOUR('',#683);
#8067=FILL_AREA_STYLE_COLOUR('',#8124);
#8068=FILL_AREA_STYLE_COLOUR('',#8124);
#8069=FILL_AREA_STYLE_COLOUR('',#8124);
#8070=FILL_AREA_STYLE_COLOUR('',#8123);
#8071=FILL_AREA_STYLE_COLOUR('',#8124);
#8072=FILL_AREA_STYLE_COLOUR('',#8124);
#8073=FILL_AREA_STYLE_COLOUR('',#8124);
#8074=FILL_AREA_STYLE_COLOUR('',#8124);
#8075=FILL_AREA_STYLE_COLOUR('',#8124);
#8076=FILL_AREA_STYLE_COLOUR('',#8124);
#8077=FILL_AREA_STYLE_COLOUR('',#8123);
#8078=FILL_AREA_STYLE_COLOUR('',#8124);
#8079=FILL_AREA_STYLE_COLOUR('',#8124);
#8080=FILL_AREA_STYLE_COLOUR('',#8124);
#8081=FILL_AREA_STYLE_COLOUR('',#8124);
#8082=FILL_AREA_STYLE_COLOUR('',#8124);
#8083=FILL_AREA_STYLE_COLOUR('',#8123);
#8084=FILL_AREA_STYLE_COLOUR('',#8124);
#8085=FILL_AREA_STYLE_COLOUR('',#8124);
#8086=FILL_AREA_STYLE_COLOUR('',#8124);
#8087=FILL_AREA_STYLE_COLOUR('',#8124);
#8088=FILL_AREA_STYLE_COLOUR('',#8124);
#8089=FILL_AREA_STYLE_COLOUR('',#8124);
#8090=FILL_AREA_STYLE_COLOUR('',#8123);
#8091=FILL_AREA_STYLE_COLOUR('',#8124);
#8092=FILL_AREA_STYLE_COLOUR('',#8124);
#8093=FILL_AREA_STYLE_COLOUR('',#8124);
#8094=FILL_AREA_STYLE_COLOUR('',#8124);
#8095=FILL_AREA_STYLE_COLOUR('',#8124);
#8096=FILL_AREA_STYLE_COLOUR('',#8123);
#8097=FILL_AREA_STYLE_COLOUR('',#8124);
#8098=FILL_AREA_STYLE_COLOUR('',#8124);
#8099=FILL_AREA_STYLE_COLOUR('',#8124);
#8100=FILL_AREA_STYLE_COLOUR('',#8124);
#8101=FILL_AREA_STYLE_COLOUR('',#8124);
#8102=FILL_AREA_STYLE_COLOUR('',#8124);
#8103=FILL_AREA_STYLE_COLOUR('',#8123);
#8104=FILL_AREA_STYLE_COLOUR('',#8124);
#8105=FILL_AREA_STYLE_COLOUR('',#8124);
#8106=FILL_AREA_STYLE_COLOUR('',#8124);
#8107=FILL_AREA_STYLE_COLOUR('',#8124);
#8108=FILL_AREA_STYLE_COLOUR('',#8124);
#8109=FILL_AREA_STYLE_COLOUR('',#8124);
#8110=FILL_AREA_STYLE_COLOUR('',#8123);
#8111=FILL_AREA_STYLE_COLOUR('',#8124);
#8112=FILL_AREA_STYLE_COLOUR('',#8124);
#8113=FILL_AREA_STYLE_COLOUR('',#8124);
#8114=FILL_AREA_STYLE_COLOUR('',#8124);
#8115=FILL_AREA_STYLE_COLOUR('',#8124);
#8116=FILL_AREA_STYLE_COLOUR('',#8124);
#8117=FILL_AREA_STYLE_COLOUR('',#8124);
#8118=FILL_AREA_STYLE_COLOUR('',#8123);
#8119=FILL_AREA_STYLE_COLOUR('',#8123);
#8120=FILL_AREA_STYLE_COLOUR('',#8123);
#8121=FILL_AREA_STYLE_COLOUR('',#8125);
#8122=FILL_AREA_STYLE_COLOUR('',#8123);
#8123=DRAUGHTING_PRE_DEFINED_COLOUR('white');
#8124=DRAUGHTING_PRE_DEFINED_COLOUR('black');
#8125=DRAUGHTING_PRE_DEFINED_COLOUR('red');
#8126=MANIFOLD_SOLID_BREP('Part 1',#7315);
#8127=MANIFOLD_SOLID_BREP('Part 1',#7316);
#8128=MANIFOLD_SOLID_BREP('Part 1',#7317);
#8129=MANIFOLD_SOLID_BREP('Part 1',#7318);
#8130=MANIFOLD_SOLID_BREP('Part 1',#7319);
#8131=MANIFOLD_SOLID_BREP('Part 1',#7320);
#8132=MANIFOLD_SOLID_BREP('Part 1',#7321);
#8133=MANIFOLD_SOLID_BREP('Part 1',#7322);
#8134=MANIFOLD_SOLID_BREP('Part 1',#7323);
#8135=MANIFOLD_SOLID_BREP('Part 1',#7324);
#8136=MANIFOLD_SOLID_BREP('Part 1',#7325);
#8137=MANIFOLD_SOLID_BREP('Part 1',#7326);
#8138=MANIFOLD_SOLID_BREP('Part 1',#7327);
#8139=MANIFOLD_SOLID_BREP('Part 1',#7328);
#8140=MANIFOLD_SOLID_BREP('Part 1',#7329);
#8141=MANIFOLD_SOLID_BREP('Part 1',#7330);
#8142=MANIFOLD_SOLID_BREP('Part 1',#7331);
#8143=SHAPE_DEFINITION_REPRESENTATION(#14717,#8162);
#8144=SHAPE_DEFINITION_REPRESENTATION(#14718,#8163);
#8145=SHAPE_DEFINITION_REPRESENTATION(#14720,#8164);
#8146=SHAPE_DEFINITION_REPRESENTATION(#14722,#8165);
#8147=SHAPE_DEFINITION_REPRESENTATION(#14724,#8166);
#8148=SHAPE_DEFINITION_REPRESENTATION(#14726,#8167);
#8149=SHAPE_DEFINITION_REPRESENTATION(#14732,#8168);
#8150=SHAPE_DEFINITION_REPRESENTATION(#14734,#8169);
#8151=SHAPE_DEFINITION_REPRESENTATION(#14739,#8170);
#8152=SHAPE_DEFINITION_REPRESENTATION(#14742,#8171);
#8153=SHAPE_DEFINITION_REPRESENTATION(#14745,#8172);
#8154=SHAPE_DEFINITION_REPRESENTATION(#14746,#8173);
#8155=SHAPE_DEFINITION_REPRESENTATION(#14748,#8174);
#8156=SHAPE_DEFINITION_REPRESENTATION(#14750,#8175);
#8157=SHAPE_DEFINITION_REPRESENTATION(#14752,#8176);
#8158=SHAPE_DEFINITION_REPRESENTATION(#14755,#8177);
#8159=SHAPE_DEFINITION_REPRESENTATION(#14757,#8178);
#8160=SHAPE_DEFINITION_REPRESENTATION(#14759,#8179);
#8161=SHAPE_DEFINITION_REPRESENTATION(#14762,#8180);
#8162=SHAPE_REPRESENTATION('Estes Solar Probe (2051)',(#8181,#8195,#8251,
#8260,#8266,#8275,#8276,#8277,#8278,#8279,#8291,#8305,#8306,#8307,#8308,
#8340,#8341,#8374,#8375,#8445,#8642,#8722,#8731,#8732,#8741,#8742),#14676);
#8163=SHAPE_REPRESENTATION('Part 1',(#8181),#14677);
#8164=SHAPE_REPRESENTATION('Part 1',(#8181),#14678);
#8165=SHAPE_REPRESENTATION('Part 1',(#8181),#14679);
#8166=SHAPE_REPRESENTATION('Part 1',(#8181),#14680);
#8167=SHAPE_REPRESENTATION('Part 1',(#8181),#14681);
#8168=SHAPE_REPRESENTATION('Part 1',(#8181),#14682);
#8169=SHAPE_REPRESENTATION('Part 1',(#8181),#14683);
#8170=SHAPE_REPRESENTATION('Part 1',(#8181),#14684);
#8171=SHAPE_REPRESENTATION('Part 1',(#8181),#14685);
#8172=SHAPE_REPRESENTATION('Estes Solar Prob part <1>',(#8181,#8384,#8404,
#8421,#8444),#14686);
#8173=SHAPE_REPRESENTATION('Part 1',(#8181),#14687);
#8174=SHAPE_REPRESENTATION('Part 1',(#8181),#14688);
#8175=SHAPE_REPRESENTATION('Part 1',(#8181),#14689);
#8176=SHAPE_REPRESENTATION('Part 1',(#8181),#14690);
#8177=SHAPE_REPRESENTATION('Part 1',(#8181),#14691);
#8178=SHAPE_REPRESENTATION('Part 1',(#8181),#14692);
#8179=SHAPE_REPRESENTATION('Part 1',(#8181),#14693);
#8180=SHAPE_REPRESENTATION('Part 1',(#8181),#14694);
#8181=AXIS2_PLACEMENT_3D('',#10200,#8743,#8744);
#8182=AXIS2_PLACEMENT_3D('',#10201,#8745,#8746);
#8183=AXIS2_PLACEMENT_3D('',#10210,#8751,#8752);
#8184=AXIS2_PLACEMENT_3D('',#10211,#8753,#8754);
#8185=AXIS2_PLACEMENT_3D('',#10215,#8756,#8757);
#8186=AXIS2_PLACEMENT_3D('',#10216,#8758,#8759);
#8187=AXIS2_PLACEMENT_3D('',#10222,#8763,#8764);
#8188=AXIS2_PLACEMENT_3D('',#10223,#8765,#8766);
#8189=AXIS2_PLACEMENT_3D('',#10224,#8767,#8768);
#8190=AXIS2_PLACEMENT_3D('',#10225,#8769,#8770);
#8191=AXIS2_PLACEMENT_3D('',#10226,#8771,#8772);
#8192=AXIS2_PLACEMENT_3D('',#10228,#8773,#8774);
#8193=AXIS2_PLACEMENT_3D('',#10230,#8775,#8776);
#8194=AXIS2_PLACEMENT_3D('',#10231,#8777,#8778);
#8195=AXIS2_PLACEMENT_3D('',#10232,#8779,#8780);
#8196=AXIS2_PLACEMENT_3D('',#10233,#8781,#8782);
#8197=AXIS2_PLACEMENT_3D('',#10239,#8785,#8786);
#8198=AXIS2_PLACEMENT_3D('',#10243,#8788,#8789);
#8199=AXIS2_PLACEMENT_3D('',#10247,#8791,#8792);
#8200=AXIS2_PLACEMENT_3D('',#10251,#8794,#8795);
#8201=AXIS2_PLACEMENT_3D('',#10255,#8797,#8798);
#8202=AXIS2_PLACEMENT_3D('',#10259,#8800,#8801);
#8203=AXIS2_PLACEMENT_3D('',#10267,#8805,#8806);
#8204=AXIS2_PLACEMENT_3D('',#10271,#8808,#8809);
#8205=AXIS2_PLACEMENT_3D('',#10275,#8811,#8812);
#8206=AXIS2_PLACEMENT_3D('',#10279,#8814,#8815);
#8207=AXIS2_PLACEMENT_3D('',#10283,#8817,#8818);
#8208=AXIS2_PLACEMENT_3D('',#10287,#8820,#8821);
#8209=AXIS2_PLACEMENT_3D('',#10290,#8823,#8824);
#8210=AXIS2_PLACEMENT_3D('',#10315,#8837,#8838);
#8211=AXIS2_PLACEMENT_3D('',#10332,#8847,#8848);
#8212=AXIS2_PLACEMENT_3D('',#10336,#8850,#8851);
#8213=AXIS2_PLACEMENT_3D('',#10340,#8853,#8854);
#8214=AXIS2_PLACEMENT_3D('',#10344,#8856,#8857);
#8215=AXIS2_PLACEMENT_3D('',#10348,#8859,#8860);
#8216=AXIS2_PLACEMENT_3D('',#10352,#8862,#8863);
#8217=AXIS2_PLACEMENT_3D('',#10356,#8865,#8866);
#8218=AXIS2_PLACEMENT_3D('',#10364,#8870,#8871);
#8219=AXIS2_PLACEMENT_3D('',#10368,#8873,#8874);
#8220=AXIS2_PLACEMENT_3D('',#10372,#8876,#8877);
#8221=AXIS2_PLACEMENT_3D('',#10376,#8879,#8880);
#8222=AXIS2_PLACEMENT_3D('',#10380,#8882,#8883);
#8223=AXIS2_PLACEMENT_3D('',#10384,#8885,#8886);
#8224=AXIS2_PLACEMENT_3D('',#10389,#8889,#8890);
#8225=AXIS2_PLACEMENT_3D('',#10414,#8903,#8904);
#8226=AXIS2_PLACEMENT_3D('',#10418,#8906,#8907);
#8227=AXIS2_PLACEMENT_3D('',#10419,#8908,#8909);
#8228=AXIS2_PLACEMENT_3D('',#10420,#8910,#8911);
#8229=AXIS2_PLACEMENT_3D('',#10425,#8913,#8914);
#8230=AXIS2_PLACEMENT_3D('',#10429,#8916,#8917);
#8231=AXIS2_PLACEMENT_3D('',#10431,#8918,#8919);
#8232=AXIS2_PLACEMENT_3D('',#10432,#8920,#8921);
#8233=AXIS2_PLACEMENT_3D('',#10434,#8922,#8923);
#8234=AXIS2_PLACEMENT_3D('',#10447,#8929,#8930);
#8235=AXIS2_PLACEMENT_3D('',#10454,#8934,#8935);
#8236=AXIS2_PLACEMENT_3D('',#10455,#8936,#8937);
#8237=AXIS2_PLACEMENT_3D('',#10456,#8938,#8939);
#8238=AXIS2_PLACEMENT_3D('',#10457,#8940,#8941);
#8239=AXIS2_PLACEMENT_3D('',#10458,#8942,#8943);
#8240=AXIS2_PLACEMENT_3D('',#10461,#8944,#8945);
#8241=AXIS2_PLACEMENT_3D('',#10465,#8947,#8948);
#8242=AXIS2_PLACEMENT_3D('',#10467,#8949,#8950);
#8243=AXIS2_PLACEMENT_3D('',#10470,#8952,#8953);
#8244=AXIS2_PLACEMENT_3D('',#10471,#8954,#8955);
#8245=AXIS2_PLACEMENT_3D('',#10474,#8956,#8957);
#8246=AXIS2_PLACEMENT_3D('',#10481,#8961,#8962);
#8247=AXIS2_PLACEMENT_3D('',#10499,#8965,#8966);
#8248=AXIS2_PLACEMENT_3D('',#10506,#8971,#8972);
#8249=AXIS2_PLACEMENT_3D('',#10615,#8980,#8981);
#8250=AXIS2_PLACEMENT_3D('',#10617,#8983,#8984);
#8251=AXIS2_PLACEMENT_3D('',#10618,#8985,#8986);
#8252=AXIS2_PLACEMENT_3D('',#10619,#8987,#8988);
#8253=AXIS2_PLACEMENT_3D('',#10620,#8989,#8990);
#8254=AXIS2_PLACEMENT_3D('',#10622,#8991,#8992);
#8255=AXIS2_PLACEMENT_3D('',#10624,#8993,#8994);
#8256=AXIS2_PLACEMENT_3D('',#10625,#8995,#8996);
#8257=AXIS2_PLACEMENT_3D('',#10627,#8997,#8998);
#8258=AXIS2_PLACEMENT_3D('',#10628,#8999,#9000);
#8259=AXIS2_PLACEMENT_3D('',#10630,#9001,#9002);
#8260=AXIS2_PLACEMENT_3D('',#10631,#9003,#9004);
#8261=AXIS2_PLACEMENT_3D('',#10632,#9005,#9006);
#8262=AXIS2_PLACEMENT_3D('',#10633,#9007,#9008);
#8263=AXIS2_PLACEMENT_3D('',#10635,#9009,#9010);
#8264=AXIS2_PLACEMENT_3D('',#10636,#9011,#9012);
#8265=AXIS2_PLACEMENT_3D('',#10638,#9013,#9014);
#8266=AXIS2_PLACEMENT_3D('',#10639,#9015,#9016);
#8267=AXIS2_PLACEMENT_3D('',#10640,#9017,#9018);
#8268=AXIS2_PLACEMENT_3D('',#10641,#9019,#9020);
#8269=AXIS2_PLACEMENT_3D('',#10643,#9021,#9022);
#8270=AXIS2_PLACEMENT_3D('',#10645,#9023,#9024);
#8271=AXIS2_PLACEMENT_3D('',#10646,#9025,#9026);
#8272=AXIS2_PLACEMENT_3D('',#10648,#9027,#9028);
#8273=AXIS2_PLACEMENT_3D('',#10650,#9029,#9030);
#8274=AXIS2_PLACEMENT_3D('',#10651,#9031,#9032);
#8275=AXIS2_PLACEMENT_3D('',#10652,#9033,#9034);
#8276=AXIS2_PLACEMENT_3D('',#10653,#9035,#9036);
#8277=AXIS2_PLACEMENT_3D('',#10654,#9037,#9038);
#8278=AXIS2_PLACEMENT_3D('',#10655,#9039,#9040);
#8279=AXIS2_PLACEMENT_3D('',#10656,#9041,#9042);
#8280=AXIS2_PLACEMENT_3D('',#10657,#9043,#9044);
#8281=AXIS2_PLACEMENT_3D('',#10658,#9045,#9046);
#8282=AXIS2_PLACEMENT_3D('',#10660,#9047,#9048);
#8283=AXIS2_PLACEMENT_3D('',#10662,#9049,#9050);
#8284=AXIS2_PLACEMENT_3D('',#10663,#9051,#9052);
#8285=AXIS2_PLACEMENT_3D('',#10665,#9053,#9054);
#8286=AXIS2_PLACEMENT_3D('',#10666,#9055,#9056);
#8287=AXIS2_PLACEMENT_3D('',#10668,#9057,#9058);
#8288=AXIS2_PLACEMENT_3D('',#10669,#9059,#9060);
#8289=AXIS2_PLACEMENT_3D('',#10671,#9061,#9062);
#8290=AXIS2_PLACEMENT_3D('',#10672,#9063,#9064);
#8291=AXIS2_PLACEMENT_3D('',#10673,#9065,#9066);
#8292=AXIS2_PLACEMENT_3D('',#10674,#9067,#9068);
#8293=AXIS2_PLACEMENT_3D('',#10675,#9069,#9070);
#8294=AXIS2_PLACEMENT_3D('',#10678,#9071,#9072);
#8295=AXIS2_PLACEMENT_3D('',#10682,#9074,#9075);
#8296=AXIS2_PLACEMENT_3D('',#10684,#9076,#9077);
#8297=AXIS2_PLACEMENT_3D('',#10687,#9079,#9080);
#8298=AXIS2_PLACEMENT_3D('',#10688,#9081,#9082);
#8299=AXIS2_PLACEMENT_3D('',#10691,#9083,#9084);
#8300=AXIS2_PLACEMENT_3D('',#10698,#9088,#9089);
#8301=AXIS2_PLACEMENT_3D('',#10716,#9092,#9093);
#8302=AXIS2_PLACEMENT_3D('',#10723,#9098,#9099);
#8303=AXIS2_PLACEMENT_3D('',#10832,#9107,#9108);
#8304=AXIS2_PLACEMENT_3D('',#10834,#9110,#9111);
#8305=AXIS2_PLACEMENT_3D('',#10835,#9112,#9113);
#8306=AXIS2_PLACEMENT_3D('',#10836,#9114,#9115);
#8307=AXIS2_PLACEMENT_3D('',#10837,#9116,#9117);
#8308=AXIS2_PLACEMENT_3D('',#10838,#9118,#9119);
#8309=AXIS2_PLACEMENT_3D('',#10839,#9120,#9121);
#8310=AXIS2_PLACEMENT_3D('',#10840,#9122,#9123);
#8311=AXIS2_PLACEMENT_3D('',#10842,#9124,#9125);
#8312=AXIS2_PLACEMENT_3D('',#10847,#9127,#9128);
#8313=AXIS2_PLACEMENT_3D('',#10851,#9130,#9131);
#8314=AXIS2_PLACEMENT_3D('',#10855,#9133,#9134);
#8315=AXIS2_PLACEMENT_3D('',#10859,#9136,#9137);
#8316=AXIS2_PLACEMENT_3D('',#10863,#9139,#9140);
#8317=AXIS2_PLACEMENT_3D('',#10867,#9142,#9143);
#8318=AXIS2_PLACEMENT_3D('',#10871,#9145,#9146);
#8319=AXIS2_PLACEMENT_3D('',#10874,#9148,#9149);
#8320=AXIS2_PLACEMENT_3D('',#10875,#9150,#9151);
#8321=AXIS2_PLACEMENT_3D('',#10877,#9152,#9153);
#8322=AXIS2_PLACEMENT_3D('',#10880,#9154,#9155);
#8323=AXIS2_PLACEMENT_3D('',#10884,#9157,#9158);
#8324=AXIS2_PLACEMENT_3D('',#10888,#9160,#9161);
#8325=AXIS2_PLACEMENT_3D('',#10892,#9163,#9164);
#8326=AXIS2_PLACEMENT_3D('',#10896,#9166,#9167);
#8327=AXIS2_PLACEMENT_3D('',#10900,#9169,#9170);
#8328=AXIS2_PLACEMENT_3D('',#10904,#9172,#9173);
#8329=AXIS2_PLACEMENT_3D('',#10908,#9175,#9176);
#8330=AXIS2_PLACEMENT_3D('',#10912,#9178,#9179);
#8331=AXIS2_PLACEMENT_3D('',#10913,#9180,#9181);
#8332=AXIS2_PLACEMENT_3D('',#10916,#9184,#9185);
#8333=AXIS2_PLACEMENT_3D('',#10917,#9186,#9187);
#8334=AXIS2_PLACEMENT_3D('',#10919,#9188,#9189);
#8335=AXIS2_PLACEMENT_3D('',#10920,#9190,#9191);
#8336=AXIS2_PLACEMENT_3D('',#10922,#9192,#9193);
#8337=AXIS2_PLACEMENT_3D('',#10923,#9194,#9195);
#8338=AXIS2_PLACEMENT_3D('',#10924,#9196,#9197);
#8339=AXIS2_PLACEMENT_3D('',#10926,#9198,#9199);
#8340=AXIS2_PLACEMENT_3D('',#10927,#9200,#9201);
#8341=AXIS2_PLACEMENT_3D('',#10928,#9202,#9203);
#8342=AXIS2_PLACEMENT_3D('',#10929,#9204,#9205);
#8343=AXIS2_PLACEMENT_3D('',#10948,#9206,#9207);
#8344=AXIS2_PLACEMENT_3D('',#10967,#9208,#9209);
#8345=AXIS2_PLACEMENT_3D('',#10980,#9210,#9211);
#8346=AXIS2_PLACEMENT_3D('',#10998,#9212,#9213);
#8347=AXIS2_PLACEMENT_3D('',#11004,#9214,#9215);
#8348=AXIS2_PLACEMENT_3D('',#11005,#9216,#9217);
#8349=AXIS2_PLACEMENT_3D('',#11007,#9218,#9219);
#8350=AXIS2_PLACEMENT_3D('',#11009,#9220,#9221);
#8351=AXIS2_PLACEMENT_3D('',#11029,#9222,#9223);
#8352=AXIS2_PLACEMENT_3D('',#11047,#9224,#9225);
#8353=AXIS2_PLACEMENT_3D('',#11067,#9226,#9227);
#8354=AXIS2_PLACEMENT_3D('',#11085,#9228,#9229);
#8355=AXIS2_PLACEMENT_3D('',#11105,#9230,#9231);
#8356=AXIS2_PLACEMENT_3D('',#11123,#9232,#9233);
#8357=AXIS2_PLACEMENT_3D('',#11131,#9234,#9235);
#8358=AXIS2_PLACEMENT_3D('',#11149,#9236,#9237);
#8359=AXIS2_PLACEMENT_3D('',#11160,#9238,#9239);
#8360=AXIS2_PLACEMENT_3D('',#11161,#9240,#9241);
#8361=AXIS2_PLACEMENT_3D('',#11169,#9242,#9243);
#8362=AXIS2_PLACEMENT_3D('',#11187,#9244,#9245);
#8363=AXIS2_PLACEMENT_3D('',#11198,#9246,#9247);
#8364=AXIS2_PLACEMENT_3D('',#11199,#9248,#9249);
#8365=AXIS2_PLACEMENT_3D('',#11211,#9250,#9251);
#8366=AXIS2_PLACEMENT_3D('',#11229,#9252,#9253);
#8367=AXIS2_PLACEMENT_3D('',#11236,#9254,#9255);
#8368=AXIS2_PLACEMENT_3D('',#11237,#9256,#9257);
#8369=AXIS2_PLACEMENT_3D('',#11238,#9258,#9259);
#8370=AXIS2_PLACEMENT_3D('',#11240,#9260,#9261);
#8371=AXIS2_PLACEMENT_3D('',#11241,#9262,#9263);
#8372=AXIS2_PLACEMENT_3D('',#11243,#9264,#9265);
#8373=AXIS2_PLACEMENT_3D('',#11244,#9266,#9267);
#8374=AXIS2_PLACEMENT_3D('',#11245,#9268,#9269);
#8375=AXIS2_PLACEMENT_3D('',#11246,#9270,#9271);
#8376=AXIS2_PLACEMENT_3D('',#11247,#9272,#9273);
#8377=AXIS2_PLACEMENT_3D('',#11248,#9274,#9275);
#8378=AXIS2_PLACEMENT_3D('',#11250,#9276,#9277);
#8379=AXIS2_PLACEMENT_3D('',#11252,#9278,#9279);
#8380=AXIS2_PLACEMENT_3D('',#11253,#9280,#9281);
#8381=AXIS2_PLACEMENT_3D('',#11255,#9282,#9283);
#8382=AXIS2_PLACEMENT_3D('',#11256,#9284,#9285);
#8383=AXIS2_PLACEMENT_3D('',#11258,#9286,#9287);
#8384=AXIS2_PLACEMENT_3D('',#11259,#9288,#9289);
#8385=AXIS2_PLACEMENT_3D('',#11260,#9290,#9291);
#8386=AXIS2_PLACEMENT_3D('',#11261,#9292,#9293);
#8387=AXIS2_PLACEMENT_3D('',#11263,#9294,#9295);
#8388=AXIS2_PLACEMENT_3D('',#11264,#9296,#9297);
#8389=AXIS2_PLACEMENT_3D('',#11266,#9298,#9299);
#8390=AXIS2_PLACEMENT_3D('',#11267,#9300,#9301);
#8391=AXIS2_PLACEMENT_3D('',#11269,#9302,#9303);
#8392=AXIS2_PLACEMENT_3D('',#11270,#9304,#9305);
#8393=AXIS2_PLACEMENT_3D('',#11272,#9306,#9307);
#8394=AXIS2_PLACEMENT_3D('',#11273,#9308,#9309);
#8395=AXIS2_PLACEMENT_3D('',#11275,#9310,#9311);
#8396=AXIS2_PLACEMENT_3D('',#11276,#9312,#9313);
#8397=AXIS2_PLACEMENT_3D('',#11278,#9314,#9315);
#8398=AXIS2_PLACEMENT_3D('',#11279,#9316,#9317);
#8399=AXIS2_PLACEMENT_3D('',#11281,#9318,#9319);
#8400=AXIS2_PLACEMENT_3D('',#11282,#9320,#9321);
#8401=AXIS2_PLACEMENT_3D('',#11284,#9322,#9323);
#8402=AXIS2_PLACEMENT_3D('',#11285,#9324,#9325);
#8403=AXIS2_PLACEMENT_3D('',#11287,#9326,#9327);
#8404=AXIS2_PLACEMENT_3D('',#11288,#9328,#9329);
#8405=AXIS2_PLACEMENT_3D('',#11289,#9330,#9331);
#8406=AXIS2_PLACEMENT_3D('',#11290,#9332,#9333);
#8407=AXIS2_PLACEMENT_3D('',#11292,#9334,#9335);
#8408=AXIS2_PLACEMENT_3D('',#11307,#9337,#9338);
#8409=AXIS2_PLACEMENT_3D('',#11310,#9340,#9341);
#8410=AXIS2_PLACEMENT_3D('',#11311,#9342,#9343);
#8411=AXIS2_PLACEMENT_3D('',#11313,#9344,#9345);
#8412=AXIS2_PLACEMENT_3D('',#11318,#9347,#9348);
#8413=AXIS2_PLACEMENT_3D('',#11327,#9350,#9351);
#8414=AXIS2_PLACEMENT_3D('',#11328,#9352,#9353);
#8415=AXIS2_PLACEMENT_3D('',#11329,#9354,#9355);
#8416=AXIS2_PLACEMENT_3D('',#11332,#9358,#9359);
#8417=AXIS2_PLACEMENT_3D('',#11333,#9360,#9361);
#8418=AXIS2_PLACEMENT_3D('',#11334,#9362,#9363);
#8419=AXIS2_PLACEMENT_3D('',#11335,#9364,#9365);
#8420=AXIS2_PLACEMENT_3D('',#11336,#9366,#9367);
#8421=AXIS2_PLACEMENT_3D('',#11337,#9368,#9369);
#8422=AXIS2_PLACEMENT_3D('',#11338,#9370,#9371);
#8423=AXIS2_PLACEMENT_3D('',#11339,#9372,#9373);
#8424=AXIS2_PLACEMENT_3D('',#11344,#9375,#9376);
#8425=AXIS2_PLACEMENT_3D('',#11347,#9378,#9379);
#8426=AXIS2_PLACEMENT_3D('',#11353,#9383,#9384);
#8427=AXIS2_PLACEMENT_3D('',#11354,#9385,#9386);
#8428=AXIS2_PLACEMENT_3D('',#11358,#9388,#9389);
#8429=AXIS2_PLACEMENT_3D('',#11359,#9390,#9391);
#8430=AXIS2_PLACEMENT_3D('',#11365,#9395,#9396);
#8431=AXIS2_PLACEMENT_3D('',#11371,#9400,#9401);
#8432=AXIS2_PLACEMENT_3D('',#11377,#9405,#9406);
#8433=AXIS2_PLACEMENT_3D('',#11378,#9407,#9408);
#8434=AXIS2_PLACEMENT_3D('',#11382,#9410,#9411);
#8435=AXIS2_PLACEMENT_3D('',#11383,#9412,#9413);
#8436=AXIS2_PLACEMENT_3D('',#11389,#9417,#9418);
#8437=AXIS2_PLACEMENT_3D('',#11390,#9419,#9420);
#8438=AXIS2_PLACEMENT_3D('',#11394,#9422,#9423);
#8439=AXIS2_PLACEMENT_3D('',#11395,#9424,#9425);
#8440=AXIS2_PLACEMENT_3D('',#11401,#9429,#9430);
#8441=AXIS2_PLACEMENT_3D('',#11407,#9434,#9435);
#8442=AXIS2_PLACEMENT_3D('',#11410,#9438,#9439);
#8443=AXIS2_PLACEMENT_3D('',#11411,#9440,#9441);
#8444=AXIS2_PLACEMENT_3D('',#11412,#9442,#9443);
#8445=AXIS2_PLACEMENT_3D('',#11413,#9444,#9445);
#8446=AXIS2_PLACEMENT_3D('',#11414,#9446,#9447);
#8447=AXIS2_PLACEMENT_3D('',#11426,#9448,#9449);
#8448=AXIS2_PLACEMENT_3D('',#11433,#9450,#9451);
#8449=AXIS2_PLACEMENT_3D('',#11440,#9452,#9453);
#8450=AXIS2_PLACEMENT_3D('',#11451,#9454,#9455);
#8451=AXIS2_PLACEMENT_3D('',#11452,#9456,#9457);
#8452=AXIS2_PLACEMENT_3D('',#11512,#9459,#9460);
#8453=AXIS2_PLACEMENT_3D('',#11537,#9461,#9462);
#8454=AXIS2_PLACEMENT_3D('',#11538,#9463,#9464);
#8455=AXIS2_PLACEMENT_3D('',#11539,#9465,#9466);
#8456=AXIS2_PLACEMENT_3D('',#11553,#9468,#9469);
#8457=AXIS2_PLACEMENT_3D('',#11567,#9471,#9472);
#8458=AXIS2_PLACEMENT_3D('',#11581,#9474,#9475);
#8459=AXIS2_PLACEMENT_3D('',#11582,#9476,#9477);
#8460=AXIS2_PLACEMENT_3D('',#11596,#9479,#9480);
#8461=AXIS2_PLACEMENT_3D('',#11606,#9481,#9482);
#8462=AXIS2_PLACEMENT_3D('',#11620,#9484,#9485);
#8463=AXIS2_PLACEMENT_3D('',#11634,#9486,#9487);
#8464=AXIS2_PLACEMENT_3D('',#11648,#9489,#9490);
#8465=AXIS2_PLACEMENT_3D('',#11649,#9491,#9492);
#8466=AXIS2_PLACEMENT_3D('',#11663,#9494,#9495);
#8467=AXIS2_PLACEMENT_3D('',#11688,#9497,#9498);
#8468=AXIS2_PLACEMENT_3D('',#11702,#9500,#9501);
#8469=AXIS2_PLACEMENT_3D('',#11726,#9504,#9505);
#8470=AXIS2_PLACEMENT_3D('',#11740,#9507,#9508);
#8471=AXIS2_PLACEMENT_3D('',#11741,#9509,#9510);
#8472=AXIS2_PLACEMENT_3D('',#11748,#9511,#9512);
#8473=AXIS2_PLACEMENT_3D('',#11772,#9515,#9516);
#8474=AXIS2_PLACEMENT_3D('',#11786,#9518,#9519);
#8475=AXIS2_PLACEMENT_3D('',#11788,#9520,#9521);
#8476=AXIS2_PLACEMENT_3D('',#11806,#9524,#9525);
#8477=AXIS2_PLACEMENT_3D('',#11823,#9527,#9528);
#8478=AXIS2_PLACEMENT_3D('',#11837,#9530,#9531);
#8479=AXIS2_PLACEMENT_3D('',#11851,#9533,#9534);
#8480=AXIS2_PLACEMENT_3D('',#11876,#9536,#9537);
#8481=AXIS2_PLACEMENT_3D('',#11890,#9539,#9540);
#8482=AXIS2_PLACEMENT_3D('',#11898,#9542,#9543);
#8483=AXIS2_PLACEMENT_3D('',#11923,#9544,#9545);
#8484=AXIS2_PLACEMENT_3D('',#11924,#9546,#9547);
#8485=AXIS2_PLACEMENT_3D('',#11931,#9548,#9549);
#8486=AXIS2_PLACEMENT_3D('',#11955,#9552,#9553);
#8487=AXIS2_PLACEMENT_3D('',#11987,#9556,#9557);
#8488=AXIS2_PLACEMENT_3D('',#12001,#9559,#9560);
#8489=AXIS2_PLACEMENT_3D('',#12019,#9563,#9564);
#8490=AXIS2_PLACEMENT_3D('',#12041,#9567,#9568);
#8491=AXIS2_PLACEMENT_3D('',#12065,#9571,#9572);
#8492=AXIS2_PLACEMENT_3D('',#12097,#9575,#9576);
#8493=AXIS2_PLACEMENT_3D('',#12103,#9577,#9578);
#8494=AXIS2_PLACEMENT_3D('',#12115,#9579,#9580);
#8495=AXIS2_PLACEMENT_3D('',#12122,#9581,#9582);
#8496=AXIS2_PLACEMENT_3D('',#12129,#9583,#9584);
#8497=AXIS2_PLACEMENT_3D('',#12140,#9585,#9586);
#8498=AXIS2_PLACEMENT_3D('',#12141,#9587,#9588);
#8499=AXIS2_PLACEMENT_3D('',#12201,#9590,#9591);
#8500=AXIS2_PLACEMENT_3D('',#12226,#9592,#9593);
#8501=AXIS2_PLACEMENT_3D('',#12227,#9594,#9595);
#8502=AXIS2_PLACEMENT_3D('',#12228,#9596,#9597);
#8503=AXIS2_PLACEMENT_3D('',#12242,#9599,#9600);
#8504=AXIS2_PLACEMENT_3D('',#12256,#9602,#9603);
#8505=AXIS2_PLACEMENT_3D('',#12270,#9605,#9606);
#8506=AXIS2_PLACEMENT_3D('',#12271,#9607,#9608);
#8507=AXIS2_PLACEMENT_3D('',#12285,#9610,#9611);
#8508=AXIS2_PLACEMENT_3D('',#12295,#9612,#9613);
#8509=AXIS2_PLACEMENT_3D('',#12309,#9615,#9616);
#8510=AXIS2_PLACEMENT_3D('',#12323,#9617,#9618);
#8511=AXIS2_PLACEMENT_3D('',#12337,#9620,#9621);
#8512=AXIS2_PLACEMENT_3D('',#12338,#9622,#9623);
#8513=AXIS2_PLACEMENT_3D('',#12352,#9625,#9626);
#8514=AXIS2_PLACEMENT_3D('',#12377,#9628,#9629);
#8515=AXIS2_PLACEMENT_3D('',#12391,#9631,#9632);
#8516=AXIS2_PLACEMENT_3D('',#12415,#9635,#9636);
#8517=AXIS2_PLACEMENT_3D('',#12429,#9638,#9639);
#8518=AXIS2_PLACEMENT_3D('',#12430,#9640,#9641);
#8519=AXIS2_PLACEMENT_3D('',#12437,#9642,#9643);
#8520=AXIS2_PLACEMENT_3D('',#12461,#9646,#9647);
#8521=AXIS2_PLACEMENT_3D('',#12475,#9649,#9650);
#8522=AXIS2_PLACEMENT_3D('',#12477,#9651,#9652);
#8523=AXIS2_PLACEMENT_3D('',#12495,#9655,#9656);
#8524=AXIS2_PLACEMENT_3D('',#12512,#9658,#9659);
#8525=AXIS2_PLACEMENT_3D('',#12526,#9661,#9662);
#8526=AXIS2_PLACEMENT_3D('',#12540,#9664,#9665);
#8527=AXIS2_PLACEMENT_3D('',#12565,#9667,#9668);
#8528=AXIS2_PLACEMENT_3D('',#12579,#9670,#9671);
#8529=AXIS2_PLACEMENT_3D('',#12587,#9673,#9674);
#8530=AXIS2_PLACEMENT_3D('',#12612,#9675,#9676);
#8531=AXIS2_PLACEMENT_3D('',#12613,#9677,#9678);
#8532=AXIS2_PLACEMENT_3D('',#12620,#9679,#9680);
#8533=AXIS2_PLACEMENT_3D('',#12644,#9683,#9684);
#8534=AXIS2_PLACEMENT_3D('',#12676,#9687,#9688);
#8535=AXIS2_PLACEMENT_3D('',#12690,#9690,#9691);
#8536=AXIS2_PLACEMENT_3D('',#12708,#9694,#9695);
#8537=AXIS2_PLACEMENT_3D('',#12730,#9698,#9699);
#8538=AXIS2_PLACEMENT_3D('',#12754,#9702,#9703);
#8539=AXIS2_PLACEMENT_3D('',#12786,#9706,#9707);
#8540=AXIS2_PLACEMENT_3D('',#12792,#9708,#9709);
#8541=AXIS2_PLACEMENT_3D('',#12804,#9710,#9711);
#8542=AXIS2_PLACEMENT_3D('',#12811,#9712,#9713);
#8543=AXIS2_PLACEMENT_3D('',#12818,#9714,#9715);
#8544=AXIS2_PLACEMENT_3D('',#12829,#9716,#9717);
#8545=AXIS2_PLACEMENT_3D('',#12830,#9718,#9719);
#8546=AXIS2_PLACEMENT_3D('',#12890,#9721,#9722);
#8547=AXIS2_PLACEMENT_3D('',#12915,#9723,#9724);
#8548=AXIS2_PLACEMENT_3D('',#12916,#9725,#9726);
#8549=AXIS2_PLACEMENT_3D('',#12917,#9727,#9728);
#8550=AXIS2_PLACEMENT_3D('',#12931,#9730,#9731);
#8551=AXIS2_PLACEMENT_3D('',#12945,#9733,#9734);
#8552=AXIS2_PLACEMENT_3D('',#12959,#9736,#9737);
#8553=AXIS2_PLACEMENT_3D('',#12960,#9738,#9739);
#8554=AXIS2_PLACEMENT_3D('',#12974,#9741,#9742);
#8555=AXIS2_PLACEMENT_3D('',#12984,#9743,#9744);
#8556=AXIS2_PLACEMENT_3D('',#12998,#9746,#9747);
#8557=AXIS2_PLACEMENT_3D('',#13012,#9748,#9749);
#8558=AXIS2_PLACEMENT_3D('',#13026,#9751,#9752);
#8559=AXIS2_PLACEMENT_3D('',#13027,#9753,#9754);
#8560=AXIS2_PLACEMENT_3D('',#13041,#9756,#9757);
#8561=AXIS2_PLACEMENT_3D('',#13066,#9759,#9760);
#8562=AXIS2_PLACEMENT_3D('',#13080,#9762,#9763);
#8563=AXIS2_PLACEMENT_3D('',#13104,#9766,#9767);
#8564=AXIS2_PLACEMENT_3D('',#13118,#9769,#9770);
#8565=AXIS2_PLACEMENT_3D('',#13119,#9771,#9772);
#8566=AXIS2_PLACEMENT_3D('',#13126,#9773,#9774);
#8567=AXIS2_PLACEMENT_3D('',#13150,#9777,#9778);
#8568=AXIS2_PLACEMENT_3D('',#13164,#9780,#9781);
#8569=AXIS2_PLACEMENT_3D('',#13166,#9782,#9783);
#8570=AXIS2_PLACEMENT_3D('',#13184,#9786,#9787);
#8571=AXIS2_PLACEMENT_3D('',#13201,#9789,#9790);
#8572=AXIS2_PLACEMENT_3D('',#13215,#9792,#9793);
#8573=AXIS2_PLACEMENT_3D('',#13229,#9795,#9796);
#8574=AXIS2_PLACEMENT_3D('',#13254,#9798,#9799);
#8575=AXIS2_PLACEMENT_3D('',#13268,#9801,#9802);
#8576=AXIS2_PLACEMENT_3D('',#13276,#9804,#9805);
#8577=AXIS2_PLACEMENT_3D('',#13301,#9806,#9807);
#8578=AXIS2_PLACEMENT_3D('',#13302,#9808,#9809);
#8579=AXIS2_PLACEMENT_3D('',#13309,#9810,#9811);
#8580=AXIS2_PLACEMENT_3D('',#13333,#9814,#9815);
#8581=AXIS2_PLACEMENT_3D('',#13365,#9818,#9819);
#8582=AXIS2_PLACEMENT_3D('',#13379,#9821,#9822);
#8583=AXIS2_PLACEMENT_3D('',#13397,#9825,#9826);
#8584=AXIS2_PLACEMENT_3D('',#13419,#9829,#9830);
#8585=AXIS2_PLACEMENT_3D('',#13443,#9833,#9834);
#8586=AXIS2_PLACEMENT_3D('',#13475,#9837,#9838);
#8587=AXIS2_PLACEMENT_3D('',#13481,#9839,#9840);
#8588=AXIS2_PLACEMENT_3D('',#13493,#9841,#9842);
#8589=AXIS2_PLACEMENT_3D('',#13500,#9843,#9844);
#8590=AXIS2_PLACEMENT_3D('',#13507,#9845,#9846);
#8591=AXIS2_PLACEMENT_3D('',#13518,#9847,#9848);
#8592=AXIS2_PLACEMENT_3D('',#13519,#9849,#9850);
#8593=AXIS2_PLACEMENT_3D('',#13579,#9852,#9853);
#8594=AXIS2_PLACEMENT_3D('',#13604,#9854,#9855);
#8595=AXIS2_PLACEMENT_3D('',#13605,#9856,#9857);
#8596=AXIS2_PLACEMENT_3D('',#13619,#9859,#9860);
#8597=AXIS2_PLACEMENT_3D('',#13633,#9862,#9863);
#8598=AXIS2_PLACEMENT_3D('',#13647,#9865,#9866);
#8599=AXIS2_PLACEMENT_3D('',#13648,#9867,#9868);
#8600=AXIS2_PLACEMENT_3D('',#13649,#9869,#9870);
#8601=AXIS2_PLACEMENT_3D('',#13663,#9872,#9873);
#8602=AXIS2_PLACEMENT_3D('',#13673,#9874,#9875);
#8603=AXIS2_PLACEMENT_3D('',#13687,#9877,#9878);
#8604=AXIS2_PLACEMENT_3D('',#13701,#9879,#9880);
#8605=AXIS2_PLACEMENT_3D('',#13715,#9882,#9883);
#8606=AXIS2_PLACEMENT_3D('',#13716,#9884,#9885);
#8607=AXIS2_PLACEMENT_3D('',#13723,#9886,#9887);
#8608=AXIS2_PLACEMENT_3D('',#13747,#9890,#9891);
#8609=AXIS2_PLACEMENT_3D('',#13761,#9893,#9894);
#8610=AXIS2_PLACEMENT_3D('',#13763,#9895,#9896);
#8611=AXIS2_PLACEMENT_3D('',#13781,#9899,#9900);
#8612=AXIS2_PLACEMENT_3D('',#13798,#9902,#9903);
#8613=AXIS2_PLACEMENT_3D('',#13812,#9905,#9906);
#8614=AXIS2_PLACEMENT_3D('',#13826,#9908,#9909);
#8615=AXIS2_PLACEMENT_3D('',#13851,#9911,#9912);
#8616=AXIS2_PLACEMENT_3D('',#13865,#9914,#9915);
#8617=AXIS2_PLACEMENT_3D('',#13873,#9917,#9918);
#8618=AXIS2_PLACEMENT_3D('',#13880,#9919,#9920);
#8619=AXIS2_PLACEMENT_3D('',#13904,#9923,#9924);
#8620=AXIS2_PLACEMENT_3D('',#13936,#9927,#9928);
#8621=AXIS2_PLACEMENT_3D('',#13950,#9930,#9931);
#8622=AXIS2_PLACEMENT_3D('',#13968,#9934,#9935);
#8623=AXIS2_PLACEMENT_3D('',#13990,#9938,#9939);
#8624=AXIS2_PLACEMENT_3D('',#14014,#9942,#9943);
#8625=AXIS2_PLACEMENT_3D('',#14046,#9946,#9947);
#8626=AXIS2_PLACEMENT_3D('',#14052,#9948,#9949);
#8627=AXIS2_PLACEMENT_3D('',#14066,#9951,#9952);
#8628=AXIS2_PLACEMENT_3D('',#14091,#9954,#9955);
#8629=AXIS2_PLACEMENT_3D('',#14105,#9957,#9958);
#8630=AXIS2_PLACEMENT_3D('',#14129,#9961,#9962);
#8631=AXIS2_PLACEMENT_3D('',#14143,#9964,#9965);
#8632=AXIS2_PLACEMENT_3D('',#14144,#9966,#9967);
#8633=AXIS2_PLACEMENT_3D('',#14169,#9968,#9969);
#8634=AXIS2_PLACEMENT_3D('',#14170,#9970,#9971);
#8635=AXIS2_PLACEMENT_3D('',#14171,#9972,#9973);
#8636=AXIS2_PLACEMENT_3D('',#14173,#9974,#9975);
#8637=AXIS2_PLACEMENT_3D('',#14175,#9976,#9977);
#8638=AXIS2_PLACEMENT_3D('',#14176,#9978,#9979);
#8639=AXIS2_PLACEMENT_3D('',#14178,#9980,#9981);
#8640=AXIS2_PLACEMENT_3D('',#14179,#9982,#9983);
#8641=AXIS2_PLACEMENT_3D('',#14181,#9984,#9985);
#8642=AXIS2_PLACEMENT_3D('',#14182,#9986,#9987);
#8643=AXIS2_PLACEMENT_3D('',#14183,#9988,#9989);
#8644=AXIS2_PLACEMENT_3D('',#14207,#9990,#9991);
#8645=AXIS2_PLACEMENT_3D('',#14236,#9992,#9993);
#8646=AXIS2_PLACEMENT_3D('',#14242,#9994,#9995);
#8647=AXIS2_PLACEMENT_3D('',#14270,#9996,#9997);
#8648=AXIS2_PLACEMENT_3D('',#14299,#9998,#9999);
#8649=AXIS2_PLACEMENT_3D('',#14300,#10000,#10001);
#8650=AXIS2_PLACEMENT_3D('',#14306,#10002,#10003);
#8651=AXIS2_PLACEMENT_3D('',#14312,#10004,#10005);
#8652=AXIS2_PLACEMENT_3D('',#14313,#10006,#10007);
#8653=AXIS2_PLACEMENT_3D('',#14324,#10008,#10009);
#8654=AXIS2_PLACEMENT_3D('',#14325,#10010,#10011);
#8655=AXIS2_PLACEMENT_3D('',#14333,#10012,#10013);
#8656=AXIS2_PLACEMENT_3D('',#14339,#10014,#10015);
#8657=AXIS2_PLACEMENT_3D('',#14340,#10016,#10017);
#8658=AXIS2_PLACEMENT_3D('',#14370,#10018,#10019);
#8659=AXIS2_PLACEMENT_3D('',#14397,#10020,#10021);
#8660=AXIS2_PLACEMENT_3D('',#14398,#10022,#10023);
#8661=AXIS2_PLACEMENT_3D('',#14409,#10024,#10025);
#8662=AXIS2_PLACEMENT_3D('',#14410,#10026,#10027);
#8663=AXIS2_PLACEMENT_3D('',#14463,#10028,#10029);
#8664=AXIS2_PLACEMENT_3D('',#14464,#10030,#10031);
#8665=AXIS2_PLACEMENT_3D('',#14473,#10032,#10033);
#8666=AXIS2_PLACEMENT_3D('',#14480,#10034,#10035);
#8667=AXIS2_PLACEMENT_3D('',#14488,#10036,#10037);
#8668=AXIS2_PLACEMENT_3D('',#14496,#10038,#10039);
#8669=AXIS2_PLACEMENT_3D('',#14497,#10040,#10041);
#8670=AXIS2_PLACEMENT_3D('',#14498,#10042,#10043);
#8671=AXIS2_PLACEMENT_3D('',#14507,#10044,#10045);
#8672=AXIS2_PLACEMENT_3D('',#14514,#10046,#10047);
#8673=AXIS2_PLACEMENT_3D('',#14526,#10048,#10049);
#8674=AXIS2_PLACEMENT_3D('',#14538,#10050,#10051);
#8675=AXIS2_PLACEMENT_3D('',#14539,#10052,#10053);
#8676=AXIS2_PLACEMENT_3D('',#14546,#10054,#10055);
#8677=AXIS2_PLACEMENT_3D('',#14558,#10056,#10057);
#8678=AXIS2_PLACEMENT_3D('',#14564,#10058,#10059);
#8679=AXIS2_PLACEMENT_3D('',#14567,#10062,#10063);
#8680=AXIS2_PLACEMENT_3D('',#14568,#10064,#10065);
#8681=AXIS2_PLACEMENT_3D('',#14573,#10067,#10068);
#8682=AXIS2_PLACEMENT_3D('',#14576,#10070,#10071);
#8683=AXIS2_PLACEMENT_3D('',#14582,#10072,#10073);
#8684=AXIS2_PLACEMENT_3D('',#14588,#10074,#10075);
#8685=AXIS2_PLACEMENT_3D('',#14589,#10076,#10077);
#8686=AXIS2_PLACEMENT_3D('',#14600,#10078,#10079);
#8687=AXIS2_PLACEMENT_3D('',#14607,#10086,#10087);
#8688=AXIS2_PLACEMENT_3D('',#14608,#10088,#10089);
#8689=AXIS2_PLACEMENT_3D('',#14609,#10090,#10091);
#8690=AXIS2_PLACEMENT_3D('',#14610,#10092,#10093);
#8691=AXIS2_PLACEMENT_3D('',#14611,#10094,#10095);
#8692=AXIS2_PLACEMENT_3D('',#14612,#10096,#10097);
#8693=AXIS2_PLACEMENT_3D('',#14614,#10098,#10099);
#8694=AXIS2_PLACEMENT_3D('',#14615,#10100,#10101);
#8695=AXIS2_PLACEMENT_3D('',#14617,#10102,#10103);
#8696=AXIS2_PLACEMENT_3D('',#14618,#10104,#10105);
#8697=AXIS2_PLACEMENT_3D('',#14619,#10106,#10107);
#8698=AXIS2_PLACEMENT_3D('',#14620,#10108,#10109);
#8699=AXIS2_PLACEMENT_3D('',#14621,#10110,#10111);
#8700=AXIS2_PLACEMENT_3D('',#14622,#10112,#10113);
#8701=AXIS2_PLACEMENT_3D('',#14623,#10114,#10115);
#8702=AXIS2_PLACEMENT_3D('',#14624,#10116,#10117);
#8703=AXIS2_PLACEMENT_3D('',#14627,#10120,#10121);
#8704=AXIS2_PLACEMENT_3D('',#14628,#10122,#10123);
#8705=AXIS2_PLACEMENT_3D('',#14629,#10124,#10125);
#8706=AXIS2_PLACEMENT_3D('',#14630,#10126,#10127);
#8707=AXIS2_PLACEMENT_3D('',#14631,#10128,#10129);
#8708=AXIS2_PLACEMENT_3D('',#14632,#10130,#10131);
#8709=AXIS2_PLACEMENT_3D('',#14633,#10132,#10133);
#8710=AXIS2_PLACEMENT_3D('',#14634,#10134,#10135);
#8711=AXIS2_PLACEMENT_3D('',#14635,#10136,#10137);
#8712=AXIS2_PLACEMENT_3D('',#14636,#10138,#10139);
#8713=AXIS2_PLACEMENT_3D('',#14637,#10140,#10141);
#8714=AXIS2_PLACEMENT_3D('',#14638,#10142,#10143);
#8715=AXIS2_PLACEMENT_3D('',#14639,#10144,#10145);
#8716=AXIS2_PLACEMENT_3D('',#14640,#10146,#10147);
#8717=AXIS2_PLACEMENT_3D('',#14641,#10148,#10149);
#8718=AXIS2_PLACEMENT_3D('',#14642,#10150,#10151);
#8719=AXIS2_PLACEMENT_3D('',#14643,#10152,#10153);
#8720=AXIS2_PLACEMENT_3D('',#14644,#10154,#10155);
#8721=AXIS2_PLACEMENT_3D('',#14645,#10156,#10157);
#8722=AXIS2_PLACEMENT_3D('',#14646,#10158,#10159);
#8723=AXIS2_PLACEMENT_3D('',#14647,#10160,#10161);
#8724=AXIS2_PLACEMENT_3D('',#14648,#10162,#10163);
#8725=AXIS2_PLACEMENT_3D('',#14650,#10164,#10165);
#8726=AXIS2_PLACEMENT_3D('',#14652,#10166,#10167);
#8727=AXIS2_PLACEMENT_3D('',#14653,#10168,#10169);
#8728=AXIS2_PLACEMENT_3D('',#14655,#10170,#10171);
#8729=AXIS2_PLACEMENT_3D('',#14656,#10172,#10173);
#8730=AXIS2_PLACEMENT_3D('',#14658,#10174,#10175);
#8731=AXIS2_PLACEMENT_3D('',#14659,#10176,#10177);
#8732=AXIS2_PLACEMENT_3D('',#14660,#10178,#10179);
#8733=AXIS2_PLACEMENT_3D('',#14661,#10180,#10181);
#8734=AXIS2_PLACEMENT_3D('',#14662,#10182,#10183);
#8735=AXIS2_PLACEMENT_3D('',#14664,#10184,#10185);
#8736=AXIS2_PLACEMENT_3D('',#14666,#10186,#10187);
#8737=AXIS2_PLACEMENT_3D('',#14667,#10188,#10189);
#8738=AXIS2_PLACEMENT_3D('',#14669,#10190,#10191);
#8739=AXIS2_PLACEMENT_3D('',#14670,#10192,#10193);
#8740=AXIS2_PLACEMENT_3D('',#14672,#10194,#10195);
#8741=AXIS2_PLACEMENT_3D('',#14673,#10196,#10197);
#8742=AXIS2_PLACEMENT_3D('',#14674,#10198,#10199);
#8743=DIRECTION('',(0.,0.,1.));
#8744=DIRECTION('',(1.,0.,0.));
#8745=DIRECTION('',(1.,0.,-2.27653999472022E-16));
#8746=DIRECTION('',(-2.27653999472022E-16,0.,-1.));
#8747=DIRECTION('',(-2.27653999472022E-16,0.,-1.));
#8748=DIRECTION('',(0.,1.,0.));
#8749=DIRECTION('',(-2.27653999472022E-16,0.,-1.));
#8750=DIRECTION('',(0.,1.,0.));
#8751=DIRECTION('',(0.,1.,0.));
#8752=DIRECTION('',(0.,0.,1.));
#8753=DIRECTION('',(0.,-1.,0.));
#8754=DIRECTION('',(0.,0.,-1.));
#8755=DIRECTION('',(0.,1.,0.));
#8756=DIRECTION('',(0.,-1.,0.));
#8757=DIRECTION('',(0.,0.,-1.));
#8758=DIRECTION('',(1.,0.,2.27653999472022E-16));
#8759=DIRECTION('',(2.27653999472022E-16,0.,-1.));
#8760=DIRECTION('',(2.27653999472022E-16,0.,-1.));
#8761=DIRECTION('',(0.,1.,0.));
#8762=DIRECTION('',(2.27653999472022E-16,0.,-1.));
#8763=DIRECTION('',(0.,1.,0.));
#8764=DIRECTION('',(0.,0.,1.));
#8765=DIRECTION('',(0.,-1.,0.));
#8766=DIRECTION('',(0.,0.,-1.));
#8767=DIRECTION('',(0.,-1.,0.));
#8768=DIRECTION('',(0.,0.,-1.));
#8769=DIRECTION('',(0.,1.,0.));
#8770=DIRECTION('',(0.,0.,1.));
#8771=DIRECTION('',(0.,-1.,0.));
#8772=DIRECTION('',(0.,0.,-1.));
#8773=DIRECTION('',(0.,-1.,0.));
#8774=DIRECTION('',(0.,0.,-1.));
#8775=DIRECTION('',(0.,-1.,0.));
#8776=DIRECTION('',(1.,0.,0.));
#8777=DIRECTION('',(0.,-1.,0.));
#8778=DIRECTION('',(1.,0.,0.));
#8779=DIRECTION('',(1.69227734503349E-16,-1.,-1.66533453693773E-16));
#8780=DIRECTION('',(-1.,-1.69227734503348E-16,-1.13184868918778E-16));
#8781=DIRECTION('',(1.,0.,0.));
#8782=DIRECTION('',(0.,1.,0.));
#8783=DIRECTION('',(0.,-1.,0.));
#8784=DIRECTION('',(0.,-0.591928847856649,-0.805990222692));
#8785=DIRECTION('',(1.,0.,0.));
#8786=DIRECTION('',(0.,0.,-1.));
#8787=DIRECTION('',(0.,1.,1.22464679914735E-16));
#8788=DIRECTION('',(1.,0.,0.));
#8789=DIRECTION('',(0.,0.,-1.));
#8790=DIRECTION('',(0.,0.591928847856649,0.805990222692001));
#8791=DIRECTION('',(1.,0.,0.));
#8792=DIRECTION('',(0.,0.,-1.));
#8793=DIRECTION('',(0.,0.834683668183176,-0.550729674221644));
#8794=DIRECTION('',(1.,0.,0.));
#8795=DIRECTION('',(0.,0.,-1.));
#8796=DIRECTION('',(0.,-0.591928847856649,-0.805990222692001));
#8797=DIRECTION('',(1.,0.,0.));
#8798=DIRECTION('',(0.,0.,-1.));
#8799=DIRECTION('',(0.,-1.,0.));
#8800=DIRECTION('',(1.,0.,0.));
#8801=DIRECTION('',(0.,0.,-1.));
#8802=DIRECTION('',(0.,0.591928847856649,0.805990222692001));
#8803=DIRECTION('',(0.,-1.,0.));
#8804=DIRECTION('',(0.,0.591928847856649,0.805990222692001));
#8805=DIRECTION('',(1.,0.,0.));
#8806=DIRECTION('',(0.,0.,-1.));
#8807=DIRECTION('',(0.,-1.,0.));
#8808=DIRECTION('',(1.,0.,0.));
#8809=DIRECTION('',(0.,0.,-1.));
#8810=DIRECTION('',(0.,-0.591928847856649,-0.805990222692));
#8811=DIRECTION('',(1.,0.,0.));
#8812=DIRECTION('',(0.,0.,-1.));
#8813=DIRECTION('',(0.,0.834683668183175,-0.550729674221646));
#8814=DIRECTION('',(1.,0.,0.));
#8815=DIRECTION('',(0.,0.,-1.));
#8816=DIRECTION('',(0.,-0.591928847856649,-0.805990222692001));
#8817=DIRECTION('',(1.,0.,0.));
#8818=DIRECTION('',(0.,0.,-1.));
#8819=DIRECTION('',(0.,-1.,-2.4492935982947E-16));
#8820=DIRECTION('',(1.,0.,0.));
#8821=DIRECTION('',(0.,0.,-1.));
#8822=DIRECTION('',(0.,0.591928847856649,0.805990222692001));
#8823=DIRECTION('',(1.,0.,0.));
#8824=DIRECTION('',(0.,1.,0.));
#8825=DIRECTION('',(0.,1.,1.22464679914735E-16));
#8826=DIRECTION('',(0.,0.591928847856649,0.805990222692001));
#8827=DIRECTION('',(0.,-1.,-2.4492935982947E-16));
#8828=DIRECTION('',(0.,-0.591928847856649,-0.805990222692001));
#8829=DIRECTION('',(0.,-1.,-2.49800180540661E-16));
#8830=DIRECTION('',(0.,0.591928847856649,0.805990222692001));
#8831=DIRECTION('',(0.,-1.,0.));
#8832=DIRECTION('',(0.,-0.591928847856649,-0.805990222692001));
#8833=DIRECTION('',(0.,-1.,0.));
#8834=DIRECTION('',(0.,0.591928847856638,0.805990222692009));
#8835=DIRECTION('',(0.,-1.,0.));
#8836=DIRECTION('',(0.,-0.591928847856649,-0.805990222692001));
#8837=DIRECTION('',(1.,0.,0.));
#8838=DIRECTION('',(0.,1.,0.));
#8839=DIRECTION('',(0.,-0.591928847856649,-0.805990222692001));
#8840=DIRECTION('',(0.,1.,1.22464679914735E-16));
#8841=DIRECTION('',(0.,0.591928847856649,0.805990222692001));
#8842=DIRECTION('',(0.,-1.,0.));
#8843=DIRECTION('',(0.,0.591928847856649,0.805990222692001));
#8844=DIRECTION('',(0.,-1.,0.));
#8845=DIRECTION('',(0.,0.591928847856649,0.805990222692001));
#8846=DIRECTION('',(0.,-1.,0.));
#8847=DIRECTION('',(1.,0.,0.));
#8848=DIRECTION('',(0.,1.,0.));
#8849=DIRECTION('',(0.,0.591928847856649,0.805990222692001));
#8850=DIRECTION('',(1.,0.,0.));
#8851=DIRECTION('',(0.,0.,-1.));
#8852=DIRECTION('',(0.,1.,1.22464679914735E-16));
#8853=DIRECTION('',(1.,0.,0.));
#8854=DIRECTION('',(0.,0.,-1.));
#8855=DIRECTION('',(0.,-0.591928847856649,-0.805990222692001));
#8856=DIRECTION('',(1.,0.,0.));
#8857=DIRECTION('',(0.,0.,-1.));
#8858=DIRECTION('',(0.,-0.834683668183174,0.550729674221646));
#8859=DIRECTION('',(1.,0.,0.));
#8860=DIRECTION('',(0.,0.,-1.));
#8861=DIRECTION('',(0.,-0.591928847856649,-0.805990222692001));
#8862=DIRECTION('',(1.,0.,0.));
#8863=DIRECTION('',(0.,0.,-1.));
#8864=DIRECTION('',(0.,-1.,0.));
#8865=DIRECTION('',(1.,0.,0.));
#8866=DIRECTION('',(0.,0.,-1.));
#8867=DIRECTION('',(0.,0.591928847856649,0.805990222692001));
#8868=DIRECTION('',(0.,-1.,0.));
#8869=DIRECTION('',(0.,-0.591928847856649,-0.805990222692001));
#8870=DIRECTION('',(1.,0.,0.));
#8871=DIRECTION('',(0.,0.,-1.));
#8872=DIRECTION('',(0.,-1.,0.));
#8873=DIRECTION('',(1.,0.,0.));
#8874=DIRECTION('',(0.,0.,-1.));
#8875=DIRECTION('',(0.,0.591928847856649,0.805990222692001));
#8876=DIRECTION('',(1.,0.,0.));
#8877=DIRECTION('',(0.,0.,-1.));
#8878=DIRECTION('',(0.,-0.834683668183174,0.550729674221647));
#8879=DIRECTION('',(1.,0.,0.));
#8880=DIRECTION('',(0.,0.,-1.));
#8881=DIRECTION('',(0.,-0.591928847856649,-0.805990222692001));
#8882=DIRECTION('',(1.,0.,0.));
#8883=DIRECTION('',(0.,0.,-1.));
#8884=DIRECTION('',(0.,-1.,-2.4492935982947E-16));
#8885=DIRECTION('',(1.,0.,0.));
#8886=DIRECTION('',(0.,0.,-1.));
#8887=DIRECTION('',(0.,-0.591928847856649,-0.805990222692001));
#8888=DIRECTION('',(0.,-1.,0.));
#8889=DIRECTION('',(1.,0.,0.));
#8890=DIRECTION('',(0.,1.,0.));
#8891=DIRECTION('',(0.,-0.591928847856649,-0.805990222692001));
#8892=DIRECTION('',(0.,1.,1.22464679914735E-16));
#8893=DIRECTION('',(0.,-0.591928847856649,-0.805990222692001));
#8894=DIRECTION('',(0.,-1.,-2.4492935982947E-16));
#8895=DIRECTION('',(0.,-0.591928847856649,-0.805990222692001));
#8896=DIRECTION('',(0.,-1.,-2.49800180540661E-16));
#8897=DIRECTION('',(0.,-0.591928847856649,-0.805990222692001));
#8898=DIRECTION('',(0.,-1.,0.));
#8899=DIRECTION('',(0.,-0.591928847856649,-0.805990222692001));
#8900=DIRECTION('',(0.,-1.,0.));
#8901=DIRECTION('',(0.,-0.591928847856649,-0.805990222692001));
#8902=DIRECTION('',(0.,-1.,0.));
#8903=DIRECTION('',(1.,0.,0.));
#8904=DIRECTION('',(0.,1.,0.));
#8905=DIRECTION('',(0.,-0.603381001164931,-0.79745305030027));
#8906=DIRECTION('',(1.,0.,0.));
#8907=DIRECTION('',(0.,1.,0.));
#8908=DIRECTION('',(1.,0.,0.));
#8909=DIRECTION('',(0.,1.,0.));
#8910=DIRECTION('',(1.,0.,0.));
#8911=DIRECTION('',(0.,0.773182629078525,0.634183429372939));
#8912=DIRECTION('',(0.,-0.747570963803143,-0.664181943505272));
#8913=DIRECTION('',(1.,0.,0.));
#8914=DIRECTION('',(0.,1.,0.));
#8915=DIRECTION('',(0.,-0.875295949307391,-0.483587635414796));
#8916=DIRECTION('',(1.,0.,0.));
#8917=DIRECTION('',(0.,-0.832050487025827,-0.554699907193145));
#8918=DIRECTION('',(1.,0.,0.));
#8919=DIRECTION('',(0.,0.,-1.));
#8920=DIRECTION('',(1.,0.,0.));
#8921=DIRECTION('',(0.,0.,-1.));
#8922=DIRECTION('',(1.,0.,0.));
#8923=DIRECTION('',(0.,1.,7.51258198257672E-16));
#8924=DIRECTION('',(0.,-0.875295949307391,-0.483587635414796));
#8925=DIRECTION('',(0.,-0.747570963803143,-0.664181943505272));
#8926=DIRECTION('',(0.,-0.165984162407033,-0.986128418528761));
#8927=DIRECTION('',(0.,-0.990930844080484,0.134372847889522));
#8928=DIRECTION('',(0.,-0.747570963803143,-0.664181943505272));
#8929=DIRECTION('',(1.,0.,0.));
#8930=DIRECTION('',(0.,0.,-1.));
#8931=DIRECTION('',(0.,-0.875295949307391,-0.483587635414796));
#8932=DIRECTION('',(0.,0.,-1.));
#8933=DIRECTION('',(0.,-0.997258599953681,0.0739951675342652));
#8934=DIRECTION('',(1.,0.,0.));
#8935=DIRECTION('',(0.,1.,0.));
#8936=DIRECTION('',(1.,0.,0.));
#8937=DIRECTION('',(0.,1.,0.));
#8938=DIRECTION('',(1.,0.,0.));
#8939=DIRECTION('',(0.,1.,0.));
#8940=DIRECTION('',(0.,1.,0.));
#8941=DIRECTION('',(0.,0.,1.));
#8942=DIRECTION('',(0.,1.,0.));
#8943=DIRECTION('',(0.,0.,-1.));
#8944=DIRECTION('',(0.,1.,0.));
#8945=DIRECTION('',(0.,0.,-1.));
#8946=DIRECTION('',(0.,0.,-1.));
#8947=DIRECTION('',(0.,-1.,0.));
#8948=DIRECTION('',(0.,1.11022302462516E-16,1.));
#8949=DIRECTION('',(0.,-1.,0.));
#8950=DIRECTION('',(0.,1.11022302462516E-16,1.));
#8951=DIRECTION('',(0.,0.,-1.));
#8952=DIRECTION('',(0.,0.982128767712717,-0.188210211282757));
#8953=DIRECTION('',(0.,0.188210211282757,0.982128767712717));
#8954=DIRECTION('',(0.,0.982128767712717,-0.188210211282757));
#8955=DIRECTION('',(0.,-0.188210211282757,-0.982128767712717));
#8956=DIRECTION('',(0.,0.982128767712717,-0.188210211282757));
#8957=DIRECTION('',(0.,-0.188210211282757,-0.982128767712717));
#8958=DIRECTION('',(0.,-0.188210211282757,-0.982128767712717));
#8959=DIRECTION('',(-1.,0.,0.));
#8960=DIRECTION('',(0.,-0.188210211282757,-0.982128767712717));
#8961=DIRECTION('',(0.,-1.,0.));
#8962=DIRECTION('',(0.,0.,-1.));
#8963=DIRECTION('',(0.,0.,1.));
#8964=DIRECTION('',(0.,0.,1.));
#8965=DIRECTION('',(1.,0.,0.));
#8966=DIRECTION('',(0.,1.,0.));
#8967=DIRECTION('',(0.,-0.980289678963073,-0.197565546891343));
#8968=DIRECTION('',(0.,1.,0.));
#8969=DIRECTION('',(0.,0.195364674963437,-0.98073066831645));
#8970=DIRECTION('',(0.,0.919145030018058,-0.393919298579167));
#8971=DIRECTION('',(1.,0.,0.));
#8972=DIRECTION('',(0.,1.,0.));
#8973=DIRECTION('',(0.,-0.980289678963073,-0.197565546891343));
#8974=DIRECTION('',(0.,0.919145030018058,-0.393919298579167));
#8975=DIRECTION('',(0.,0.195364674963437,-0.98073066831645));
#8976=DIRECTION('',(0.,1.,0.));
#8977=DIRECTION('',(0.,0.919145030018058,-0.393919298579167));
#8978=DIRECTION('',(0.,0.195364674963437,-0.98073066831645));
#8979=DIRECTION('',(0.,1.,0.));
#8980=DIRECTION('',(0.,-0.980289678963073,-0.197565546891343));
#8981=DIRECTION('',(0.,0.197565546891343,-0.980289678963073));
#8982=DIRECTION('',(0.,-0.980289678963073,-0.197565546891343));
#8983=DIRECTION('',(0.,-0.980289678963073,-0.197565546891343));
#8984=DIRECTION('',(0.,0.197565546891343,-0.980289678963073));
#8985=DIRECTION('',(-1.13184868918778E-16,2.22044604925032E-16,1.));
#8986=DIRECTION('',(-1.,-1.69227734503348E-16,-1.13184868918778E-16));
#8987=DIRECTION('',(0.,0.,1.));
#8988=DIRECTION('',(1.,0.,0.));
#8989=DIRECTION('',(0.,0.,1.));
#8990=DIRECTION('',(1.,0.,0.));
#8991=DIRECTION('',(0.,0.,1.));
#8992=DIRECTION('',(1.,0.,0.));
#8993=DIRECTION('',(0.,0.,-1.));
#8994=DIRECTION('',(-1.,0.,0.));
#8995=DIRECTION('',(0.,0.,1.));
#8996=DIRECTION('',(1.,0.,0.));
#8997=DIRECTION('',(0.,0.,1.));
#8998=DIRECTION('',(1.,0.,0.));
#8999=DIRECTION('',(0.,0.,1.));
#9000=DIRECTION('',(1.,0.,0.));
#9001=DIRECTION('',(0.,0.,-1.));
#9002=DIRECTION('',(-1.,0.,0.));
#9003=DIRECTION('',(-3.12808868002089E-16,-1.66533453693774E-16,1.));
#9004=DIRECTION('',(-1.,-1.29238990245958E-16,-3.12808868002089E-16));
#9005=DIRECTION('',(0.,0.,1.));
#9006=DIRECTION('',(1.,0.,0.));
#9007=DIRECTION('',(0.,0.,-1.));
#9008=DIRECTION('',(-1.,0.,0.));
#9009=DIRECTION('',(0.,0.,-1.));
#9010=DIRECTION('',(-1.,0.,0.));
#9011=DIRECTION('',(0.,0.,-1.));
#9012=DIRECTION('',(-1.,0.,0.));
#9013=DIRECTION('',(0.,0.,-1.));
#9014=DIRECTION('',(-1.,0.,0.));
#9015=DIRECTION('',(-6.60224683046871E-16,-3.33066907387547E-16,1.));
#9016=DIRECTION('',(7.18124007096729E-16,1.,3.33066907387547E-16));
#9017=DIRECTION('',(0.,1.,0.));
#9018=DIRECTION('',(0.,0.,1.));
#9019=DIRECTION('',(0.,-1.,0.));
#9020=DIRECTION('',(0.,0.,-1.));
#9021=DIRECTION('',(0.,-1.,0.));
#9022=DIRECTION('',(0.,0.,-1.));
#9023=DIRECTION('',(0.,1.,0.));
#9024=DIRECTION('',(0.,0.,1.));
#9025=DIRECTION('',(0.,-1.,0.));
#9026=DIRECTION('',(0.,0.,-1.));
#9027=DIRECTION('',(0.,-1.,0.));
#9028=DIRECTION('',(0.,0.,-1.));
#9029=DIRECTION('',(0.,-1.,0.));
#9030=DIRECTION('',(1.,0.,0.));
#9031=DIRECTION('',(0.,-1.,0.));
#9032=DIRECTION('',(1.,0.,0.));
#9033=DIRECTION('',(-1.29238990245959E-16,1.,3.88578058618805E-16));
#9034=DIRECTION('',(-1.,-1.29238990245958E-16,-3.12808868002089E-16));
#9035=DIRECTION('',(-2.77555756156289E-16,-2.77555756156289E-16,1.));
#9036=DIRECTION('',(-0.707106781186548,0.707106781186547,-3.6977854932235E-32));
#9037=DIRECTION('',(0.,0.,1.));
#9038=DIRECTION('',(1.,0.,0.));
#9039=DIRECTION('',(-5.55111512312578E-16,-1.14680119616574E-16,1.));
#9040=DIRECTION('',(2.19684588269466E-16,-1.,-1.14680119616574E-16));
#9041=DIRECTION('',(-3.33066907387547E-16,-3.33066907387547E-16,1.));
#9042=DIRECTION('',(0.707106781186547,-0.707106781186548,-2.71170936169723E-31));
#9043=DIRECTION('',(0.,0.,-1.));
#9044=DIRECTION('',(-1.,0.,0.));
#9045=DIRECTION('',(0.,0.,-1.));
#9046=DIRECTION('',(-1.,0.,0.));
#9047=DIRECTION('',(0.,0.,-1.));
#9048=DIRECTION('',(-1.,0.,0.));
#9049=DIRECTION('',(0.,0.,-1.));
#9050=DIRECTION('',(-1.,0.,0.));
#9051=DIRECTION('',(0.,0.,-1.));
#9052=DIRECTION('',(-1.,0.,0.));
#9053=DIRECTION('',(0.,0.,-1.));
#9054=DIRECTION('',(-1.,0.,0.));
#9055=DIRECTION('',(0.,0.,-1.));
#9056=DIRECTION('',(-1.,0.,0.));
#9057=DIRECTION('',(0.,0.,-1.));
#9058=DIRECTION('',(-1.,0.,0.));
#9059=DIRECTION('',(0.,0.,-1.));
#9060=DIRECTION('',(-1.,0.,0.));
#9061=DIRECTION('',(0.,0.,-1.));
#9062=DIRECTION('',(-1.,0.,0.));
#9063=DIRECTION('',(0.,0.,-1.));
#9064=DIRECTION('',(-1.,0.,0.));
#9065=DIRECTION('',(0.,0.,1.));
#9066=DIRECTION('',(-1.,-1.22464679914735E-16,0.));
#9067=DIRECTION('',(0.,1.,0.));
#9068=DIRECTION('',(0.,0.,1.));
#9069=DIRECTION('',(0.,1.,0.));
#9070=DIRECTION('',(0.,0.,-1.));
#9071=DIRECTION('',(0.,1.,0.));
#9072=DIRECTION('',(0.,0.,-1.));
#9073=DIRECTION('',(0.,0.,-1.));
#9074=DIRECTION('',(0.,-1.,0.));
#9075=DIRECTION('',(0.,1.11022302462516E-16,1.));
#9076=DIRECTION('',(0.,-1.,0.));
#9077=DIRECTION('',(0.,1.11022302462516E-16,1.));
#9078=DIRECTION('',(0.,0.,-1.));
#9079=DIRECTION('',(0.,0.982128767712717,-0.188210211282757));
#9080=DIRECTION('',(0.,0.188210211282757,0.982128767712717));
#9081=DIRECTION('',(0.,0.982128767712717,-0.188210211282757));
#9082=DIRECTION('',(0.,-0.188210211282757,-0.982128767712717));
#9083=DIRECTION('',(0.,0.982128767712717,-0.188210211282757));
#9084=DIRECTION('',(0.,-0.188210211282757,-0.982128767712717));
#9085=DIRECTION('',(0.,-0.188210211282757,-0.982128767712717));
#9086=DIRECTION('',(-1.,0.,0.));
#9087=DIRECTION('',(0.,-0.188210211282757,-0.982128767712717));
#9088=DIRECTION('',(0.,-1.,0.));
#9089=DIRECTION('',(0.,0.,-1.));
#9090=DIRECTION('',(0.,0.,1.));
#9091=DIRECTION('',(0.,0.,1.));
#9092=DIRECTION('',(1.,0.,0.));
#9093=DIRECTION('',(0.,1.,0.));
#9094=DIRECTION('',(0.,-0.980289678963073,-0.197565546891343));
#9095=DIRECTION('',(0.,1.,0.));
#9096=DIRECTION('',(0.,0.195364674963437,-0.98073066831645));
#9097=DIRECTION('',(0.,0.919145030018058,-0.393919298579167));
#9098=DIRECTION('',(1.,0.,0.));
#9099=DIRECTION('',(0.,1.,0.));
#9100=DIRECTION('',(0.,-0.980289678963073,-0.197565546891343));
#9101=DIRECTION('',(0.,0.919145030018058,-0.393919298579167));
#9102=DIRECTION('',(0.,0.195364674963437,-0.98073066831645));
#9103=DIRECTION('',(0.,1.,0.));
#9104=DIRECTION('',(0.,0.919145030018058,-0.393919298579167));
#9105=DIRECTION('',(0.,0.195364674963437,-0.98073066831645));
#9106=DIRECTION('',(0.,1.,0.));
#9107=DIRECTION('',(0.,-0.980289678963073,-0.197565546891343));
#9108=DIRECTION('',(0.,0.197565546891343,-0.980289678963073));
#9109=DIRECTION('',(0.,-0.980289678963073,-0.197565546891343));
#9110=DIRECTION('',(0.,-0.980289678963073,-0.197565546891343));
#9111=DIRECTION('',(0.,0.197565546891343,-0.980289678963073));
#9112=DIRECTION('',(-1.13184868918778E-16,2.22044604925032E-16,1.));
#9113=DIRECTION('',(1.69227734503348E-16,-1.,2.22044604925032E-16));
#9114=DIRECTION('',(-6.60224683046871E-16,-1.66533453693773E-16,1.));
#9115=DIRECTION('',(-1.,6.62612855865471E-16,-6.60224683046871E-16));
#9116=DIRECTION('',(-1.29238990245959E-16,1.,3.88578058618805E-16));
#9117=DIRECTION('',(-1.,-1.29238990245958E-16,-3.12808868002089E-16));
#9118=DIRECTION('',(-3.88578058618805E-16,-2.7755575615629E-16,1.));
#9119=DIRECTION('',(-0.707106781186547,-0.707106781186548,-4.71027737605133E-16));
#9120=DIRECTION('',(0.,0.,-1.));
#9121=DIRECTION('',(-1.,0.,0.));
#9122=DIRECTION('',(0.,3.06161699786839E-16,-1.));
#9123=DIRECTION('',(0.,1.,3.06161699786839E-16));
#9124=DIRECTION('',(0.,0.,-1.));
#9125=DIRECTION('',(-1.,0.,0.));
#9126=DIRECTION('',(0.,0.,-1.));
#9127=DIRECTION('',(0.,0.,-1.));
#9128=DIRECTION('',(-1.,0.,0.));
#9129=DIRECTION('',(0.,0.,-1.));
#9130=DIRECTION('',(0.,0.,-1.));
#9131=DIRECTION('',(-1.,0.,0.));
#9132=DIRECTION('',(0.,0.,-1.));
#9133=DIRECTION('',(0.,0.,-1.));
#9134=DIRECTION('',(-1.,0.,0.));
#9135=DIRECTION('',(0.,0.,-1.));
#9136=DIRECTION('',(0.,0.,-1.));
#9137=DIRECTION('',(-1.,0.,0.));
#9138=DIRECTION('',(0.,0.,-1.));
#9139=DIRECTION('',(0.,0.,-1.));
#9140=DIRECTION('',(-1.,0.,0.));
#9141=DIRECTION('',(0.,0.,-1.));
#9142=DIRECTION('',(0.,0.,-1.));
#9143=DIRECTION('',(-1.,0.,0.));
#9144=DIRECTION('',(0.,0.,-1.));
#9145=DIRECTION('',(0.,0.,-1.));
#9146=DIRECTION('',(-1.,0.,0.));
#9147=DIRECTION('',(0.,0.,-1.));
#9148=DIRECTION('',(0.,0.,-1.));
#9149=DIRECTION('',(-1.,0.,0.));
#9150=DIRECTION('',(0.,0.,-1.));
#9151=DIRECTION('',(-1.,0.,0.));
#9152=DIRECTION('',(0.,0.,1.));
#9153=DIRECTION('',(1.,0.,0.));
#9154=DIRECTION('',(0.,0.,1.));
#9155=DIRECTION('',(1.,0.,0.));
#9156=DIRECTION('',(0.,0.,-1.));
#9157=DIRECTION('',(0.,0.,1.));
#9158=DIRECTION('',(1.,0.,0.));
#9159=DIRECTION('',(0.,0.,-1.));
#9160=DIRECTION('',(0.,0.,1.));
#9161=DIRECTION('',(1.,0.,0.));
#9162=DIRECTION('',(0.,0.,-1.));
#9163=DIRECTION('',(0.,0.,1.));
#9164=DIRECTION('',(1.,0.,0.));
#9165=DIRECTION('',(0.,0.,-1.));
#9166=DIRECTION('',(0.,0.,1.));
#9167=DIRECTION('',(1.,0.,0.));
#9168=DIRECTION('',(0.,0.,-1.));
#9169=DIRECTION('',(0.,0.,1.));
#9170=DIRECTION('',(1.,0.,0.));
#9171=DIRECTION('',(0.,0.,-1.));
#9172=DIRECTION('',(0.,0.,1.));
#9173=DIRECTION('',(1.,0.,0.));
#9174=DIRECTION('',(0.,0.,-1.));
#9175=DIRECTION('',(0.,0.,1.));
#9176=DIRECTION('',(1.,0.,0.));
#9177=DIRECTION('',(0.,0.,-1.));
#9178=DIRECTION('',(0.,0.,1.));
#9179=DIRECTION('',(1.,0.,0.));
#9180=DIRECTION('',(0.,0.,-1.));
#9181=DIRECTION('',(-1.,0.,0.));
#9182=DIRECTION('',(0.,0.,-1.));
#9183=DIRECTION('',(0.,0.,-1.));
#9184=DIRECTION('',(0.,0.,-1.));
#9185=DIRECTION('',(-1.,0.,0.));
#9186=DIRECTION('',(0.,0.,-1.));
#9187=DIRECTION('',(-1.,0.,0.));
#9188=DIRECTION('',(0.,0.,1.));
#9189=DIRECTION('',(1.,0.,0.));
#9190=DIRECTION('',(0.,0.,-1.));
#9191=DIRECTION('',(-1.,0.,0.));
#9192=DIRECTION('',(0.,0.,-1.));
#9193=DIRECTION('',(-1.,0.,0.));
#9194=DIRECTION('',(0.,0.,-1.));
#9195=DIRECTION('',(-1.,0.,0.));
#9196=DIRECTION('',(0.,0.,-1.));
#9197=DIRECTION('',(-1.,0.,0.));
#9198=DIRECTION('',(0.,0.,-1.));
#9199=DIRECTION('',(-1.,0.,0.));
#9200=DIRECTION('',(0.,0.,1.));
#9201=DIRECTION('',(-1.,-1.22464679914735E-16,0.));
#9202=DIRECTION('',(1.10516838014414E-16,1.,5.55111512312578E-16));
#9203=DIRECTION('',(-1.,1.10516838014414E-16,-5.51700574253533E-16));
#9204=DIRECTION('',(0.,0.,-1.));
#9205=DIRECTION('',(-1.,0.,0.));
#9206=DIRECTION('',(0.13308471668659,0.13308471668659,-0.982128767712717));
#9207=DIRECTION('',(-0.69446991164805,-0.69446991164805,-0.188210211282757));
#9208=DIRECTION('',(-0.13308471668659,-0.13308471668659,0.982128767712717));
#9209=DIRECTION('',(-0.69446991164805,-0.69446991164805,-0.188210211282757));
#9210=DIRECTION('',(-0.13308471668659,-0.13308471668659,0.982128767712717));
#9211=DIRECTION('',(-0.69446991164805,-0.69446991164805,-0.188210211282757));
#9212=DIRECTION('',(0.13308471668659,0.13308471668659,-0.982128767712717));
#9213=DIRECTION('',(-0.694469911648051,-0.694469911648049,-0.188210211282757));
#9214=DIRECTION('',(0.,0.,-1.));
#9215=DIRECTION('',(-1.,0.,0.));
#9216=DIRECTION('',(0.,0.,1.));
#9217=DIRECTION('',(1.,0.,0.));
#9218=DIRECTION('',(0.,0.,1.));
#9219=DIRECTION('',(1.,0.,0.));
#9220=DIRECTION('',(0.13308471668659,-0.13308471668659,0.982128767712717));
#9221=DIRECTION('',(0.69446991164805,-0.69446991164805,-0.188210211282757));
#9222=DIRECTION('',(-0.13308471668659,0.13308471668659,-0.982128767712717));
#9223=DIRECTION('',(0.69446991164805,-0.69446991164805,-0.188210211282757));
#9224=DIRECTION('',(0.13308471668659,0.13308471668659,0.982128767712717));
#9225=DIRECTION('',(0.69446991164805,0.69446991164805,-0.188210211282757));
#9226=DIRECTION('',(-0.13308471668659,-0.13308471668659,-0.982128767712717));
#9227=DIRECTION('',(0.69446991164805,0.69446991164805,-0.188210211282757));
#9228=DIRECTION('',(-0.13308471668659,0.13308471668659,0.982128767712717));
#9229=DIRECTION('',(-0.69446991164805,0.69446991164805,-0.188210211282757));
#9230=DIRECTION('',(0.13308471668659,-0.13308471668659,-0.982128767712717));
#9231=DIRECTION('',(-0.69446991164805,0.69446991164805,-0.188210211282757));
#9232=DIRECTION('',(0.,0.,-1.));
#9233=DIRECTION('',(-1.,0.,0.));
#9234=DIRECTION('',(-0.13308471668659,0.13308471668659,0.982128767712717));
#9235=DIRECTION('',(-0.69446991164805,0.69446991164805,-0.188210211282757));
#9236=DIRECTION('',(0.13308471668659,-0.13308471668659,-0.982128767712717));
#9237=DIRECTION('',(-0.694469911648049,0.694469911648051,-0.188210211282757));
#9238=DIRECTION('',(0.,0.,-1.));
#9239=DIRECTION('',(-1.,0.,0.));
#9240=DIRECTION('',(0.,0.,-1.));
#9241=DIRECTION('',(-1.,0.,0.));
#9242=DIRECTION('',(0.13308471668659,0.13308471668659,0.982128767712717));
#9243=DIRECTION('',(0.69446991164805,0.69446991164805,-0.188210211282757));
#9244=DIRECTION('',(-0.13308471668659,-0.13308471668659,-0.982128767712717));
#9245=DIRECTION('',(0.694469911648051,0.694469911648049,-0.188210211282757));
#9246=DIRECTION('',(0.,0.,-1.));
#9247=DIRECTION('',(-1.,0.,0.));
#9248=DIRECTION('',(0.,0.,-1.));
#9249=DIRECTION('',(-1.,0.,0.));
#9250=DIRECTION('',(-0.13308471668659,0.13308471668659,-0.982128767712717));
#9251=DIRECTION('',(0.694469911648049,-0.694469911648051,-0.188210211282757));
#9252=DIRECTION('',(0.13308471668659,-0.13308471668659,0.982128767712717));
#9253=DIRECTION('',(0.69446991164805,-0.69446991164805,-0.188210211282757));
#9254=DIRECTION('',(0.,0.,-1.));
#9255=DIRECTION('',(-1.,0.,0.));
#9256=DIRECTION('',(0.,0.,1.));
#9257=DIRECTION('',(1.,0.,0.));
#9258=DIRECTION('',(0.,0.,1.));
#9259=DIRECTION('',(1.,0.,0.));
#9260=DIRECTION('',(0.,0.,-1.));
#9261=DIRECTION('',(-1.,0.,0.));
#9262=DIRECTION('',(0.,0.,1.));
#9263=DIRECTION('',(1.,0.,0.));
#9264=DIRECTION('',(0.,0.,1.));
#9265=DIRECTION('',(1.,0.,0.));
#9266=DIRECTION('',(0.,0.,-1.));
#9267=DIRECTION('',(-1.,0.,0.));
#9268=DIRECTION('',(0.,0.,-1.));
#9269=DIRECTION('',(-1.,-1.22464679914735E-16,0.));
#9270=DIRECTION('',(-4.44089209850063E-16,-6.10622663543836E-16,1.));
#9271=DIRECTION('',(0.707106781186548,0.707106781186548,7.45793917874794E-16));
#9272=DIRECTION('',(0.,0.,1.));
#9273=DIRECTION('',(1.,0.,0.));
#9274=DIRECTION('',(0.,0.,-1.));
#9275=DIRECTION('',(-1.,0.,0.));
#9276=DIRECTION('',(0.,0.,-1.));
#9277=DIRECTION('',(-1.,0.,0.));
#9278=DIRECTION('',(0.,0.,-1.));
#9279=DIRECTION('',(-1.,0.,0.));
#9280=DIRECTION('',(0.,0.,-1.));
#9281=DIRECTION('',(-1.,0.,0.));
#9282=DIRECTION('',(0.,0.,-1.));
#9283=DIRECTION('',(-1.,0.,0.));
#9284=DIRECTION('',(0.,0.,-1.));
#9285=DIRECTION('',(-1.,0.,0.));
#9286=DIRECTION('',(0.,0.,-1.));
#9287=DIRECTION('',(-1.,0.,0.));
#9288=DIRECTION('',(0.,0.,1.));
#9289=DIRECTION('',(-6.12323399573677E-17,1.,0.));
#9290=DIRECTION('',(0.,0.,-1.));
#9291=DIRECTION('',(1.,0.,0.));
#9292=DIRECTION('',(0.,0.,-1.));
#9293=DIRECTION('',(-1.,0.,0.));
#9294=DIRECTION('',(0.,0.,-1.));
#9295=DIRECTION('',(-1.,0.,0.));
#9296=DIRECTION('',(0.,0.,-1.));
#9297=DIRECTION('',(-1.,0.,0.));
#9298=DIRECTION('',(0.,0.,-1.));
#9299=DIRECTION('',(-1.,0.,0.));
#9300=DIRECTION('',(0.,0.,-1.));
#9301=DIRECTION('',(-1.,0.,0.));
#9302=DIRECTION('',(0.,0.,-1.));
#9303=DIRECTION('',(-1.,0.,0.));
#9304=DIRECTION('',(0.,0.,-1.));
#9305=DIRECTION('',(-1.,0.,0.));
#9306=DIRECTION('',(0.,0.,-1.));
#9307=DIRECTION('',(-1.,0.,0.));
#9308=DIRECTION('',(0.,0.,-1.));
#9309=DIRECTION('',(-1.,0.,0.));
#9310=DIRECTION('',(0.,0.,1.));
#9311=DIRECTION('',(1.,0.,0.));
#9312=DIRECTION('',(0.,0.,-1.));
#9313=DIRECTION('',(-1.,0.,0.));
#9314=DIRECTION('',(0.,0.,-1.));
#9315=DIRECTION('',(-1.,0.,0.));
#9316=DIRECTION('',(0.,0.,-1.));
#9317=DIRECTION('',(-1.,0.,0.));
#9318=DIRECTION('',(0.,0.,-1.));
#9319=DIRECTION('',(-1.,0.,0.));
#9320=DIRECTION('',(0.,0.,-1.));
#9321=DIRECTION('',(-1.,0.,0.));
#9322=DIRECTION('',(0.,0.,-1.));
#9323=DIRECTION('',(-1.,0.,0.));
#9324=DIRECTION('',(0.,0.,-1.));
#9325=DIRECTION('',(-1.,0.,0.));
#9326=DIRECTION('',(0.,0.,-1.));
#9327=DIRECTION('',(-1.,0.,0.));
#9328=DIRECTION('',(0.,0.,1.));
#9329=DIRECTION('',(-6.12323399573677E-17,1.,0.));
#9330=DIRECTION('',(0.,0.,-1.));
#9331=DIRECTION('',(-1.,0.,0.));
#9332=DIRECTION('',(0.,0.,-1.));
#9333=DIRECTION('',(-1.,0.,0.));
#9334=DIRECTION('',(0.,0.,-1.));
#9335=DIRECTION('',(-1.,0.,0.));
#9336=DIRECTION('',(0.,0.,-1.));
#9337=DIRECTION('',(3.06161699786839E-16,0.,-1.));
#9338=DIRECTION('',(-1.,0.,-3.06161699786839E-16));
#9339=DIRECTION('',(0.,0.,-1.));
#9340=DIRECTION('',(0.,0.,-1.));
#9341=DIRECTION('',(-1.,0.,0.));
#9342=DIRECTION('',(0.,0.,-1.));
#9343=DIRECTION('',(-1.,0.,0.));
#9344=DIRECTION('',(0.,0.,-1.));
#9345=DIRECTION('',(-1.,0.,0.));
#9346=DIRECTION('',(0.,0.,-1.));
#9347=DIRECTION('',(3.06161699786839E-16,0.,-1.));
#9348=DIRECTION('',(-1.,0.,-3.06161699786839E-16));
#9349=DIRECTION('',(0.,0.,-1.));
#9350=DIRECTION('',(0.,0.,1.));
#9351=DIRECTION('',(1.,0.,0.));
#9352=DIRECTION('',(0.,0.,-1.));
#9353=DIRECTION('',(-1.,0.,0.));
#9354=DIRECTION('',(3.06161699786839E-16,0.,-1.));
#9355=DIRECTION('',(-1.,0.,-3.06161699786839E-16));
#9356=DIRECTION('',(1.,0.,3.06161699786839E-16));
#9357=DIRECTION('',(1.,0.,3.06161699786839E-16));
#9358=DIRECTION('',(0.,-1.,0.));
#9359=DIRECTION('',(0.,0.,-1.));
#9360=DIRECTION('',(0.,-1.,0.));
#9361=DIRECTION('',(1.,0.,0.));
#9362=DIRECTION('',(0.,-1.,0.));
#9363=DIRECTION('',(1.,0.,0.));
#9364=DIRECTION('',(0.,-1.,0.));
#9365=DIRECTION('',(1.,0.,0.));
#9366=DIRECTION('',(0.,-1.,0.));
#9367=DIRECTION('',(1.,0.,0.));
#9368=DIRECTION('',(0.,0.,1.));
#9369=DIRECTION('',(-6.12323399573677E-17,1.,0.));
#9370=DIRECTION('',(0.,1.,0.));
#9371=DIRECTION('',(0.,0.,1.));
#9372=DIRECTION('',(0.,-1.,0.));
#9373=DIRECTION('',(1.,0.,0.));
#9374=DIRECTION('',(0.,1.,0.));
#9375=DIRECTION('',(0.,-1.,0.));
#9376=DIRECTION('',(1.,0.,0.));
#9377=DIRECTION('',(0.,1.,0.));
#9378=DIRECTION('',(1.,0.,1.22464679914735E-16));
#9379=DIRECTION('',(1.22464679914735E-16,0.,-1.));
#9380=DIRECTION('',(1.22464679914735E-16,0.,-1.));
#9381=DIRECTION('',(0.,1.,0.));
#9382=DIRECTION('',(1.22464679914735E-16,0.,-1.));
#9383=DIRECTION('',(0.,1.,0.));
#9384=DIRECTION('',(0.,0.,1.));
#9385=DIRECTION('',(0.,-1.,0.));
#9386=DIRECTION('',(0.,0.,-1.));
#9387=DIRECTION('',(0.,1.,0.));
#9388=DIRECTION('',(0.,-1.,0.));
#9389=DIRECTION('',(0.,0.,-1.));
#9390=DIRECTION('',(1.22464679914735E-16,0.,-1.));
#9391=DIRECTION('',(-1.,0.,-1.22464679914735E-16));
#9392=DIRECTION('',(-1.,0.,-1.22464679914735E-16));
#9393=DIRECTION('',(0.,1.,0.));
#9394=DIRECTION('',(-1.,0.,-1.22464679914735E-16));
#9395=DIRECTION('',(1.,0.,1.22464679914735E-16));
#9396=DIRECTION('',(1.22464679914735E-16,0.,-1.));
#9397=DIRECTION('',(1.22464679914735E-16,0.,-1.));
#9398=DIRECTION('',(0.,1.,0.));
#9399=DIRECTION('',(1.22464679914735E-16,0.,-1.));
#9400=DIRECTION('',(1.83697019872103E-16,0.,-1.));
#9401=DIRECTION('',(-1.,0.,-1.83697019872103E-16));
#9402=DIRECTION('',(-1.,0.,-1.83697019872103E-16));
#9403=DIRECTION('',(0.,1.,0.));
#9404=DIRECTION('',(-1.,0.,-1.83697019872103E-16));
#9405=DIRECTION('',(0.,1.,0.));
#9406=DIRECTION('',(0.,0.,1.));
#9407=DIRECTION('',(0.,-1.,0.));
#9408=DIRECTION('',(-1.70740499604017E-16,0.,-1.));
#9409=DIRECTION('',(0.,1.,0.));
#9410=DIRECTION('',(0.,-1.,0.));
#9411=DIRECTION('',(-1.70740499604017E-16,0.,-1.));
#9412=DIRECTION('',(1.,0.,1.22464679914735E-16));
#9413=DIRECTION('',(1.22464679914735E-16,0.,-1.));
#9414=DIRECTION('',(1.22464679914735E-16,0.,-1.));
#9415=DIRECTION('',(0.,1.,0.));
#9416=DIRECTION('',(1.22464679914735E-16,0.,-1.));
#9417=DIRECTION('',(0.,1.,0.));
#9418=DIRECTION('',(0.,0.,1.));
#9419=DIRECTION('',(0.,-1.,0.));
#9420=DIRECTION('',(1.,0.,0.));
#9421=DIRECTION('',(0.,1.,0.));
#9422=DIRECTION('',(0.,-1.,0.));
#9423=DIRECTION('',(1.,0.,0.));
#9424=DIRECTION('',(-3.06161699786839E-16,0.,1.));
#9425=DIRECTION('',(1.,0.,3.06161699786839E-16));
#9426=DIRECTION('',(1.,0.,3.06161699786839E-16));
#9427=DIRECTION('',(0.,1.,0.));
#9428=DIRECTION('',(1.,0.,3.06161699786839E-16));
#9429=DIRECTION('',(-1.,0.,0.));
#9430=DIRECTION('',(0.,0.,1.));
#9431=DIRECTION('',(0.,0.,1.));
#9432=DIRECTION('',(0.,1.,0.));
#9433=DIRECTION('',(0.,0.,1.));
#9434=DIRECTION('',(1.83697019872103E-16,0.,-1.));
#9435=DIRECTION('',(-1.,0.,-1.83697019872103E-16));
#9436=DIRECTION('',(-1.,0.,-1.83697019872103E-16));
#9437=DIRECTION('',(-1.,0.,-1.83697019872103E-16));
#9438=DIRECTION('',(0.,-1.,0.));
#9439=DIRECTION('',(1.,0.,0.));
#9440=DIRECTION('',(0.,-1.,0.));
#9441=DIRECTION('',(1.,0.,0.));
#9442=DIRECTION('',(5.55111512312578E-17,2.3918036092146E-16,1.));
#9443=DIRECTION('',(-1.63755986353796E-16,1.,-2.3918036092146E-16));
#9444=DIRECTION('',(0.,0.,1.));
#9445=DIRECTION('',(1.,0.,0.));
#9446=DIRECTION('',(0.,0.,-1.));
#9447=DIRECTION('',(-1.,0.,0.));
#9448=DIRECTION('',(0.,0.,-1.));
#9449=DIRECTION('',(-1.,0.,0.));
#9450=DIRECTION('',(0.,0.,-1.));
#9451=DIRECTION('',(-1.,0.,0.));
#9452=DIRECTION('',(0.,0.,-1.));
#9453=DIRECTION('',(-1.,0.,0.));
#9454=DIRECTION('',(0.,0.,-1.));
#9455=DIRECTION('',(-1.,0.,0.));
#9456=DIRECTION('',(0.,0.,-1.));
#9457=DIRECTION('',(-1.,0.,0.));
#9458=DIRECTION('',(0.,0.,-1.));
#9459=DIRECTION('',(0.,0.,-1.));
#9460=DIRECTION('',(-1.,0.,0.));
#9461=DIRECTION('',(0.,0.,-1.));
#9462=DIRECTION('',(-1.,0.,0.));
#9463=DIRECTION('',(0.,0.,-1.));
#9464=DIRECTION('',(-1.,0.,0.));
#9465=DIRECTION('',(0.,0.,-1.));
#9466=DIRECTION('',(-1.,0.,0.));
#9467=DIRECTION('',(0.,0.,-1.));
#9468=DIRECTION('',(0.,0.,1.));
#9469=DIRECTION('',(1.,0.,0.));
#9470=DIRECTION('',(0.,0.,-1.));
#9471=DIRECTION('',(0.,0.,1.));
#9472=DIRECTION('',(1.,0.,0.));
#9473=DIRECTION('',(0.,0.,-1.));
#9474=DIRECTION('',(0.,0.,-1.));
#9475=DIRECTION('',(-1.,0.,0.));
#9476=DIRECTION('',(0.,0.,-1.));
#9477=DIRECTION('',(-1.,0.,0.));
#9478=DIRECTION('',(0.,0.,-1.));
#9479=DIRECTION('',(0.,0.,1.));
#9480=DIRECTION('',(1.,0.,0.));
#9481=DIRECTION('',(0.,0.,-1.));
#9482=DIRECTION('',(-1.,0.,0.));
#9483=DIRECTION('',(0.,0.,-1.));
#9484=DIRECTION('',(0.,0.,1.));
#9485=DIRECTION('',(1.,0.,0.));
#9486=DIRECTION('',(0.,0.,-1.));
#9487=DIRECTION('',(-1.,0.,0.));
#9488=DIRECTION('',(0.,0.,-1.));
#9489=DIRECTION('',(0.,0.,1.));
#9490=DIRECTION('',(1.,0.,0.));
#9491=DIRECTION('',(0.,0.,-1.));
#9492=DIRECTION('',(-1.,0.,0.));
#9493=DIRECTION('',(0.,0.,-1.));
#9494=DIRECTION('',(0.,0.,-1.));
#9495=DIRECTION('',(-1.,0.,0.));
#9496=DIRECTION('',(0.,0.,-1.));
#9497=DIRECTION('',(0.,0.,1.));
#9498=DIRECTION('',(1.,0.,0.));
#9499=DIRECTION('',(0.,0.,-1.));
#9500=DIRECTION('',(0.,0.,-1.));
#9501=DIRECTION('',(-1.,0.,0.));
#9502=DIRECTION('',(0.,0.,-1.));
#9503=DIRECTION('',(0.,0.,-1.));
#9504=DIRECTION('',(0.,0.,-1.));
#9505=DIRECTION('',(-1.,0.,0.));
#9506=DIRECTION('',(0.,0.,-1.));
#9507=DIRECTION('',(0.,0.,-1.));
#9508=DIRECTION('',(-1.,0.,0.));
#9509=DIRECTION('',(0.,0.,-1.));
#9510=DIRECTION('',(-1.,0.,0.));
#9511=DIRECTION('',(0.,0.,-1.));
#9512=DIRECTION('',(-1.,0.,0.));
#9513=DIRECTION('',(0.,0.,-1.));
#9514=DIRECTION('',(0.,0.,-1.));
#9515=DIRECTION('',(0.,0.,-1.));
#9516=DIRECTION('',(-1.,0.,0.));
#9517=DIRECTION('',(0.,0.,-1.));
#9518=DIRECTION('',(0.,0.,1.));
#9519=DIRECTION('',(1.,0.,0.));
#9520=DIRECTION('',(0.,0.,1.));
#9521=DIRECTION('',(1.,0.,0.));
#9522=DIRECTION('',(0.,0.,-1.));
#9523=DIRECTION('',(0.,0.,-1.));
#9524=DIRECTION('',(0.,0.,-1.));
#9525=DIRECTION('',(-1.,0.,0.));
#9526=DIRECTION('',(0.,0.,-1.));
#9527=DIRECTION('',(0.,0.,-1.));
#9528=DIRECTION('',(-1.,0.,0.));
#9529=DIRECTION('',(0.,0.,-1.));
#9530=DIRECTION('',(0.,0.,-1.));
#9531=DIRECTION('',(-1.,0.,0.));
#9532=DIRECTION('',(0.,0.,-1.));
#9533=DIRECTION('',(0.,0.,1.));
#9534=DIRECTION('',(1.,0.,0.));
#9535=DIRECTION('',(0.,0.,-1.));
#9536=DIRECTION('',(0.,0.,-1.));
#9537=DIRECTION('',(-1.,0.,0.));
#9538=DIRECTION('',(0.,0.,-1.));
#9539=DIRECTION('',(0.,0.,1.));
#9540=DIRECTION('',(1.,0.,0.));
#9541=DIRECTION('',(0.,0.,-1.));
#9542=DIRECTION('',(0.,0.,-1.));
#9543=DIRECTION('',(-1.,0.,0.));
#9544=DIRECTION('',(0.,0.,-1.));
#9545=DIRECTION('',(-1.,0.,0.));
#9546=DIRECTION('',(0.,0.,-1.));
#9547=DIRECTION('',(-1.,0.,0.));
#9548=DIRECTION('',(0.,0.,-1.));
#9549=DIRECTION('',(-1.,0.,0.));
#9550=DIRECTION('',(0.,0.,-1.));
#9551=DIRECTION('',(0.,0.,-1.));
#9552=DIRECTION('',(0.,0.,-1.));
#9553=DIRECTION('',(-1.,0.,0.));
#9554=DIRECTION('',(0.,0.,-1.));
#9555=DIRECTION('',(0.,0.,-1.));
#9556=DIRECTION('',(0.,0.,-1.));
#9557=DIRECTION('',(-1.,0.,0.));
#9558=DIRECTION('',(0.,0.,-1.));
#9559=DIRECTION('',(0.,0.,1.));
#9560=DIRECTION('',(1.,0.,0.));
#9561=DIRECTION('',(0.,0.,-1.));
#9562=DIRECTION('',(0.,0.,-1.));
#9563=DIRECTION('',(0.,0.,-1.));
#9564=DIRECTION('',(-1.,0.,0.));
#9565=DIRECTION('',(0.,0.,-1.));
#9566=DIRECTION('',(0.,0.,-1.));
#9567=DIRECTION('',(0.,0.,1.));
#9568=DIRECTION('',(1.,0.,0.));
#9569=DIRECTION('',(0.,0.,-1.));
#9570=DIRECTION('',(0.,0.,-1.));
#9571=DIRECTION('',(0.,0.,1.));
#9572=DIRECTION('',(1.,0.,0.));
#9573=DIRECTION('',(0.,0.,-1.));
#9574=DIRECTION('',(0.,0.,-1.));
#9575=DIRECTION('',(0.,0.,1.));
#9576=DIRECTION('',(1.,0.,0.));
#9577=DIRECTION('',(0.,0.,-1.));
#9578=DIRECTION('',(-1.,0.,0.));
#9579=DIRECTION('',(0.,0.,-1.));
#9580=DIRECTION('',(-1.,0.,0.));
#9581=DIRECTION('',(0.,0.,-1.));
#9582=DIRECTION('',(-1.,0.,0.));
#9583=DIRECTION('',(0.,0.,-1.));
#9584=DIRECTION('',(-1.,0.,0.));
#9585=DIRECTION('',(0.,0.,-1.));
#9586=DIRECTION('',(-1.,0.,0.));
#9587=DIRECTION('',(0.,0.,-1.));
#9588=DIRECTION('',(-1.,0.,0.));
#9589=DIRECTION('',(0.,0.,-1.));
#9590=DIRECTION('',(0.,0.,-1.));
#9591=DIRECTION('',(-1.,0.,0.));
#9592=DIRECTION('',(0.,0.,-1.));
#9593=DIRECTION('',(-1.,0.,0.));
#9594=DIRECTION('',(0.,0.,-1.));
#9595=DIRECTION('',(-1.,0.,0.));
#9596=DIRECTION('',(0.,0.,-1.));
#9597=DIRECTION('',(-1.,0.,0.));
#9598=DIRECTION('',(0.,0.,-1.));
#9599=DIRECTION('',(0.,0.,1.));
#9600=DIRECTION('',(1.,0.,0.));
#9601=DIRECTION('',(0.,0.,-1.));
#9602=DIRECTION('',(0.,0.,1.));
#9603=DIRECTION('',(1.,0.,0.));
#9604=DIRECTION('',(0.,0.,-1.));
#9605=DIRECTION('',(0.,0.,-1.));
#9606=DIRECTION('',(-1.,0.,0.));
#9607=DIRECTION('',(0.,0.,-1.));
#9608=DIRECTION('',(-1.,0.,0.));
#9609=DIRECTION('',(0.,0.,-1.));
#9610=DIRECTION('',(0.,0.,1.));
#9611=DIRECTION('',(1.,0.,0.));
#9612=DIRECTION('',(0.,0.,-1.));
#9613=DIRECTION('',(-1.,0.,0.));
#9614=DIRECTION('',(0.,0.,-1.));
#9615=DIRECTION('',(0.,0.,1.));
#9616=DIRECTION('',(1.,0.,0.));
#9617=DIRECTION('',(0.,0.,-1.));
#9618=DIRECTION('',(-1.,0.,0.));
#9619=DIRECTION('',(0.,0.,-1.));
#9620=DIRECTION('',(0.,0.,1.));
#9621=DIRECTION('',(1.,0.,0.));
#9622=DIRECTION('',(0.,0.,-1.));
#9623=DIRECTION('',(-1.,0.,0.));
#9624=DIRECTION('',(0.,0.,-1.));
#9625=DIRECTION('',(0.,0.,-1.));
#9626=DIRECTION('',(-1.,0.,0.));
#9627=DIRECTION('',(0.,0.,-1.));
#9628=DIRECTION('',(0.,0.,1.));
#9629=DIRECTION('',(1.,0.,0.));
#9630=DIRECTION('',(0.,0.,-1.));
#9631=DIRECTION('',(0.,0.,-1.));
#9632=DIRECTION('',(-1.,0.,0.));
#9633=DIRECTION('',(0.,0.,-1.));
#9634=DIRECTION('',(0.,0.,-1.));
#9635=DIRECTION('',(0.,0.,-1.));
#9636=DIRECTION('',(-1.,0.,0.));
#9637=DIRECTION('',(0.,0.,-1.));
#9638=DIRECTION('',(0.,0.,-1.));
#9639=DIRECTION('',(-1.,0.,0.));
#9640=DIRECTION('',(0.,0.,-1.));
#9641=DIRECTION('',(-1.,0.,0.));
#9642=DIRECTION('',(0.,0.,-1.));
#9643=DIRECTION('',(-1.,0.,0.));
#9644=DIRECTION('',(0.,0.,-1.));
#9645=DIRECTION('',(0.,0.,-1.));
#9646=DIRECTION('',(0.,0.,-1.));
#9647=DIRECTION('',(-1.,0.,0.));
#9648=DIRECTION('',(0.,0.,-1.));
#9649=DIRECTION('',(0.,0.,1.));
#9650=DIRECTION('',(1.,0.,0.));
#9651=DIRECTION('',(0.,0.,1.));
#9652=DIRECTION('',(1.,0.,0.));
#9653=DIRECTION('',(0.,0.,-1.));
#9654=DIRECTION('',(0.,0.,-1.));
#9655=DIRECTION('',(0.,0.,-1.));
#9656=DIRECTION('',(-1.,0.,0.));
#9657=DIRECTION('',(0.,0.,-1.));
#9658=DIRECTION('',(0.,0.,-1.));
#9659=DIRECTION('',(-1.,0.,0.));
#9660=DIRECTION('',(0.,0.,-1.));
#9661=DIRECTION('',(0.,0.,-1.));
#9662=DIRECTION('',(-1.,0.,0.));
#9663=DIRECTION('',(0.,0.,-1.));
#9664=DIRECTION('',(0.,0.,1.));
#9665=DIRECTION('',(1.,0.,0.));
#9666=DIRECTION('',(0.,0.,-1.));
#9667=DIRECTION('',(0.,0.,-1.));
#9668=DIRECTION('',(-1.,0.,0.));
#9669=DIRECTION('',(0.,0.,-1.));
#9670=DIRECTION('',(0.,0.,1.));
#9671=DIRECTION('',(1.,0.,0.));
#9672=DIRECTION('',(0.,0.,-1.));
#9673=DIRECTION('',(0.,0.,-1.));
#9674=DIRECTION('',(-1.,0.,0.));
#9675=DIRECTION('',(0.,0.,-1.));
#9676=DIRECTION('',(-1.,0.,0.));
#9677=DIRECTION('',(0.,0.,-1.));
#9678=DIRECTION('',(-1.,0.,0.));
#9679=DIRECTION('',(0.,0.,-1.));
#9680=DIRECTION('',(-1.,0.,0.));
#9681=DIRECTION('',(0.,0.,-1.));
#9682=DIRECTION('',(0.,0.,-1.));
#9683=DIRECTION('',(0.,0.,-1.));
#9684=DIRECTION('',(-1.,0.,0.));
#9685=DIRECTION('',(0.,0.,-1.));
#9686=DIRECTION('',(0.,0.,-1.));
#9687=DIRECTION('',(0.,0.,-1.));
#9688=DIRECTION('',(-1.,0.,0.));
#9689=DIRECTION('',(0.,0.,-1.));
#9690=DIRECTION('',(0.,0.,1.));
#9691=DIRECTION('',(1.,0.,0.));
#9692=DIRECTION('',(0.,0.,-1.));
#9693=DIRECTION('',(0.,0.,-1.));
#9694=DIRECTION('',(0.,0.,-1.));
#9695=DIRECTION('',(-1.,0.,0.));
#9696=DIRECTION('',(0.,0.,-1.));
#9697=DIRECTION('',(0.,0.,-1.));
#9698=DIRECTION('',(0.,0.,1.));
#9699=DIRECTION('',(1.,0.,0.));
#9700=DIRECTION('',(0.,0.,-1.));
#9701=DIRECTION('',(0.,0.,-1.));
#9702=DIRECTION('',(0.,0.,1.));
#9703=DIRECTION('',(1.,0.,0.));
#9704=DIRECTION('',(0.,0.,-1.));
#9705=DIRECTION('',(0.,0.,-1.));
#9706=DIRECTION('',(0.,0.,1.));
#9707=DIRECTION('',(1.,0.,0.));
#9708=DIRECTION('',(0.,0.,-1.));
#9709=DIRECTION('',(-1.,0.,0.));
#9710=DIRECTION('',(0.,0.,-1.));
#9711=DIRECTION('',(-1.,0.,0.));
#9712=DIRECTION('',(0.,0.,-1.));
#9713=DIRECTION('',(-1.,0.,0.));
#9714=DIRECTION('',(0.,0.,-1.));
#9715=DIRECTION('',(-1.,0.,0.));
#9716=DIRECTION('',(0.,0.,-1.));
#9717=DIRECTION('',(-1.,0.,0.));
#9718=DIRECTION('',(0.,0.,-1.));
#9719=DIRECTION('',(-1.,0.,0.));
#9720=DIRECTION('',(0.,0.,-1.));
#9721=DIRECTION('',(0.,0.,-1.));
#9722=DIRECTION('',(-1.,0.,0.));
#9723=DIRECTION('',(0.,0.,-1.));
#9724=DIRECTION('',(-1.,0.,0.));
#9725=DIRECTION('',(0.,0.,-1.));
#9726=DIRECTION('',(-1.,0.,0.));
#9727=DIRECTION('',(0.,0.,-1.));
#9728=DIRECTION('',(-1.,0.,0.));
#9729=DIRECTION('',(0.,0.,-1.));
#9730=DIRECTION('',(0.,0.,1.));
#9731=DIRECTION('',(1.,0.,0.));
#9732=DIRECTION('',(0.,0.,-1.));
#9733=DIRECTION('',(0.,0.,1.));
#9734=DIRECTION('',(1.,0.,0.));
#9735=DIRECTION('',(0.,0.,-1.));
#9736=DIRECTION('',(0.,0.,-1.));
#9737=DIRECTION('',(-1.,0.,0.));
#9738=DIRECTION('',(0.,0.,-1.));
#9739=DIRECTION('',(-1.,0.,0.));
#9740=DIRECTION('',(0.,0.,-1.));
#9741=DIRECTION('',(0.,0.,1.));
#9742=DIRECTION('',(1.,0.,0.));
#9743=DIRECTION('',(0.,0.,-1.));
#9744=DIRECTION('',(-1.,0.,0.));
#9745=DIRECTION('',(0.,0.,-1.));
#9746=DIRECTION('',(0.,0.,1.));
#9747=DIRECTION('',(1.,0.,0.));
#9748=DIRECTION('',(0.,0.,-1.));
#9749=DIRECTION('',(-1.,0.,0.));
#9750=DIRECTION('',(0.,0.,-1.));
#9751=DIRECTION('',(0.,0.,1.));
#9752=DIRECTION('',(1.,0.,0.));
#9753=DIRECTION('',(0.,0.,-1.));
#9754=DIRECTION('',(-1.,0.,0.));
#9755=DIRECTION('',(0.,0.,-1.));
#9756=DIRECTION('',(0.,0.,-1.));
#9757=DIRECTION('',(-1.,0.,0.));
#9758=DIRECTION('',(0.,0.,-1.));
#9759=DIRECTION('',(0.,0.,1.));
#9760=DIRECTION('',(1.,0.,0.));
#9761=DIRECTION('',(0.,0.,-1.));
#9762=DIRECTION('',(0.,0.,-1.));
#9763=DIRECTION('',(-1.,0.,0.));
#9764=DIRECTION('',(0.,0.,-1.));
#9765=DIRECTION('',(0.,0.,-1.));
#9766=DIRECTION('',(0.,0.,-1.));
#9767=DIRECTION('',(-1.,0.,0.));
#9768=DIRECTION('',(0.,0.,-1.));
#9769=DIRECTION('',(0.,0.,-1.));
#9770=DIRECTION('',(-1.,0.,0.));
#9771=DIRECTION('',(0.,0.,-1.));
#9772=DIRECTION('',(-1.,0.,0.));
#9773=DIRECTION('',(0.,0.,-1.));
#9774=DIRECTION('',(-1.,0.,0.));
#9775=DIRECTION('',(0.,0.,-1.));
#9776=DIRECTION('',(0.,0.,-1.));
#9777=DIRECTION('',(0.,0.,-1.));
#9778=DIRECTION('',(-1.,0.,0.));
#9779=DIRECTION('',(0.,0.,-1.));
#9780=DIRECTION('',(0.,0.,1.));
#9781=DIRECTION('',(1.,0.,0.));
#9782=DIRECTION('',(0.,0.,1.));
#9783=DIRECTION('',(1.,0.,0.));
#9784=DIRECTION('',(0.,0.,-1.));
#9785=DIRECTION('',(0.,0.,-1.));
#9786=DIRECTION('',(0.,0.,-1.));
#9787=DIRECTION('',(-1.,0.,0.));
#9788=DIRECTION('',(0.,0.,-1.));
#9789=DIRECTION('',(0.,0.,-1.));
#9790=DIRECTION('',(-1.,0.,0.));
#9791=DIRECTION('',(0.,0.,-1.));
#9792=DIRECTION('',(0.,0.,-1.));
#9793=DIRECTION('',(-1.,0.,0.));
#9794=DIRECTION('',(0.,0.,-1.));
#9795=DIRECTION('',(0.,0.,1.));
#9796=DIRECTION('',(1.,0.,0.));
#9797=DIRECTION('',(0.,0.,-1.));
#9798=DIRECTION('',(0.,0.,-1.));
#9799=DIRECTION('',(-1.,0.,0.));
#9800=DIRECTION('',(0.,0.,-1.));
#9801=DIRECTION('',(0.,0.,1.));
#9802=DIRECTION('',(1.,0.,0.));
#9803=DIRECTION('',(0.,0.,-1.));
#9804=DIRECTION('',(0.,0.,-1.));
#9805=DIRECTION('',(-1.,0.,0.));
#9806=DIRECTION('',(0.,0.,-1.));
#9807=DIRECTION('',(-1.,0.,0.));
#9808=DIRECTION('',(0.,0.,-1.));
#9809=DIRECTION('',(-1.,0.,0.));
#9810=DIRECTION('',(0.,0.,-1.));
#9811=DIRECTION('',(-1.,0.,0.));
#9812=DIRECTION('',(0.,0.,-1.));
#9813=DIRECTION('',(0.,0.,-1.));
#9814=DIRECTION('',(0.,0.,-1.));
#9815=DIRECTION('',(-1.,0.,0.));
#9816=DIRECTION('',(0.,0.,-1.));
#9817=DIRECTION('',(0.,0.,-1.));
#9818=DIRECTION('',(0.,0.,-1.));
#9819=DIRECTION('',(-1.,0.,0.));
#9820=DIRECTION('',(0.,0.,-1.));
#9821=DIRECTION('',(0.,0.,1.));
#9822=DIRECTION('',(1.,0.,0.));
#9823=DIRECTION('',(0.,0.,-1.));
#9824=DIRECTION('',(0.,0.,-1.));
#9825=DIRECTION('',(0.,0.,-1.));
#9826=DIRECTION('',(-1.,0.,0.));
#9827=DIRECTION('',(0.,0.,-1.));
#9828=DIRECTION('',(0.,0.,-1.));
#9829=DIRECTION('',(0.,0.,1.));
#9830=DIRECTION('',(1.,0.,0.));
#9831=DIRECTION('',(0.,0.,-1.));
#9832=DIRECTION('',(0.,0.,-1.));
#9833=DIRECTION('',(0.,0.,1.));
#9834=DIRECTION('',(1.,0.,0.));
#9835=DIRECTION('',(0.,0.,-1.));
#9836=DIRECTION('',(0.,0.,-1.));
#9837=DIRECTION('',(0.,0.,1.));
#9838=DIRECTION('',(1.,0.,0.));
#9839=DIRECTION('',(0.,0.,-1.));
#9840=DIRECTION('',(-1.,0.,0.));
#9841=DIRECTION('',(0.,0.,-1.));
#9842=DIRECTION('',(-1.,0.,0.));
#9843=DIRECTION('',(0.,0.,-1.));
#9844=DIRECTION('',(-1.,0.,0.));
#9845=DIRECTION('',(0.,0.,-1.));
#9846=DIRECTION('',(-1.,0.,0.));
#9847=DIRECTION('',(0.,0.,-1.));
#9848=DIRECTION('',(-1.,0.,0.));
#9849=DIRECTION('',(0.,0.,-1.));
#9850=DIRECTION('',(-1.,0.,0.));
#9851=DIRECTION('',(0.,0.,-1.));
#9852=DIRECTION('',(0.,0.,-1.));
#9853=DIRECTION('',(-1.,0.,0.));
#9854=DIRECTION('',(0.,0.,-1.));
#9855=DIRECTION('',(-1.,0.,0.));
#9856=DIRECTION('',(0.,0.,-1.));
#9857=DIRECTION('',(-1.,0.,0.));
#9858=DIRECTION('',(0.,0.,-1.));
#9859=DIRECTION('',(0.,0.,1.));
#9860=DIRECTION('',(1.,0.,0.));
#9861=DIRECTION('',(0.,0.,-1.));
#9862=DIRECTION('',(0.,0.,1.));
#9863=DIRECTION('',(1.,0.,0.));
#9864=DIRECTION('',(0.,0.,-1.));
#9865=DIRECTION('',(0.,0.,-1.));
#9866=DIRECTION('',(-1.,0.,0.));
#9867=DIRECTION('',(0.,0.,-1.));
#9868=DIRECTION('',(-1.,0.,0.));
#9869=DIRECTION('',(0.,0.,-1.));
#9870=DIRECTION('',(-1.,0.,0.));
#9871=DIRECTION('',(0.,0.,-1.));
#9872=DIRECTION('',(0.,0.,1.));
#9873=DIRECTION('',(1.,0.,0.));
#9874=DIRECTION('',(0.,0.,-1.));
#9875=DIRECTION('',(-1.,0.,0.));
#9876=DIRECTION('',(0.,0.,-1.));
#9877=DIRECTION('',(0.,0.,1.));
#9878=DIRECTION('',(1.,0.,0.));
#9879=DIRECTION('',(0.,0.,-1.));
#9880=DIRECTION('',(-1.,0.,0.));
#9881=DIRECTION('',(0.,0.,-1.));
#9882=DIRECTION('',(0.,0.,1.));
#9883=DIRECTION('',(1.,0.,0.));
#9884=DIRECTION('',(0.,0.,-1.));
#9885=DIRECTION('',(-1.,0.,0.));
#9886=DIRECTION('',(0.,0.,-1.));
#9887=DIRECTION('',(-1.,0.,0.));
#9888=DIRECTION('',(0.,0.,-1.));
#9889=DIRECTION('',(0.,0.,-1.));
#9890=DIRECTION('',(0.,0.,-1.));
#9891=DIRECTION('',(-1.,0.,0.));
#9892=DIRECTION('',(0.,0.,-1.));
#9893=DIRECTION('',(0.,0.,1.));
#9894=DIRECTION('',(1.,0.,0.));
#9895=DIRECTION('',(0.,0.,1.));
#9896=DIRECTION('',(1.,0.,0.));
#9897=DIRECTION('',(0.,0.,-1.));
#9898=DIRECTION('',(0.,0.,-1.));
#9899=DIRECTION('',(0.,0.,-1.));
#9900=DIRECTION('',(-1.,0.,0.));
#9901=DIRECTION('',(0.,0.,-1.));
#9902=DIRECTION('',(0.,0.,-1.));
#9903=DIRECTION('',(-1.,0.,0.));
#9904=DIRECTION('',(0.,0.,-1.));
#9905=DIRECTION('',(0.,0.,-1.));
#9906=DIRECTION('',(-1.,0.,0.));
#9907=DIRECTION('',(0.,0.,-1.));
#9908=DIRECTION('',(0.,0.,1.));
#9909=DIRECTION('',(1.,0.,0.));
#9910=DIRECTION('',(0.,0.,-1.));
#9911=DIRECTION('',(0.,0.,-1.));
#9912=DIRECTION('',(-1.,0.,0.));
#9913=DIRECTION('',(0.,0.,-1.));
#9914=DIRECTION('',(0.,0.,1.));
#9915=DIRECTION('',(1.,0.,0.));
#9916=DIRECTION('',(0.,0.,-1.));
#9917=DIRECTION('',(0.,0.,-1.));
#9918=DIRECTION('',(-1.,0.,0.));
#9919=DIRECTION('',(0.,0.,-1.));
#9920=DIRECTION('',(-1.,0.,0.));
#9921=DIRECTION('',(0.,0.,-1.));
#9922=DIRECTION('',(0.,0.,-1.));
#9923=DIRECTION('',(0.,0.,-1.));
#9924=DIRECTION('',(-1.,0.,0.));
#9925=DIRECTION('',(0.,0.,-1.));
#9926=DIRECTION('',(0.,0.,-1.));
#9927=DIRECTION('',(0.,0.,-1.));
#9928=DIRECTION('',(-1.,0.,0.));
#9929=DIRECTION('',(0.,0.,-1.));
#9930=DIRECTION('',(0.,0.,1.));
#9931=DIRECTION('',(1.,0.,0.));
#9932=DIRECTION('',(0.,0.,-1.));
#9933=DIRECTION('',(0.,0.,-1.));
#9934=DIRECTION('',(0.,0.,-1.));
#9935=DIRECTION('',(-1.,0.,0.));
#9936=DIRECTION('',(0.,0.,-1.));
#9937=DIRECTION('',(0.,0.,-1.));
#9938=DIRECTION('',(0.,0.,1.));
#9939=DIRECTION('',(1.,0.,0.));
#9940=DIRECTION('',(0.,0.,-1.));
#9941=DIRECTION('',(0.,0.,-1.));
#9942=DIRECTION('',(0.,0.,1.));
#9943=DIRECTION('',(1.,0.,0.));
#9944=DIRECTION('',(0.,0.,-1.));
#9945=DIRECTION('',(0.,0.,-1.));
#9946=DIRECTION('',(0.,0.,1.));
#9947=DIRECTION('',(1.,0.,0.));
#9948=DIRECTION('',(0.,0.,-1.));
#9949=DIRECTION('',(-1.,0.,0.));
#9950=DIRECTION('',(0.,0.,-1.));
#9951=DIRECTION('',(0.,0.,-1.));
#9952=DIRECTION('',(-1.,0.,0.));
#9953=DIRECTION('',(0.,0.,-1.));
#9954=DIRECTION('',(0.,0.,1.));
#9955=DIRECTION('',(1.,0.,0.));
#9956=DIRECTION('',(0.,0.,-1.));
#9957=DIRECTION('',(0.,0.,-1.));
#9958=DIRECTION('',(-1.,0.,0.));
#9959=DIRECTION('',(0.,0.,-1.));
#9960=DIRECTION('',(0.,0.,-1.));
#9961=DIRECTION('',(0.,0.,-1.));
#9962=DIRECTION('',(-1.,0.,0.));
#9963=DIRECTION('',(0.,0.,-1.));
#9964=DIRECTION('',(0.,0.,-1.));
#9965=DIRECTION('',(-1.,0.,0.));
#9966=DIRECTION('',(0.,0.,-1.));
#9967=DIRECTION('',(-1.,0.,0.));
#9968=DIRECTION('',(0.,0.,-1.));
#9969=DIRECTION('',(-1.,0.,0.));
#9970=DIRECTION('',(0.,0.,1.));
#9971=DIRECTION('',(1.,0.,0.));
#9972=DIRECTION('',(0.,0.,-1.));
#9973=DIRECTION('',(-1.,0.,0.));
#9974=DIRECTION('',(0.,0.,-1.));
#9975=DIRECTION('',(-1.,0.,0.));
#9976=DIRECTION('',(0.,0.,-1.));
#9977=DIRECTION('',(-1.,0.,0.));
#9978=DIRECTION('',(0.,0.,-1.));
#9979=DIRECTION('',(-1.,0.,0.));
#9980=DIRECTION('',(0.,0.,-1.));
#9981=DIRECTION('',(-1.,0.,0.));
#9982=DIRECTION('',(0.,0.,-1.));
#9983=DIRECTION('',(-1.,0.,0.));
#9984=DIRECTION('',(0.,0.,-1.));
#9985=DIRECTION('',(-1.,0.,0.));
#9986=DIRECTION('',(-1.13184868918778E-16,-1.91540189471833E-32,1.));
#9987=DIRECTION('',(-1.,-1.69227734503348E-16,-1.13184868918778E-16));
#9988=DIRECTION('',(0.,0.,1.));
#9989=DIRECTION('',(1.,0.,0.));
#9990=DIRECTION('',(0.,0.,1.));
#9991=DIRECTION('',(1.,0.,0.));
#9992=DIRECTION('',(0.,0.,1.));
#9993=DIRECTION('',(1.,0.,0.));
#9994=DIRECTION('',(0.,0.,1.));
#9995=DIRECTION('',(1.,0.,0.));
#9996=DIRECTION('',(0.,0.,1.));
#9997=DIRECTION('',(1.,0.,0.));
#9998=DIRECTION('',(0.,0.,1.));
#9999=DIRECTION('',(1.,0.,0.));
#10000=DIRECTION('',(0.,0.,1.));
#10001=DIRECTION('',(1.,0.,0.));
#10002=DIRECTION('',(0.,0.,1.));
#10003=DIRECTION('',(1.,0.,0.));
#10004=DIRECTION('',(0.,0.,1.));
#10005=DIRECTION('',(1.,0.,0.));
#10006=DIRECTION('',(0.,0.,1.));
#10007=DIRECTION('',(1.,0.,0.));
#10008=DIRECTION('',(0.,0.,1.));
#10009=DIRECTION('',(1.,0.,0.));
#10010=DIRECTION('',(0.,0.,1.));
#10011=DIRECTION('',(1.,0.,0.));
#10012=DIRECTION('',(0.,0.,1.));
#10013=DIRECTION('',(1.,0.,0.));
#10014=DIRECTION('',(0.,0.,1.));
#10015=DIRECTION('',(1.,0.,0.));
#10016=DIRECTION('',(0.,0.,1.));
#10017=DIRECTION('',(1.,0.,0.));
#10018=DIRECTION('',(0.,0.,1.));
#10019=DIRECTION('',(1.,0.,0.));
#10020=DIRECTION('',(0.,0.,1.));
#10021=DIRECTION('',(1.,0.,0.));
#10022=DIRECTION('',(0.,0.,1.));
#10023=DIRECTION('',(1.,0.,0.));
#10024=DIRECTION('',(0.,0.,1.));
#10025=DIRECTION('',(1.,0.,0.));
#10026=DIRECTION('',(0.,0.,1.));
#10027=DIRECTION('',(1.,0.,0.));
#10028=DIRECTION('',(0.,0.,1.));
#10029=DIRECTION('',(1.,0.,0.));
#10030=DIRECTION('',(0.,0.,1.));
#10031=DIRECTION('',(1.,0.,0.));
#10032=DIRECTION('',(0.,0.,1.));
#10033=DIRECTION('',(1.,0.,0.));
#10034=DIRECTION('',(0.,0.,1.));
#10035=DIRECTION('',(1.,0.,0.));
#10036=DIRECTION('',(0.,0.,1.));
#10037=DIRECTION('',(1.,0.,0.));
#10038=DIRECTION('',(0.,0.,1.));
#10039=DIRECTION('',(1.,0.,0.));
#10040=DIRECTION('',(0.,0.,1.));
#10041=DIRECTION('',(1.,0.,0.));
#10042=DIRECTION('',(0.,0.,1.));
#10043=DIRECTION('',(1.,0.,0.));
#10044=DIRECTION('',(0.,0.,1.));
#10045=DIRECTION('',(1.,0.,0.));
#10046=DIRECTION('',(0.,0.,1.));
#10047=DIRECTION('',(1.,0.,0.));
#10048=DIRECTION('',(0.,0.,1.));
#10049=DIRECTION('',(1.,0.,0.));
#10050=DIRECTION('',(0.,0.,1.));
#10051=DIRECTION('',(1.,0.,0.));
#10052=DIRECTION('',(0.,0.,1.));
#10053=DIRECTION('',(1.,0.,0.));
#10054=DIRECTION('',(0.,0.,1.));
#10055=DIRECTION('',(1.,0.,0.));
#10056=DIRECTION('',(0.,0.,1.));
#10057=DIRECTION('',(1.,0.,0.));
#10058=DIRECTION('',(0.,0.,1.));
#10059=DIRECTION('',(1.,0.,0.));
#10060=DIRECTION('',(1.,0.,0.));
#10061=DIRECTION('',(1.,0.,0.));
#10062=DIRECTION('',(0.,0.,1.));
#10063=DIRECTION('',(1.,0.,0.));
#10064=DIRECTION('',(0.,0.,1.));
#10065=DIRECTION('',(1.,0.,0.));
#10066=DIRECTION('',(1.,0.,0.));
#10067=DIRECTION('',(0.,0.,1.));
#10068=DIRECTION('',(1.,0.,0.));
#10069=DIRECTION('',(1.,0.,0.));
#10070=DIRECTION('',(0.,0.,1.));
#10071=DIRECTION('',(1.,0.,0.));
#10072=DIRECTION('',(0.,0.,1.));
#10073=DIRECTION('',(1.,0.,0.));
#10074=DIRECTION('',(0.,0.,1.));
#10075=DIRECTION('',(1.,0.,0.));
#10076=DIRECTION('',(0.,0.,1.));
#10077=DIRECTION('',(1.,0.,0.));
#10078=DIRECTION('',(0.,0.,1.));
#10079=DIRECTION('',(1.,0.,0.));
#10080=DIRECTION('',(1.,0.,0.));
#10081=DIRECTION('',(1.,0.,0.));
#10082=DIRECTION('',(1.,1.57296243809482E-16,1.75272957387709E-15));
#10083=DIRECTION('',(1.,0.,0.));
#10084=DIRECTION('',(1.,0.,0.));
#10085=DIRECTION('',(1.,-1.57296243809482E-16,1.75272957387709E-15));
#10086=DIRECTION('',(0.,0.,1.));
#10087=DIRECTION('',(1.,0.,0.));
#10088=DIRECTION('',(0.,0.,1.));
#10089=DIRECTION('',(1.,0.,0.));
#10090=DIRECTION('',(0.,0.,1.));
#10091=DIRECTION('',(1.,0.,0.));
#10092=DIRECTION('',(0.,0.,1.));
#10093=DIRECTION('',(1.,0.,0.));
#10094=DIRECTION('',(0.,0.,-1.));
#10095=DIRECTION('',(-1.,0.,0.));
#10096=DIRECTION('',(0.,0.,1.));
#10097=DIRECTION('',(1.,0.,0.));
#10098=DIRECTION('',(0.,0.,-1.));
#10099=DIRECTION('',(-1.,0.,0.));
#10100=DIRECTION('',(0.,0.,1.));
#10101=DIRECTION('',(1.,0.,0.));
#10102=DIRECTION('',(0.,0.,-1.));
#10103=DIRECTION('',(-1.,0.,0.));
#10104=DIRECTION('',(0.,0.,1.));
#10105=DIRECTION('',(1.,0.,0.));
#10106=DIRECTION('',(0.,0.,1.));
#10107=DIRECTION('',(1.,0.,0.));
#10108=DIRECTION('',(0.,0.,1.));
#10109=DIRECTION('',(1.,0.,0.));
#10110=DIRECTION('',(0.,0.,-1.));
#10111=DIRECTION('',(-1.,0.,0.));
#10112=DIRECTION('',(0.,0.,-1.));
#10113=DIRECTION('',(-1.,0.,0.));
#10114=DIRECTION('',(0.,0.,-1.));
#10115=DIRECTION('',(-1.,0.,0.));
#10116=DIRECTION('',(0.,0.,-1.));
#10117=DIRECTION('',(-1.,0.,0.));
#10118=DIRECTION('',(-1.,0.,0.));
#10119=DIRECTION('',(-1.,0.,0.));
#10120=DIRECTION('',(0.,-0.99599720649696,0.0893843646856246));
#10121=DIRECTION('',(0.,-0.0893843646856246,-0.99599720649696));
#10122=DIRECTION('',(0.,0.99599720649696,-0.0893843646856246));
#10123=DIRECTION('',(-1.,0.,0.));
#10124=DIRECTION('',(0.,0.99599720649696,0.0893843646856246));
#10125=DIRECTION('',(0.,0.0893843646856246,-0.99599720649696));
#10126=DIRECTION('',(0.,-0.99599720649696,-0.0893843646856246));
#10127=DIRECTION('',(-1.,0.,0.));
#10128=DIRECTION('',(0.,0.,-1.));
#10129=DIRECTION('',(-1.,0.,0.));
#10130=DIRECTION('',(0.,0.,-1.));
#10131=DIRECTION('',(-1.,0.,0.));
#10132=DIRECTION('',(0.,0.,-1.));
#10133=DIRECTION('',(-1.,0.,0.));
#10134=DIRECTION('',(0.,0.,-1.));
#10135=DIRECTION('',(-1.,0.,0.));
#10136=DIRECTION('',(0.,0.,-1.));
#10137=DIRECTION('',(-1.,0.,0.));
#10138=DIRECTION('',(0.,0.,-1.));
#10139=DIRECTION('',(-1.,0.,0.));
#10140=DIRECTION('',(0.,0.,-1.));
#10141=DIRECTION('',(-1.,0.,0.));
#10142=DIRECTION('',(0.,0.,-1.));
#10143=DIRECTION('',(-1.,0.,0.));
#10144=DIRECTION('',(0.,0.,-1.));
#10145=DIRECTION('',(-1.,0.,0.));
#10146=DIRECTION('',(0.,0.,-1.));
#10147=DIRECTION('',(-1.,0.,0.));
#10148=DIRECTION('',(0.,0.,-1.));
#10149=DIRECTION('',(-1.,0.,0.));
#10150=DIRECTION('',(0.,0.,1.));
#10151=DIRECTION('',(1.,0.,0.));
#10152=DIRECTION('',(0.,0.,1.));
#10153=DIRECTION('',(1.,0.,0.));
#10154=DIRECTION('',(0.,0.,1.));
#10155=DIRECTION('',(1.,0.,0.));
#10156=DIRECTION('',(0.,0.,1.));
#10157=DIRECTION('',(1.,0.,0.));
#10158=DIRECTION('',(-1.13184868918778E-16,-1.91540189471833E-32,1.));
#10159=DIRECTION('',(-1.,-1.69227734503348E-16,-1.13184868918778E-16));
#10160=DIRECTION('',(0.,0.,1.));
#10161=DIRECTION('',(1.,0.,0.));
#10162=DIRECTION('',(0.,0.,-1.));
#10163=DIRECTION('',(-1.,0.,0.));
#10164=DIRECTION('',(0.,0.,-1.));
#10165=DIRECTION('',(-1.,0.,0.));
#10166=DIRECTION('',(0.,0.,-1.));
#10167=DIRECTION('',(-1.,0.,0.));
#10168=DIRECTION('',(0.,0.,-1.));
#10169=DIRECTION('',(-1.,0.,0.));
#10170=DIRECTION('',(0.,0.,-1.));
#10171=DIRECTION('',(-1.,0.,0.));
#10172=DIRECTION('',(0.,0.,-1.));
#10173=DIRECTION('',(-1.,0.,0.));
#10174=DIRECTION('',(0.,0.,-1.));
#10175=DIRECTION('',(-1.,0.,0.));
#10176=DIRECTION('',(-5.55111512312578E-17,1.38777878078145E-17,1.));
#10177=DIRECTION('',(0.129148230088496,-0.991625299528511,2.09307324234089E-17));
#10178=DIRECTION('',(5.55111512312579E-17,6.69813388653781E-17,1.));
#10179=DIRECTION('',(-1.99410335183065E-17,1.,-6.69813388653781E-17));
#10180=DIRECTION('',(0.,0.,1.));
#10181=DIRECTION('',(1.,0.,0.));
#10182=DIRECTION('',(0.,0.,-1.));
#10183=DIRECTION('',(-1.,0.,0.));
#10184=DIRECTION('',(0.,0.,-1.));
#10185=DIRECTION('',(-1.,0.,0.));
#10186=DIRECTION('',(0.,0.,-1.));
#10187=DIRECTION('',(-1.,0.,0.));
#10188=DIRECTION('',(0.,0.,-1.));
#10189=DIRECTION('',(-1.,0.,0.));
#10190=DIRECTION('',(0.,0.,-1.));
#10191=DIRECTION('',(-1.,0.,0.));
#10192=DIRECTION('',(0.,0.,-1.));
#10193=DIRECTION('',(-1.,0.,0.));
#10194=DIRECTION('',(0.,0.,-1.));
#10195=DIRECTION('',(-1.,0.,0.));
#10196=DIRECTION('',(-5.51700574253533E-16,-3.33066907387547E-16,1.));
#10197=DIRECTION('',(-1.,1.10516838014414E-16,-5.51700574253533E-16));
#10198=DIRECTION('',(0.,0.,1.));
#10199=DIRECTION('',(1.,0.,0.));
#10200=CARTESIAN_POINT('',(0.,0.,0.));
#10201=CARTESIAN_POINT('',(-0.001905,-0.0012573,0.0132004368891254));
#10202=CARTESIAN_POINT('',(-0.001905,0.,0.0132004368891254));
#10203=CARTESIAN_POINT('',(-0.001905,0.,0.0141529368891254));
#10204=CARTESIAN_POINT('',(-0.001905,0.,0.0122479368891254));
#10205=CARTESIAN_POINT('',(-0.001905,-0.0012573,0.0141529368891254));
#10206=CARTESIAN_POINT('',(-0.001905,-0.0012573,0.0141529368891254));
#10207=CARTESIAN_POINT('',(-0.001905,-0.0012573,0.0132004368891254));
#10208=CARTESIAN_POINT('',(-0.001905,-0.0012573,0.0122479368891254));
#10209=CARTESIAN_POINT('',(-0.001905,-0.0012573,0.0122479368891254));
#10210=CARTESIAN_POINT('',(8.67361737988404E-19,-0.0012573,0.0141529368891254));
#10211=CARTESIAN_POINT('',(8.67361737988404E-19,0.,0.0141529368891254));
#10212=CARTESIAN_POINT('',(0.001905,0.,0.0141529368891254));
#10213=CARTESIAN_POINT('',(0.001905,-0.0012573,0.0141529368891254));
#10214=CARTESIAN_POINT('',(0.001905,-0.0012573,0.0141529368891254));
#10215=CARTESIAN_POINT('',(8.67361737988404E-19,-0.0012573,0.0141529368891254));
#10216=CARTESIAN_POINT('',(0.001905,-0.0012573,0.0132004368891254));
#10217=CARTESIAN_POINT('',(0.001905,0.,0.0132004368891254));
#10218=CARTESIAN_POINT('',(0.001905,0.,0.0122479368891254));
#10219=CARTESIAN_POINT('',(0.001905,-0.0012573,0.0122479368891254));
#10220=CARTESIAN_POINT('',(0.001905,-0.0012573,0.0122479368891254));
#10221=CARTESIAN_POINT('',(0.001905,-0.0012573,0.0132004368891254));
#10222=CARTESIAN_POINT('',(-3.537790894995E-18,-0.0012573,4.5102810375397E-17));
#10223=CARTESIAN_POINT('',(-3.537790894995E-18,0.,4.5102810375397E-17));
#10224=CARTESIAN_POINT('',(-3.537790894995E-18,-0.0012573,4.5102810375397E-17));
#10225=CARTESIAN_POINT('',(0.,-0.0012573,1.24035289434642E-18));
#10226=CARTESIAN_POINT('',(0.,-0.0012573,1.24035289434642E-18));
#10227=CARTESIAN_POINT('',(0.,-0.0012573,-0.0202565));
#10228=CARTESIAN_POINT('',(0.,0.,1.24035289434642E-18));
#10229=CARTESIAN_POINT('',(0.,0.,-0.0202565));
#10230=CARTESIAN_POINT('',(0.,-0.0012573,0.));
#10231=CARTESIAN_POINT('',(0.,0.,0.));
#10232=CARTESIAN_POINT('',(1.42307335691579E-19,1.31826408570584E-18,0.041198825583501));
#10233=CARTESIAN_POINT('',(0.00079375,0.0201803,0.0484314627917505));
#10234=CARTESIAN_POINT('',(0.00079375,0.0201803,0.0278120672746821));
#10235=CARTESIAN_POINT('',(0.00079375,0.0543863966437096,0.0278120672746821));
#10236=CARTESIAN_POINT('',(0.00079375,0.0532083599882204,0.0278120672746821));
#10237=CARTESIAN_POINT('',(0.00079375,0.0514732802073145,0.0254495243034036));
#10238=CARTESIAN_POINT('',(0.00079375000000001,0.0525011649425653,0.0268491267212725));
#10239=CARTESIAN_POINT('',(0.00079375000000001,0.0528252281151294,0.0266111308561018));
#10240=CARTESIAN_POINT('',(0.00079375,0.0528252281151294,0.0262090624892155));
#10241=CARTESIAN_POINT('',(0.00079375,0.0201803,0.0262090624892155));
#10242=CARTESIAN_POINT('',(0.00079375000000001,0.0547851898669586,0.0262090624892155));
#10243=CARTESIAN_POINT('',(0.00079375000000001,0.0547851898669586,0.0271669381541464));
#10244=CARTESIAN_POINT('',(0.00079375,0.0555572282874475,0.0265999439154139));
#10245=CARTESIAN_POINT('',(0.00079375,0.0535774431497965,0.0239042019022385));
#10246=CARTESIAN_POINT('',(0.00079375000000001,0.0566173820200472,0.0280434848851095));
#10247=CARTESIAN_POINT('',(0.00079375000000001,0.0562933188474831,0.0282814807502802));
#10248=CARTESIAN_POINT('',(0.00079375,0.0565147498281933,0.0286170806496133));
#10249=CARTESIAN_POINT('',(0.00079375,0.0220922784247757,0.051329249564062));
#10250=CARTESIAN_POINT('',(0.00079375000000001,0.0558011407348375,0.029087924537527));
#10251=CARTESIAN_POINT('',(0.00079375000000001,0.0559139870594506,0.0292589539709821));
#10252=CARTESIAN_POINT('',(0.00079375,0.0557488370075064,0.0293802421420027));
#10253=CARTESIAN_POINT('',(0.00079375,0.0523754667300986,0.024786947743604));
#10254=CARTESIAN_POINT('',(0.00079375000000001,0.0562235312743341,0.0300266018171839));
#10255=CARTESIAN_POINT('',(0.00079375000000001,0.0565074802839452,0.0298180662724874));
#10256=CARTESIAN_POINT('',(0.00079375,0.0565074802839452,0.0301703646026864));
#10257=CARTESIAN_POINT('',(0.00079375,0.0201803,0.0301703646026864));
#10258=CARTESIAN_POINT('',(0.00079375000000001,0.0567092891110201,0.0301703646026864));
#10259=CARTESIAN_POINT('',(0.00079375000000001,0.0567092891110201,0.0300224941635933));
#10260=CARTESIAN_POINT('',(0.00079375,0.0568284712391544,0.0299349653849488));
#10261=CARTESIAN_POINT('',(0.00079375,0.0528121666960183,0.0244662300718405));
#10262=CARTESIAN_POINT('',(0.00079375,0.0564153544582969,0.0293724516851911));
#10263=CARTESIAN_POINT('',(0.00079375,0.0201803,0.0293724516851911));
#10264=CARTESIAN_POINT('',(0.00079375,0.0575933911137861,0.0293724516851911));
#10265=CARTESIAN_POINT('',(0.00079375,0.0535774431497965,0.0239042019022385));
#10266=CARTESIAN_POINT('',(0.00079375,0.0582998846974758,0.0303344371044021));
#10267=CARTESIAN_POINT('',(0.00079375000000001,0.0579758215249116,0.0305724329695728));
#10268=CARTESIAN_POINT('',(0.00079375000000001,0.0579758215249116,0.0309745013364591));
#10269=CARTESIAN_POINT('',(0.00079375,0.0201803,0.0309745013364591));
#10270=CARTESIAN_POINT('',(0.00079375,0.0560158597730824,0.0309745013364591));
#10271=CARTESIAN_POINT('',(0.00079375000000001,0.0560158597730824,0.0300166256715282));
#10272=CARTESIAN_POINT('',(0.00079375000000001,0.0552438213525935,0.0305836199102607));
#10273=CARTESIAN_POINT('',(0.00079375,0.0514732802073145,0.0254495243034036));
#10274=CARTESIAN_POINT('',(0.00079375,0.0541775106501435,0.0291316954033904));
#10275=CARTESIAN_POINT('',(0.00079375000000001,0.0545015738227076,0.0288936995382198));
#10276=CARTESIAN_POINT('',(0.00079375000000001,0.0542801428419975,0.0285580996388867));
#10277=CARTESIAN_POINT('',(0.00079375,0.0213874023433381,0.050260942224167));
#10278=CARTESIAN_POINT('',(0.00079375,0.0549937519353532,0.028087255750973));
#10279=CARTESIAN_POINT('',(0.00079375000000001,0.0548809056107401,0.0279162263175178));
#10280=CARTESIAN_POINT('',(0.00079375000000001,0.0550460556626843,0.0277949381464973));
#10281=CARTESIAN_POINT('',(0.00079375,0.0526752566270123,0.0245667784620381));
#10282=CARTESIAN_POINT('',(0.00079375,0.0545775183657069,0.0271569620084906));
#10283=CARTESIAN_POINT('',(0.00079375000000001,0.0542935693560958,0.0273654975531871));
#10284=CARTESIAN_POINT('',(0.00079375000000001,0.0542935693560958,0.0270131992229882));
#10285=CARTESIAN_POINT('',(0.00079375,0.0201803,0.0270131992229882));
#10286=CARTESIAN_POINT('',(0.00079375,0.0540917605290209,0.0270131992229882));
#10287=CARTESIAN_POINT('',(0.00079375000000001,0.0540917605290209,0.0271610696620814));
#10288=CARTESIAN_POINT('',(0.00079375000000001,0.0539725784008867,0.0272485984407258));
#10289=CARTESIAN_POINT('',(0.00079375,0.0522385566610926,0.0248874961338015));
#10290=CARTESIAN_POINT('',(0.00079375,0.0201803,0.0484314627917505));
#10291=CARTESIAN_POINT('',(0.00079375,0.0201803,0.0262090624892155));
#10292=CARTESIAN_POINT('',(0.00079375,0.0481799926202937,0.0262090624892155));
#10293=CARTESIAN_POINT('',(0.00079375,0.0514371700615179,0.0262090624892155));
#10294=CARTESIAN_POINT('',(0.00079375,0.05108745511561,0.0257328788597951));
#10295=CARTESIAN_POINT('',(0.00079375,0.0520277376849705,0.0270131992229882));
#10296=CARTESIAN_POINT('',(0.00079375,0.0201803,0.0270131992229882));
#10297=CARTESIAN_POINT('',(0.00079375,0.0502887290234208,0.0270131992229882));
#10298=CARTESIAN_POINT('',(0.00079375,0.0499577598931404,0.0265625405264492));
#10299=CARTESIAN_POINT('',(0.00079375,0.0511527751967753,0.028189713545951));
#10300=CARTESIAN_POINT('',(0.00079375,0.0201803,0.028189713545951));
#10301=CARTESIAN_POINT('',(0.00079375,0.0528917838583251,0.028189713545951));
#10302=CARTESIAN_POINT('',(0.00079375,0.05108745511561,0.0257328788597951));
#10303=CARTESIAN_POINT('',(0.00079375,0.0534823514817777,0.0289938502797236));
#10304=CARTESIAN_POINT('',(0.00079375,0.0201803,0.0289938502797236));
#10305=CARTESIAN_POINT('',(0.00079375,0.051743342820228,0.0289938502797237));
#10306=CARTESIAN_POINT('',(0.00079375,0.0499577598931404,0.0265625405264492));
#10307=CARTESIAN_POINT('',(0.00079375,0.0526073889935825,0.0301703646026864));
#10308=CARTESIAN_POINT('',(0.00079375,0.0201803,0.0301703646026864));
#10309=CARTESIAN_POINT('',(0.00079375,0.0543463976551322,0.0301703646026864));
#10310=CARTESIAN_POINT('',(0.00079375,0.0510874551156104,0.0257328788597955));
#10311=CARTESIAN_POINT('',(0.00079375,0.0549369652785849,0.0309745013364591));
#10312=CARTESIAN_POINT('',(0.00079375,0.0201803,0.0309745013364591));
#10313=CARTESIAN_POINT('',(0.00079375,0.0516797878373607,0.0309745013364591));
#10314=CARTESIAN_POINT('',(0.00079375,0.048971526727532,0.0272868419447553));
#10315=CARTESIAN_POINT('',(0.00079375,0.0201803,0.0484314627917505));
#10316=CARTESIAN_POINT('',(0.00079375,0.0472310973594781,0.0285650340637206));
#10317=CARTESIAN_POINT('',(0.00079375,0.0484100712844784,0.0301703646026864));
#10318=CARTESIAN_POINT('',(0.00079375,0.0455008436908641,0.0262090624892155));
#10319=CARTESIAN_POINT('',(0.00079375,0.0201803,0.0262090624892155));
#10320=CARTESIAN_POINT('',(0.00079375,0.0469215321513686,0.0262090624892155));
#10321=CARTESIAN_POINT('',(0.00079375,0.0481540053368423,0.0278872394201401));
#10322=CARTESIAN_POINT('',(0.00079375,0.0498307597449829,0.0301703646026864));
#10323=CARTESIAN_POINT('',(0.00079375,0.0201803,0.0301703646026864));
#10324=CARTESIAN_POINT('',(0.00079375,0.0506867123533508,0.0301703646026864));
#10325=CARTESIAN_POINT('',(0.00079375,0.0487100494749272,0.0274788739626601));
#10326=CARTESIAN_POINT('',(0.00079375,0.0512772799768035,0.0309745013364591));
#10327=CARTESIAN_POINT('',(0.00079375,0.0201803,0.0309745013364591));
#10328=CARTESIAN_POINT('',(0.00079375,0.048003675153885,0.0309745013364591));
#10329=CARTESIAN_POINT('',(0.00079375,0.0465834495272255,0.0290406743684897));
#10330=CARTESIAN_POINT('',(0.00079375,0.0474131075304324,0.0301703646026864));
#10331=CARTESIAN_POINT('',(0.00079375,0.0201803,0.0301703646026864));
#10332=CARTESIAN_POINT('',(0.00079375,0.0201803,0.0484314627917505));
#10333=CARTESIAN_POINT('',(0.00079375,0.044207530436157,0.0307855777315597));
#10334=CARTESIAN_POINT('',(0.00079375,0.0413165537895906,0.0268491267212724));
#10335=CARTESIAN_POINT('',(0.00079375,0.0420237488352457,0.0278120672746821));
#10336=CARTESIAN_POINT('',(0.00079375000000001,0.0416406169621547,0.0266111308561018));
#10337=CARTESIAN_POINT('',(0.00079375,0.0416406169621547,0.0262090624892155));
#10338=CARTESIAN_POINT('',(0.00079375,0.0201803,0.0262090624892155));
#10339=CARTESIAN_POINT('',(0.00079375000000001,0.0436005787139839,0.0262090624892155));
#10340=CARTESIAN_POINT('',(0.00079375000000001,0.0436005787139839,0.0271669381541464));
#10341=CARTESIAN_POINT('',(0.00079375,0.0443726171344728,0.0265999439154139));
#10342=CARTESIAN_POINT('',(0.00079375,0.046311693378639,0.0292402553303946));
#10343=CARTESIAN_POINT('',(0.00079375000000001,0.0454327708670726,0.0280434848851096));
#10344=CARTESIAN_POINT('',(0.00079375000000001,0.0451087076945084,0.0282814807502802));
#10345=CARTESIAN_POINT('',(0.00079375,0.0453301386752185,0.0286170806496133));
#10346=CARTESIAN_POINT('',(0.00079375,0.0186999503613591,0.0461878508630475));
#10347=CARTESIAN_POINT('',(0.00079375000000001,0.0446165295818628,0.029087924537527));
#10348=CARTESIAN_POINT('',(0.00079375000000001,0.0447293759064759,0.0292589539709821));
#10349=CARTESIAN_POINT('',(0.00079375,0.0445642258545317,0.0293802421420027));
#10350=CARTESIAN_POINT('',(0.00079375,0.0451097169589411,0.0301230011717601));
#10351=CARTESIAN_POINT('',(0.00079375000000001,0.0450389201213594,0.0300266018171839));
#10352=CARTESIAN_POINT('',(0.00079375000000001,0.0453228691309705,0.0298180662724874));
#10353=CARTESIAN_POINT('',(0.00079375,0.0453228691309705,0.0301703646026864));
#10354=CARTESIAN_POINT('',(0.00079375,0.0201803,0.0301703646026864));
#10355=CARTESIAN_POINT('',(0.00079375000000001,0.0455246779580454,0.0301703646026864));
#10356=CARTESIAN_POINT('',(0.00079375000000001,0.0455246779580454,0.0300224941635933));
#10357=CARTESIAN_POINT('',(0.00079375,0.0456438600861797,0.0299349653849488));
#10358=CARTESIAN_POINT('',(0.00079375,0.0455464169248609,0.0298022834999966));
#10359=CARTESIAN_POINT('',(0.00079375,0.0452307433053222,0.029372451685191));
#10360=CARTESIAN_POINT('',(0.00079375,0.0201803,0.0293724516851911));
#10361=CARTESIAN_POINT('',(0.00079375,0.0464087799608114,0.0293724516851911));
#10362=CARTESIAN_POINT('',(0.00079375,0.046311693378639,0.0292402553303946));
#10363=CARTESIAN_POINT('',(0.00079375,0.047115273544501,0.0303344371044021));
#10364=CARTESIAN_POINT('',(0.00079375000000001,0.0467912103719369,0.0305724329695728));
#10365=CARTESIAN_POINT('',(0.00079375000000001,0.0467912103719369,0.0309745013364591));
#10366=CARTESIAN_POINT('',(0.00079375,0.0201803,0.0309745013364591));
#10367=CARTESIAN_POINT('',(0.00079375,0.0448312486201076,0.0309745013364591));
#10368=CARTESIAN_POINT('',(0.00079375000000001,0.0448312486201076,0.0300166256715282));
#10369=CARTESIAN_POINT('',(0.00079375000000001,0.0440592101996188,0.0305836199102607));
#10370=CARTESIAN_POINT('',(0.00079375,0.044207530436157,0.0307855777315597));
#10371=CARTESIAN_POINT('',(0.00079375,0.0429928994971688,0.0291316954033904));
#10372=CARTESIAN_POINT('',(0.00079375000000001,0.0433169626697329,0.0288936995382198));
#10373=CARTESIAN_POINT('',(0.00079375000000001,0.0430955316890227,0.0285580996388867));
#10374=CARTESIAN_POINT('',(0.00079375,0.0179950742799214,0.0451195435231524));
#10375=CARTESIAN_POINT('',(0.00079375,0.0438091407823785,0.028087255750973));
#10376=CARTESIAN_POINT('',(0.00079375000000001,0.0436962944577654,0.0279162263175178));
#10377=CARTESIAN_POINT('',(0.00079375000000001,0.0438614445097096,0.0277949381464973));
#10378=CARTESIAN_POINT('',(0.00079375,0.0454095068558549,0.0299028318901942));
#10379=CARTESIAN_POINT('',(0.00079375,0.0433929072127322,0.0271569620084907));
#10380=CARTESIAN_POINT('',(0.00079375000000001,0.0431089582031211,0.0273654975531871));
#10381=CARTESIAN_POINT('',(0.00079375,0.0431089582031211,0.0270131992229882));
#10382=CARTESIAN_POINT('',(0.00079375,0.0201803,0.0270131992229882));
#10383=CARTESIAN_POINT('',(0.00079375,0.0429071493760462,0.0270131992229882));
#10384=CARTESIAN_POINT('',(0.00079375000000001,0.0429071493760462,0.0271610696620813));
#10385=CARTESIAN_POINT('',(0.00079375000000001,0.0427879672479119,0.0272485984407258));
#10386=CARTESIAN_POINT('',(0.00079375,0.0449728068899352,0.0302235495619576));
#10387=CARTESIAN_POINT('',(0.00079375,0.0432017854907349,0.0278120672746821));
#10388=CARTESIAN_POINT('',(0.00079375,0.0201803,0.0278120672746821));
#10389=CARTESIAN_POINT('',(0.00079375,0.0201803,0.0484314627917505));
#10390=CARTESIAN_POINT('',(0.00079375,0.0417048133872419,0.0326236030295931));
#10391=CARTESIAN_POINT('',(0.00079375,0.0404936934037328,0.0309745013364591));
#10392=CARTESIAN_POINT('',(0.00079375,0.0369938981866657,0.0262090624892155));
#10393=CARTESIAN_POINT('',(0.00079375,0.0201803,0.0262090624892155));
#10394=CARTESIAN_POINT('',(0.00079375,0.0402510756278899,0.0262090624892155));
#10395=CARTESIAN_POINT('',(0.00079375,0.04382074177532,0.031069639944633));
#10396=CARTESIAN_POINT('',(0.00079375,0.0408416432513425,0.0270131992229882));
#10397=CARTESIAN_POINT('',(0.00079375,0.0201803,0.0270131992229882));
#10398=CARTESIAN_POINT('',(0.00079375,0.0391026345897928,0.0270131992229882));
#10399=CARTESIAN_POINT('',(0.00079375,0.0426910465528504,0.0318993016112871));
#10400=CARTESIAN_POINT('',(0.00079375,0.0399666807631473,0.028189713545951));
#10401=CARTESIAN_POINT('',(0.00079375,0.0201803,0.028189713545951));
#10402=CARTESIAN_POINT('',(0.00079375,0.0417056894246971,0.028189713545951));
#10403=CARTESIAN_POINT('',(0.00079375,0.04382074177532,0.031069639944633));
#10404=CARTESIAN_POINT('',(0.00079375,0.0422962570481497,0.0289938502797236));
#10405=CARTESIAN_POINT('',(0.00079375,0.0201803,0.0289938502797236));
#10406=CARTESIAN_POINT('',(0.00079375,0.0405572483866,0.0289938502797236));
#10407=CARTESIAN_POINT('',(0.00079375,0.0426910465528504,0.0318993016112871));
#10408=CARTESIAN_POINT('',(0.00079375,0.0414212945599545,0.0301703646026864));
#10409=CARTESIAN_POINT('',(0.00079375,0.0201803,0.0301703646026864));
#10410=CARTESIAN_POINT('',(0.00079375,0.0431603032215042,0.0301703646026864));
#10411=CARTESIAN_POINT('',(0.00079375,0.04382074177532,0.031069639944633));
#10412=CARTESIAN_POINT('',(0.00079375,0.0437508708449569,0.0309745013364591));
#10413=CARTESIAN_POINT('',(0.00079375,0.0201803,0.0309745013364591));
#10414=CARTESIAN_POINT('',(0.00079375,0.0201803,0.0484314627917505));
#10415=CARTESIAN_POINT('',(0.00079375,0.0402572137828222,0.0332405643005855));
#10416=CARTESIAN_POINT('',(0.00079375,0.0403093915649164,0.0333095245950075));
#10417=CARTESIAN_POINT('',(0.00079375,0.0337429217401603,0.0246310090611299));
#10418=CARTESIAN_POINT('',(0.00079375000000001,0.0440817,0.0286131259053946));
#10419=CARTESIAN_POINT('',(0.00079375,0.0201803,0.0484314627917505));
#10420=CARTESIAN_POINT('',(0.00079375000000001,0.0315407500283986,0.0267441383912228));
#10421=CARTESIAN_POINT('',(0.00079375,0.0317835029121515,0.026495959456545));
#10422=CARTESIAN_POINT('',(0.00079375000000001,0.0319749169786097,0.02701323456707));
#10423=CARTESIAN_POINT('',(0.00079375,0.0361903946104515,0.0304112772453788));
#10424=CARTESIAN_POINT('',(0.00079375000000001,0.0304925886536561,0.0253490423307858));
#10425=CARTESIAN_POINT('',(0.00079375000000001,0.0440817,0.0286131259053946));
#10426=CARTESIAN_POINT('',(0.00079375,0.0275401312243405,0.0264445099268702));
#10427=CARTESIAN_POINT('',(0.00079375,0.0312081360026788,0.0284710265111756));
#10428=CARTESIAN_POINT('',(0.00079375000000001,0.0291623387488996,0.0273407547930488));
#10429=CARTESIAN_POINT('',(0.00079375000000001,0.0263370863367531,0.025059036212042));
#10430=CARTESIAN_POINT('',(0.00079375000000001,0.030643189937998,0.0279887370345796));
#10431=CARTESIAN_POINT('',(0.00079375000000001,0.0304925450733494,0.0263863127668282));
#10432=CARTESIAN_POINT('',(0.00079375000000001,0.0293381765632152,0.0296385692490731));
#10433=CARTESIAN_POINT('',(0.00079375000000001,0.0293381765632152,0.0287301377835923));
#10434=CARTESIAN_POINT('',(0.00079375000000001,0.0440817,0.0286131259053946));
#10435=CARTESIAN_POINT('',(0.00079375000000001,0.0631317,0.0286131259053946));
#10436=CARTESIAN_POINT('',(0.00079375,0.0312081360026788,0.0284710265111756));
#10437=CARTESIAN_POINT('',(0.00079375,0.0386083910389066,0.0325595543254167));
#10438=CARTESIAN_POINT('',(0.00079375,0.033125499617817,0.0295303406067209));
#10439=CARTESIAN_POINT('',(0.00079375,0.0361903946104515,0.0304112772453788));
#10440=CARTESIAN_POINT('',(0.00079375,0.0342251938936888,0.0286652880421638));
#10441=CARTESIAN_POINT('',(0.00079375,0.0370736077203334,0.0455879979046649));
#10442=CARTESIAN_POINT('',(0.00079375,0.0339799106284582,0.0272080357662491));
#10443=CARTESIAN_POINT('',(0.00079375,0.0176034781905932,0.0294287233935358));
#10444=CARTESIAN_POINT('',(0.00079375,0.0327696940914347,0.0273721443350906));
#10445=CARTESIAN_POINT('',(0.00079375,0.0361903946104515,0.0304112772453788));
#10446=CARTESIAN_POINT('',(0.00079375000000001,0.0322649935171224,0.0269237414080565));
#10447=CARTESIAN_POINT('',(0.00079375000000001,0.0304925450733494,0.0263863127668282));
#10448=CARTESIAN_POINT('',(0.00079375,0.0307536795520455,0.0282199462673625));
#10449=CARTESIAN_POINT('',(0.00079375,0.0312081360026788,0.0284710265111756));
#10450=CARTESIAN_POINT('',(0.00079375,0.0314372544789881,0.0285976109678681));
#10451=CARTESIAN_POINT('',(0.00079375,0.0314372544789881,0.0484314627917505));
#10452=CARTESIAN_POINT('',(0.00079375,0.0314372544789881,0.0296556059911381));
#10453=CARTESIAN_POINT('',(0.00079375,0.0188564210516305,0.0305890859102095));
#10454=CARTESIAN_POINT('',(0.00079375,0.0201803,0.0484314627917505));
#10455=CARTESIAN_POINT('',(0.00079375,0.0201803,0.0484314627917505));
#10456=CARTESIAN_POINT('',(0.00079375,0.0201803,0.0484314627917505));
#10457=CARTESIAN_POINT('',(0.00079375,0.0735457,0.0286131255835009));
#10458=CARTESIAN_POINT('',(-0.00595312499999993,0.0735457,0.0180089641310601));
#10459=CARTESIAN_POINT('',(8.67361737988404E-19,0.0735457,0.0147701255835009));
#10460=CARTESIAN_POINT('',(0.00079375,0.0735457,0.0180089641310601));
#10461=CARTESIAN_POINT('',(0.00595312499999993,0.0735457,0.0180089641310601));
#10462=CARTESIAN_POINT('',(-0.00079375,0.0735457,0.0180089641310601));
#10463=CARTESIAN_POINT('',(-0.00079375,0.0735457,0.0286131255835009));
#10464=CARTESIAN_POINT('',(-0.00079375,0.0735457,0.0408686255835009));
#10465=CARTESIAN_POINT('',(0.,0.0735457,0.0408686255835009));
#10466=CARTESIAN_POINT('',(0.,0.0735457,0.0424561255835009));
#10467=CARTESIAN_POINT('',(0.,0.0735457,0.0408686255835009));
#10468=CARTESIAN_POINT('',(0.00079375,0.0735457,0.0408686255835009));
#10469=CARTESIAN_POINT('',(0.00079375,0.0735457,0.0286131255835009));
#10470=CARTESIAN_POINT('',(0.00079375,0.00432666094595241,0.0212280627917504));
#10471=CARTESIAN_POINT('',(0.00595312499999993,0.000904231136010125,0.00336895329438043));
#10472=CARTESIAN_POINT('',(8.67361737988404E-19,0.000258621891904802,1.76952352307031E-17));
#10473=CARTESIAN_POINT('',(-0.00079375,0.000904231136010042,0.00336895329438041));
#10474=CARTESIAN_POINT('',(-0.00595312499999993,0.000904231136010125,0.00336895329438043));
#10475=CARTESIAN_POINT('',(0.00079375,0.000904231136010087,0.00336895329438041));
#10476=CARTESIAN_POINT('',(0.00079375,0.00432666094595241,0.0212280627917504));
#10477=CARTESIAN_POINT('',(0.00079375,0.0083947,0.0424561255835009));
#10478=CARTESIAN_POINT('',(0.00079375,0.0083947,0.0424561255835009));
#10479=CARTESIAN_POINT('',(-0.00079375,0.0083947,0.0424561255835009));
#10480=CARTESIAN_POINT('',(-0.00079375,0.00432666094595241,0.0212280627917504));
#10481=CARTESIAN_POINT('',(0.00079375,0.0083947,0.075857125583501));
#10482=CARTESIAN_POINT('',(1.880590696771E-12,0.0083947,0.109258125583501));
#10483=CARTESIAN_POINT('',(0.000174292562322388,0.0083947,0.109258125581704));
#10484=CARTESIAN_POINT('',(0.00045941251107581,0.0083947,0.109011179040894));
#10485=CARTESIAN_POINT('',(0.000728352734018393,0.00839469999999999,0.108381032510403));
#10486=CARTESIAN_POINT('',(0.000793750004027711,0.0083947,0.107873097730429));
#10487=CARTESIAN_POINT('',(0.00079375,0.0083947,0.107530976995606));
#10488=CARTESIAN_POINT('',(0.,0.0083947,0.109258125583501));
#10489=CARTESIAN_POINT('',(0.00079375,0.0083947,0.10753097703985));
#10490=CARTESIAN_POINT('',(-0.000793749999999999,0.00839469998103827,0.107530976995606));
#10491=CARTESIAN_POINT('',(-0.000793750009536723,0.00839469998103827,0.107873160009424));
#10492=CARTESIAN_POINT('',(-0.000729140108921058,0.00839470000430942,0.108379336568696));
#10493=CARTESIAN_POINT('',(-0.000458543879238521,0.00839469999913815,0.109012632419654));
#10494=CARTESIAN_POINT('',(-0.000174027711356295,0.00839469999999991,0.109258125582604));
#10495=CARTESIAN_POINT('',(-1.8806304373336E-12,0.00839469999999991,0.109258125583501));
#10496=CARTESIAN_POINT('',(-0.00079375,0.0083947,0.10753097703985));
#10497=CARTESIAN_POINT('',(-0.00079375,0.0083947,0.075857125583501));
#10498=CARTESIAN_POINT('',(0.00079375,0.0083947,0.075857125583501));
#10499=CARTESIAN_POINT('',(0.00079375,0.0201803,0.0484314627917505));
#10500=CARTESIAN_POINT('',(0.00079375,0.128962093327133,0.0291774690019894));
#10501=CARTESIAN_POINT('',(0.00079375,0.0266739983605609,0.0408686255835009));
#10502=CARTESIAN_POINT('',(0.00079375,0.0269042439641464,0.0408686255835009));
#10503=CARTESIAN_POINT('',(0.00079375,0.0139497900640476,0.105899984161996));
#10504=CARTESIAN_POINT('',(0.00079375,0.0141130856473448,0.105080240333845));
#10505=CARTESIAN_POINT('',(0.00079375,0.00776935311350557,0.107798982848347));
#10506=CARTESIAN_POINT('',(-0.00079375,0.0201803,0.0484314627917505));
#10507=CARTESIAN_POINT('',(-0.00079375,0.128962093327133,0.0291774690019894));
#10508=CARTESIAN_POINT('',(-0.00079375,0.00776935311350557,0.107798982848347));
#10509=CARTESIAN_POINT('',(-0.00079375,0.0141130856473448,0.105080240333845));
#10510=CARTESIAN_POINT('',(-0.00079375,0.0139497900640476,0.105899984161996));
#10511=CARTESIAN_POINT('',(-0.00079375,0.0269042439641464,0.0408686255835009));
#10512=CARTESIAN_POINT('',(-0.00079375,0.0266739983605609,0.0408686255835009));
#10513=CARTESIAN_POINT('',(-0.000793749999999999,0.0149240250755821,0.104732694759859));
#10514=CARTESIAN_POINT('',(-0.000793749999999998,0.00772668107558207,0.107817270759859));
#10515=CARTESIAN_POINT('',(-0.000793750011345777,0.0150714207526313,0.105076618006307));
#10516=CARTESIAN_POINT('',(-0.000793750011345776,0.00787407675263124,0.108161194006307));
#10517=CARTESIAN_POINT('',(-0.000632112711414735,0.0154220278662941,0.105894701271521));
#10518=CARTESIAN_POINT('',(-0.000632112711414734,0.00822468386629404,0.108979277271521));
#10519=CARTESIAN_POINT('',(-0.000187088678962419,0.0155493719996508,0.106191837582686));
#10520=CARTESIAN_POINT('',(-0.000187088678962418,0.00835202799965073,0.109276413582686));
#10521=CARTESIAN_POINT('',(-1.8806311781597E-12,0.015549372,0.106191837583501));
#10522=CARTESIAN_POINT('',(-1.88063056343106E-12,0.00835202799999995,0.109276413583501));
#10523=CARTESIAN_POINT('',(0.,0.0083947,0.109258125583501));
#10524=CARTESIAN_POINT('',(0.,0.0155067,0.106210125583501));
#10525=CARTESIAN_POINT('',(-0.000793750000000002,0.0141130856473448,0.105080240333845));
#10526=CARTESIAN_POINT('',(-0.000793750004675207,0.0142484401825249,0.105189980228874));
#10527=CARTESIAN_POINT('',(-0.000772186857096324,0.014520901145195,0.105410880381233));
#10528=CARTESIAN_POINT('',(-0.000662178347548964,0.014921347702128,0.105735545994135));
#10529=CARTESIAN_POINT('',(-0.000468761632928768,0.0152971188886967,0.106040205830726));
#10530=CARTESIAN_POINT('',(-0.000176271538538942,0.0155067,0.106210125583501));
#10531=CARTESIAN_POINT('',(5.4915468878998E-19,0.0155067,0.106210125583501));
#10532=CARTESIAN_POINT('',(-0.000793749999999997,0.0269819705931298,0.0404784374132217));
#10533=CARTESIAN_POINT('',(-0.00079375,0.01387206324623,0.106290172294659));
#10534=CARTESIAN_POINT('',(-0.00079375001134578,0.0273489377907842,0.0405515384486111));
#10535=CARTESIAN_POINT('',(-0.000793750011345782,0.0142390304438843,0.106363273330049));
#10536=CARTESIAN_POINT('',(-0.000632112710732177,0.0282218352365518,0.040725422401951));
#10537=CARTESIAN_POINT('',(-0.00063211271073218,0.0151119278896519,0.106537157283389));
#10538=CARTESIAN_POINT('',(-0.000187088677211621,0.0285388806234993,0.0407885788535343));
#10539=CARTESIAN_POINT('',(-0.000187088677211623,0.0154289732765995,0.106600313734972));
#10540=CARTESIAN_POINT('',(-2.00348758198584E-19,0.0285388806234993,0.0407885788535344));
#10541=CARTESIAN_POINT('',(-2.83436724993239E-18,0.0154289732765994,0.106600313734972));
#10542=CARTESIAN_POINT('',(0.,0.0155067,0.106210125583501));
#10543=CARTESIAN_POINT('',(0.,0.0282067,0.0424561255835009));
#10544=CARTESIAN_POINT('',(-3.96286960268799E-19,0.0282067,0.0424561255835009));
#10545=CARTESIAN_POINT('',(-4.39282040343797E-5,0.0282067,0.0424561255835008));
#10546=CARTESIAN_POINT('',(-0.000130172147644078,0.0281970439693053,0.0424440045916505));
#10547=CARTESIAN_POINT('',(-0.000275913322534707,0.0281303545988479,0.0423631929605779));
#10548=CARTESIAN_POINT('',(-0.000350202516438912,0.0280768171837166,0.0422976852756509));
#10549=CARTESIAN_POINT('',(-0.000452613793731086,0.0279780288062577,0.0421774987779164));
#10550=CARTESIAN_POINT('',(-0.000496327899496271,0.0279220594141269,0.0421089662362973));
#10551=CARTESIAN_POINT('',(-0.000555337779237463,0.0278377378638725,0.0420059396798981));
#10552=CARTESIAN_POINT('',(-0.000605434598181957,0.027750728990759,0.0419000979323226));
#10553=CARTESIAN_POINT('',(-0.000661255065466629,0.0276276543607447,0.0417504971289283));
#10554=CARTESIAN_POINT('',(-0.000679631637841233,0.0275780266322917,0.0416895653304905));
#10555=CARTESIAN_POINT('',(-0.000719815940029559,0.0274618284993557,0.0415475075867702));
#10556=CARTESIAN_POINT('',(-0.000765399335265434,0.0272796680443522,0.0413261589393814));
#10557=CARTESIAN_POINT('',(-0.000793153786907719,0.0270331735650993,0.0410268484917742));
#10558=CARTESIAN_POINT('',(-0.000793749999999998,0.0269407988901406,0.0409131805960452));
#10559=CARTESIAN_POINT('',(-0.000793749999999999,0.0269042439641464,0.0408686255835009));
#10560=CARTESIAN_POINT('',(-0.000793749999999998,0.0735457,0.0408686254872288));
#10561=CARTESIAN_POINT('',(-0.000793749999999998,0.0266243952279312,0.0408686254872288));
#10562=CARTESIAN_POINT('',(-0.000793750011345776,0.0735456999999999,0.0412428028322529));
#10563=CARTESIAN_POINT('',(-0.000793750011345776,0.0266243952279311,0.0412428028322529));
#10564=CARTESIAN_POINT('',(-0.000632112710732167,0.0735457000000002,0.0421328509096377));
#10565=CARTESIAN_POINT('',(-0.000632112710732167,0.0266243952279314,0.0421328509096377));
#10566=CARTESIAN_POINT('',(-0.000187088677211618,0.0735457,0.0424561255835008));
#10567=CARTESIAN_POINT('',(-0.000187088677211618,0.0266243952279312,0.0424561255835008));
#10568=CARTESIAN_POINT('',(-3.92288500240383E-19,0.0735457,0.0424561255835009));
#10569=CARTESIAN_POINT('',(-3.92288500240383E-19,0.0266243952279312,0.0424561255835009));
#10570=CARTESIAN_POINT('',(0.,0.0266739983605609,0.0424561255835009));
#10571=CARTESIAN_POINT('',(3.76118139354201E-12,0.015549372,0.106191837583501));
#10572=CARTESIAN_POINT('',(3.76118139354201E-12,0.00835202800000001,0.109276413583501));
#10573=CARTESIAN_POINT('',(0.000187088680713145,0.0155493719993016,0.106191837581871));
#10574=CARTESIAN_POINT('',(0.000187088680713145,0.0083520279993016,0.109276413581871));
#10575=CARTESIAN_POINT('',(0.000632112712097276,0.0154220278653648,0.105894701269352));
#10576=CARTESIAN_POINT('',(0.000632112712097276,0.00822468386536481,0.108979277269352));
#10577=CARTESIAN_POINT('',(0.000793750011345778,0.0150714207523843,0.105076618005731));
#10578=CARTESIAN_POINT('',(0.000793750011345778,0.00787407675238435,0.108161194005731));
#10579=CARTESIAN_POINT('',(0.000793749999999999,0.0149240250755821,0.104732694759859));
#10580=CARTESIAN_POINT('',(0.000793749999999999,0.00772668107558212,0.107817270759859));
#10581=CARTESIAN_POINT('',(3.76118160660162E-12,0.0155067,0.106210125583501));
#10582=CARTESIAN_POINT('',(0.000179568724133634,0.0155066999985061,0.10621012558229));
#10583=CARTESIAN_POINT('',(0.000465789222463142,0.0152989258293849,0.106041670823983));
#10584=CARTESIAN_POINT('',(0.000728150969530592,0.0147946495963868,0.105632824376373));
#10585=CARTESIAN_POINT('',(0.00079375000961994,0.0143915980679071,0.105306046759603));
#10586=CARTESIAN_POINT('',(0.00079375,0.0141130856473448,0.105080240333845));
#10587=CARTESIAN_POINT('',(1.86347248395946E-20,0.0285388806234994,0.0407885788535341));
#10588=CARTESIAN_POINT('',(1.8634724839625E-20,0.0154289732765994,0.106600313734972));
#10589=CARTESIAN_POINT('',(0.000187088677211656,0.0285388806234994,0.0407885788535339));
#10590=CARTESIAN_POINT('',(0.000187088677211656,0.0154289732765995,0.106600313734972));
#10591=CARTESIAN_POINT('',(0.000632112710732312,0.0282218352365516,0.0407254224019506));
#10592=CARTESIAN_POINT('',(0.000632112710732312,0.0151119278896517,0.106537157283389));
#10593=CARTESIAN_POINT('',(0.000793750011345832,0.0273489377907839,0.0405515384486106));
#10594=CARTESIAN_POINT('',(0.000793750011345832,0.0142390304438839,0.106363273330048));
#10595=CARTESIAN_POINT('',(0.000793749999999999,0.0269819705931295,0.0404784374132213));
#10596=CARTESIAN_POINT('',(0.000793749999999999,0.0138720632462296,0.106290172294659));
#10597=CARTESIAN_POINT('',(3.76118227551397E-12,0.0282067,0.0424561255835009));
#10598=CARTESIAN_POINT('',(0.000100148624617813,0.0282066999992213,0.0424561255825518));
#10599=CARTESIAN_POINT('',(0.000282343092303408,0.0281415237789512,0.0423766854733806));
#10600=CARTESIAN_POINT('',(0.000508666636426498,0.0279343410272259,0.0421241605440854));
#10601=CARTESIAN_POINT('',(0.000671685813739262,0.0276398592906966,0.0417652311492577));
#10602=CARTESIAN_POINT('',(0.000772572001291397,0.0272739857880902,0.0413192858202748));
#10603=CARTESIAN_POINT('',(0.000793750004685295,0.027031017140468,0.0410231432116453));
#10604=CARTESIAN_POINT('',(0.00079375,0.0269042439641459,0.0408686255835004));
#10605=CARTESIAN_POINT('',(1.77876918923403E-20,0.0735457,0.0424561255835009));
#10606=CARTESIAN_POINT('',(1.77876918923403E-20,0.0266243952279308,0.0424561255835009));
#10607=CARTESIAN_POINT('',(0.000187088677211657,0.0735457,0.0424561255835008));
#10608=CARTESIAN_POINT('',(0.000187088677211657,0.0266243952279308,0.0424561255835008));
#10609=CARTESIAN_POINT('',(0.000632112710732314,0.0735457000000001,0.0421328509096375));
#10610=CARTESIAN_POINT('',(0.000632112710732314,0.0266243952279309,0.0421328509096375));
#10611=CARTESIAN_POINT('',(0.000793750011345831,0.0735457000000002,0.0412428028322524));
#10612=CARTESIAN_POINT('',(0.000793750011345831,0.026624395227931,0.0412428028322524));
#10613=CARTESIAN_POINT('',(0.000793749999999999,0.0735457,0.0408686254872283));
#10614=CARTESIAN_POINT('',(0.000793749999999999,0.0266243952279308,0.0408686254872283));
#10615=CARTESIAN_POINT('',(0.00595312499999993,0.128962093327133,0.0291774690019894));
#10616=CARTESIAN_POINT('',(8.67361737988404E-19,0.129589363938513,0.0260650492712816));
#10617=CARTESIAN_POINT('',(-0.00595312499999993,0.128962093327133,0.0291774690019894));
#10618=CARTESIAN_POINT('',(1.50588025083017E-18,-0.0123952,-2.32685648526854E-17));
#10619=CARTESIAN_POINT('',(0.,0.0125245109459524,0.042456125583501));
#10620=CARTESIAN_POINT('',(0.,0.,0.042456125583501));
#10621=CARTESIAN_POINT('',(0.0126538218919048,0.,0.042456125583501));
#10622=CARTESIAN_POINT('',(0.,0.,0.042456125583501));
#10623=CARTESIAN_POINT('',(0.0123952,0.,0.042456125583501));
#10624=CARTESIAN_POINT('',(0.,0.,0.042456125583501));
#10625=CARTESIAN_POINT('',(0.,0.,-1.04083408558608E-17));
#10626=CARTESIAN_POINT('',(0.0205312781080952,0.,-1.04083408558608E-17));
#10627=CARTESIAN_POINT('',(0.,0.0206605890540476,-6.07153216591882E-18));
#10628=CARTESIAN_POINT('',(0.,0.,0.));
#10629=CARTESIAN_POINT('',(0.0207899,0.,0.));
#10630=CARTESIAN_POINT('',(0.,0.,0.042456125583501));
#10631=CARTESIAN_POINT('',(-1.43744783526848E-17,-3.16170010081223E-17,
0.169456125583501));
#10632=CARTESIAN_POINT('',(0.000396875,0.,0.));
#10633=CARTESIAN_POINT('',(0.,0.,0.));
#10634=CARTESIAN_POINT('',(-0.00079375,0.,0.));
#10635=CARTESIAN_POINT('',(0.,0.,0.01905));
#10636=CARTESIAN_POINT('',(0.,0.,0.0381));
#10637=CARTESIAN_POINT('',(-0.00079375,0.,0.0381));
#10638=CARTESIAN_POINT('',(0.000396874999999993,0.,0.0381));
#10639=CARTESIAN_POINT('',(0.01329055,-5.23277112618833E-17,0.212356751167002));
#10640=CARTESIAN_POINT('',(0.,-0.0012573,7.58987100239564E-19));
#10641=CARTESIAN_POINT('',(0.,-0.0012573,7.58987100239564E-19));
#10642=CARTESIAN_POINT('',(0.,-0.0012573,-0.0123952));
#10643=CARTESIAN_POINT('',(0.,0.,7.58987100239564E-19));
#10644=CARTESIAN_POINT('',(0.,0.,-0.0123952));
#10645=CARTESIAN_POINT('',(0.,-0.0012573,1.24035289434642E-18));
#10646=CARTESIAN_POINT('',(0.,-0.0012573,1.24035289434642E-18));
#10647=CARTESIAN_POINT('',(0.,-0.0012573,-0.0202565));
#10648=CARTESIAN_POINT('',(0.,0.,1.24035289434642E-18));
#10649=CARTESIAN_POINT('',(0.,0.,-0.0202565));
#10650=CARTESIAN_POINT('',(0.,-0.0012573,0.));
#10651=CARTESIAN_POINT('',(0.,0.,0.));
#10652=CARTESIAN_POINT('',(-3.93294589739028E-19,-4.48011445531611E-18,
0.0437134255835009));
#10653=CARTESIAN_POINT('',(0.00939783803069885,0.00939783803069885,0.212356751167002));
#10654=CARTESIAN_POINT('',(-2.02958089473838E-17,-0.01329055,0.212356751167002));
#10655=CARTESIAN_POINT('',(-0.01329055,-5.45505192248905E-17,0.212356751167002));
#10656=CARTESIAN_POINT('',(-0.00939783803069891,-0.0093978380306989,0.212356751167002));
#10657=CARTESIAN_POINT('',(0.,0.,0.));
#10658=CARTESIAN_POINT('',(0.,0.,0.1025525));
#10659=CARTESIAN_POINT('',(-0.000812460669258219,0.,0.1025525));
#10660=CARTESIAN_POINT('',(0.,0.,0.));
#10661=CARTESIAN_POINT('',(-0.0113157,0.,0.));
#10662=CARTESIAN_POINT('',(0.0157830612531332,0.,5.44513836812857E-60));
#10663=CARTESIAN_POINT('',(0.,0.,0.));
#10664=CARTESIAN_POINT('',(-0.0123952,0.,0.));
#10665=CARTESIAN_POINT('',(0.,0.,0.));
#10666=CARTESIAN_POINT('',(0.,0.,0.102784121090001));
#10667=CARTESIAN_POINT('',(-0.0018669,0.,0.102784121090001));
#10668=CARTESIAN_POINT('',(0.,0.,0.102568515235399));
#10669=CARTESIAN_POINT('',(0.,0.,0.103632));
#10670=CARTESIAN_POINT('',(-0.000825500000000028,0.,0.103632));
#10671=CARTESIAN_POINT('',(-0.018816371371316,0.,0.103632));
#10672=CARTESIAN_POINT('',(0.000691105145961046,0.,0.1025525));
#10673=CARTESIAN_POINT('',(0.,0.,0.4016375));
#10674=CARTESIAN_POINT('',(0.00079375,0.0735457,0.0286131255835009));
#10675=CARTESIAN_POINT('',(-0.00595312499999993,0.0735457,0.0180089641310601));
#10676=CARTESIAN_POINT('',(8.67361737988404E-19,0.0735457,0.0147701255835009));
#10677=CARTESIAN_POINT('',(0.00079375,0.0735457,0.0180089641310601));
#10678=CARTESIAN_POINT('',(0.00595312499999993,0.0735457,0.0180089641310601));
#10679=CARTESIAN_POINT('',(-0.00079375,0.0735457,0.0180089641310601));
#10680=CARTESIAN_POINT('',(-0.00079375,0.0735457,0.0286131255835009));
#10681=CARTESIAN_POINT('',(-0.00079375,0.0735457,0.0408686255835009));
#10682=CARTESIAN_POINT('',(0.,0.0735457,0.0408686255835009));
#10683=CARTESIAN_POINT('',(0.,0.0735457,0.0424561255835009));
#10684=CARTESIAN_POINT('',(0.,0.0735457,0.0408686255835009));
#10685=CARTESIAN_POINT('',(0.00079375,0.0735457,0.0408686255835009));
#10686=CARTESIAN_POINT('',(0.00079375,0.0735457,0.0286131255835009));
#10687=CARTESIAN_POINT('',(0.00079375,0.00432666094595241,0.0212280627917504));
#10688=CARTESIAN_POINT('',(0.00595312499999993,0.000904231136010125,0.00336895329438043));
#10689=CARTESIAN_POINT('',(8.67361737988404E-19,0.000258621891904802,1.76952352307031E-17));
#10690=CARTESIAN_POINT('',(-0.00079375,0.000904231136010042,0.00336895329438041));
#10691=CARTESIAN_POINT('',(-0.00595312499999993,0.000904231136010125,0.00336895329438043));
#10692=CARTESIAN_POINT('',(0.00079375,0.000904231136010087,0.00336895329438041));
#10693=CARTESIAN_POINT('',(0.00079375,0.00432666094595241,0.0212280627917504));
#10694=CARTESIAN_POINT('',(0.00079375,0.0083947,0.0424561255835009));
#10695=CARTESIAN_POINT('',(0.00079375,0.0083947,0.0424561255835009));
#10696=CARTESIAN_POINT('',(-0.00079375,0.0083947,0.0424561255835009));
#10697=CARTESIAN_POINT('',(-0.00079375,0.00432666094595241,0.0212280627917504));
#10698=CARTESIAN_POINT('',(0.00079375,0.0083947,0.075857125583501));
#10699=CARTESIAN_POINT('',(1.880590696771E-12,0.0083947,0.109258125583501));
#10700=CARTESIAN_POINT('',(0.000174292562322388,0.0083947,0.109258125581704));
#10701=CARTESIAN_POINT('',(0.00045941251107581,0.0083947,0.109011179040894));
#10702=CARTESIAN_POINT('',(0.000728352734018393,0.00839469999999999,0.108381032510403));
#10703=CARTESIAN_POINT('',(0.000793750004027711,0.0083947,0.107873097730429));
#10704=CARTESIAN_POINT('',(0.00079375,0.0083947,0.107530976995606));
#10705=CARTESIAN_POINT('',(0.,0.0083947,0.109258125583501));
#10706=CARTESIAN_POINT('',(0.00079375,0.0083947,0.10753097703985));
#10707=CARTESIAN_POINT('',(-0.000793749999999999,0.00839469998103827,0.107530976995606));
#10708=CARTESIAN_POINT('',(-0.000793750009536723,0.00839469998103827,0.107873160009424));
#10709=CARTESIAN_POINT('',(-0.000729140108921058,0.00839470000430942,0.108379336568696));
#10710=CARTESIAN_POINT('',(-0.000458543879238521,0.00839469999913815,0.109012632419654));
#10711=CARTESIAN_POINT('',(-0.000174027711356295,0.00839469999999991,0.109258125582604));
#10712=CARTESIAN_POINT('',(-1.8806304373336E-12,0.00839469999999991,0.109258125583501));
#10713=CARTESIAN_POINT('',(-0.00079375,0.0083947,0.10753097703985));
#10714=CARTESIAN_POINT('',(-0.00079375,0.0083947,0.075857125583501));
#10715=CARTESIAN_POINT('',(0.00079375,0.0083947,0.075857125583501));
#10716=CARTESIAN_POINT('',(0.00079375,0.0201803,0.0484314627917505));
#10717=CARTESIAN_POINT('',(0.00079375,0.128962093327133,0.0291774690019894));
#10718=CARTESIAN_POINT('',(0.00079375,0.0266739983605609,0.0408686255835009));
#10719=CARTESIAN_POINT('',(0.00079375,0.0269042439641464,0.0408686255835009));
#10720=CARTESIAN_POINT('',(0.00079375,0.0139497900640476,0.105899984161996));
#10721=CARTESIAN_POINT('',(0.00079375,0.0141130856473448,0.105080240333845));
#10722=CARTESIAN_POINT('',(0.00079375,0.00776935311350557,0.107798982848347));
#10723=CARTESIAN_POINT('',(-0.00079375,0.0201803,0.0484314627917505));
#10724=CARTESIAN_POINT('',(-0.00079375,0.128962093327133,0.0291774690019894));
#10725=CARTESIAN_POINT('',(-0.00079375,0.00776935311350557,0.107798982848347));
#10726=CARTESIAN_POINT('',(-0.00079375,0.0141130856473448,0.105080240333845));
#10727=CARTESIAN_POINT('',(-0.00079375,0.0139497900640476,0.105899984161996));
#10728=CARTESIAN_POINT('',(-0.00079375,0.0269042439641464,0.0408686255835009));
#10729=CARTESIAN_POINT('',(-0.00079375,0.0266739983605609,0.0408686255835009));
#10730=CARTESIAN_POINT('',(-0.000793749999999999,0.0149240250755821,0.104732694759859));
#10731=CARTESIAN_POINT('',(-0.000793749999999998,0.00772668107558207,0.107817270759859));
#10732=CARTESIAN_POINT('',(-0.000793750011345777,0.0150714207526313,0.105076618006307));
#10733=CARTESIAN_POINT('',(-0.000793750011345776,0.00787407675263124,0.108161194006307));
#10734=CARTESIAN_POINT('',(-0.000632112711414735,0.0154220278662941,0.105894701271521));
#10735=CARTESIAN_POINT('',(-0.000632112711414734,0.00822468386629404,0.108979277271521));
#10736=CARTESIAN_POINT('',(-0.000187088678962419,0.0155493719996508,0.106191837582686));
#10737=CARTESIAN_POINT('',(-0.000187088678962418,0.00835202799965073,0.109276413582686));
#10738=CARTESIAN_POINT('',(-1.8806311781597E-12,0.015549372,0.106191837583501));
#10739=CARTESIAN_POINT('',(-1.88063056343106E-12,0.00835202799999995,0.109276413583501));
#10740=CARTESIAN_POINT('',(0.,0.0083947,0.109258125583501));
#10741=CARTESIAN_POINT('',(0.,0.0155067,0.106210125583501));
#10742=CARTESIAN_POINT('',(-0.000793750000000002,0.0141130856473448,0.105080240333845));
#10743=CARTESIAN_POINT('',(-0.000793750004675207,0.0142484401825249,0.105189980228874));
#10744=CARTESIAN_POINT('',(-0.000772186857096324,0.014520901145195,0.105410880381233));
#10745=CARTESIAN_POINT('',(-0.000662178347548964,0.014921347702128,0.105735545994135));
#10746=CARTESIAN_POINT('',(-0.000468761632928768,0.0152971188886967,0.106040205830726));
#10747=CARTESIAN_POINT('',(-0.000176271538538942,0.0155067,0.106210125583501));
#10748=CARTESIAN_POINT('',(5.4915468878998E-19,0.0155067,0.106210125583501));
#10749=CARTESIAN_POINT('',(-0.000793749999999997,0.0269819705931298,0.0404784374132217));
#10750=CARTESIAN_POINT('',(-0.00079375,0.01387206324623,0.106290172294659));
#10751=CARTESIAN_POINT('',(-0.00079375001134578,0.0273489377907842,0.0405515384486111));
#10752=CARTESIAN_POINT('',(-0.000793750011345782,0.0142390304438843,0.106363273330049));
#10753=CARTESIAN_POINT('',(-0.000632112710732177,0.0282218352365518,0.040725422401951));
#10754=CARTESIAN_POINT('',(-0.00063211271073218,0.0151119278896519,0.106537157283389));
#10755=CARTESIAN_POINT('',(-0.000187088677211621,0.0285388806234993,0.0407885788535343));
#10756=CARTESIAN_POINT('',(-0.000187088677211623,0.0154289732765995,0.106600313734972));
#10757=CARTESIAN_POINT('',(-2.00348758198584E-19,0.0285388806234993,0.0407885788535344));
#10758=CARTESIAN_POINT('',(-2.83436724993239E-18,0.0154289732765994,0.106600313734972));
#10759=CARTESIAN_POINT('',(0.,0.0155067,0.106210125583501));
#10760=CARTESIAN_POINT('',(0.,0.0282067,0.0424561255835009));
#10761=CARTESIAN_POINT('',(-3.96286960268799E-19,0.0282067,0.0424561255835009));
#10762=CARTESIAN_POINT('',(-4.39282040343797E-5,0.0282067,0.0424561255835008));
#10763=CARTESIAN_POINT('',(-0.000130172147644078,0.0281970439693053,0.0424440045916505));
#10764=CARTESIAN_POINT('',(-0.000275913322534707,0.0281303545988479,0.0423631929605779));
#10765=CARTESIAN_POINT('',(-0.000350202516438912,0.0280768171837166,0.0422976852756509));
#10766=CARTESIAN_POINT('',(-0.000452613793731086,0.0279780288062577,0.0421774987779164));
#10767=CARTESIAN_POINT('',(-0.000496327899496271,0.0279220594141269,0.0421089662362973));
#10768=CARTESIAN_POINT('',(-0.000555337779237463,0.0278377378638725,0.0420059396798981));
#10769=CARTESIAN_POINT('',(-0.000605434598181957,0.027750728990759,0.0419000979323226));
#10770=CARTESIAN_POINT('',(-0.000661255065466629,0.0276276543607447,0.0417504971289283));
#10771=CARTESIAN_POINT('',(-0.000679631637841233,0.0275780266322917,0.0416895653304905));
#10772=CARTESIAN_POINT('',(-0.000719815940029559,0.0274618284993557,0.0415475075867702));
#10773=CARTESIAN_POINT('',(-0.000765399335265434,0.0272796680443522,0.0413261589393814));
#10774=CARTESIAN_POINT('',(-0.000793153786907719,0.0270331735650993,0.0410268484917742));
#10775=CARTESIAN_POINT('',(-0.000793749999999998,0.0269407988901406,0.0409131805960452));
#10776=CARTESIAN_POINT('',(-0.000793749999999999,0.0269042439641464,0.0408686255835009));
#10777=CARTESIAN_POINT('',(-0.000793749999999998,0.0735457,0.0408686254872288));
#10778=CARTESIAN_POINT('',(-0.000793749999999998,0.0266243952279312,0.0408686254872288));
#10779=CARTESIAN_POINT('',(-0.000793750011345776,0.0735456999999999,0.0412428028322529));
#10780=CARTESIAN_POINT('',(-0.000793750011345776,0.0266243952279311,0.0412428028322529));
#10781=CARTESIAN_POINT('',(-0.000632112710732167,0.0735457000000002,0.0421328509096377));
#10782=CARTESIAN_POINT('',(-0.000632112710732167,0.0266243952279314,0.0421328509096377));
#10783=CARTESIAN_POINT('',(-0.000187088677211618,0.0735457,0.0424561255835008));
#10784=CARTESIAN_POINT('',(-0.000187088677211618,0.0266243952279312,0.0424561255835008));
#10785=CARTESIAN_POINT('',(-3.92288500240383E-19,0.0735457,0.0424561255835009));
#10786=CARTESIAN_POINT('',(-3.92288500240383E-19,0.0266243952279312,0.0424561255835009));
#10787=CARTESIAN_POINT('',(0.,0.0266739983605609,0.0424561255835009));
#10788=CARTESIAN_POINT('',(3.76118139354201E-12,0.015549372,0.106191837583501));
#10789=CARTESIAN_POINT('',(3.76118139354201E-12,0.00835202800000001,0.109276413583501));
#10790=CARTESIAN_POINT('',(0.000187088680713145,0.0155493719993016,0.106191837581871));
#10791=CARTESIAN_POINT('',(0.000187088680713145,0.0083520279993016,0.109276413581871));
#10792=CARTESIAN_POINT('',(0.000632112712097276,0.0154220278653648,0.105894701269352));
#10793=CARTESIAN_POINT('',(0.000632112712097276,0.00822468386536481,0.108979277269352));
#10794=CARTESIAN_POINT('',(0.000793750011345778,0.0150714207523843,0.105076618005731));
#10795=CARTESIAN_POINT('',(0.000793750011345778,0.00787407675238435,0.108161194005731));
#10796=CARTESIAN_POINT('',(0.000793749999999999,0.0149240250755821,0.104732694759859));
#10797=CARTESIAN_POINT('',(0.000793749999999999,0.00772668107558212,0.107817270759859));
#10798=CARTESIAN_POINT('',(3.76118160660162E-12,0.0155067,0.106210125583501));
#10799=CARTESIAN_POINT('',(0.000179568724133634,0.0155066999985061,0.10621012558229));
#10800=CARTESIAN_POINT('',(0.000465789222463142,0.0152989258293849,0.106041670823983));
#10801=CARTESIAN_POINT('',(0.000728150969530592,0.0147946495963868,0.105632824376373));
#10802=CARTESIAN_POINT('',(0.00079375000961994,0.0143915980679071,0.105306046759603));
#10803=CARTESIAN_POINT('',(0.00079375,0.0141130856473448,0.105080240333845));
#10804=CARTESIAN_POINT('',(1.86347248395946E-20,0.0285388806234994,0.0407885788535341));
#10805=CARTESIAN_POINT('',(1.8634724839625E-20,0.0154289732765994,0.106600313734972));
#10806=CARTESIAN_POINT('',(0.000187088677211656,0.0285388806234994,0.0407885788535339));
#10807=CARTESIAN_POINT('',(0.000187088677211656,0.0154289732765995,0.106600313734972));
#10808=CARTESIAN_POINT('',(0.000632112710732312,0.0282218352365516,0.0407254224019506));
#10809=CARTESIAN_POINT('',(0.000632112710732312,0.0151119278896517,0.106537157283389));
#10810=CARTESIAN_POINT('',(0.000793750011345832,0.0273489377907839,0.0405515384486106));
#10811=CARTESIAN_POINT('',(0.000793750011345832,0.0142390304438839,0.106363273330048));
#10812=CARTESIAN_POINT('',(0.000793749999999999,0.0269819705931295,0.0404784374132213));
#10813=CARTESIAN_POINT('',(0.000793749999999999,0.0138720632462296,0.106290172294659));
#10814=CARTESIAN_POINT('',(3.76118227551397E-12,0.0282067,0.0424561255835009));
#10815=CARTESIAN_POINT('',(0.000100148624617813,0.0282066999992213,0.0424561255825518));
#10816=CARTESIAN_POINT('',(0.000282343092303408,0.0281415237789512,0.0423766854733806));
#10817=CARTESIAN_POINT('',(0.000508666636426498,0.0279343410272259,0.0421241605440854));
#10818=CARTESIAN_POINT('',(0.000671685813739262,0.0276398592906966,0.0417652311492577));
#10819=CARTESIAN_POINT('',(0.000772572001291397,0.0272739857880902,0.0413192858202748));
#10820=CARTESIAN_POINT('',(0.000793750004685295,0.027031017140468,0.0410231432116453));
#10821=CARTESIAN_POINT('',(0.00079375,0.0269042439641459,0.0408686255835004));
#10822=CARTESIAN_POINT('',(1.77876918923403E-20,0.0735457,0.0424561255835009));
#10823=CARTESIAN_POINT('',(1.77876918923403E-20,0.0266243952279308,0.0424561255835009));
#10824=CARTESIAN_POINT('',(0.000187088677211657,0.0735457,0.0424561255835008));
#10825=CARTESIAN_POINT('',(0.000187088677211657,0.0266243952279308,0.0424561255835008));
#10826=CARTESIAN_POINT('',(0.000632112710732314,0.0735457000000001,0.0421328509096375));
#10827=CARTESIAN_POINT('',(0.000632112710732314,0.0266243952279309,0.0421328509096375));
#10828=CARTESIAN_POINT('',(0.000793750011345831,0.0735457000000002,0.0412428028322524));
#10829=CARTESIAN_POINT('',(0.000793750011345831,0.026624395227931,0.0412428028322524));
#10830=CARTESIAN_POINT('',(0.000793749999999999,0.0735457,0.0408686254872283));
#10831=CARTESIAN_POINT('',(0.000793749999999999,0.0266243952279308,0.0408686254872283));
#10832=CARTESIAN_POINT('',(0.00595312499999993,0.128962093327133,0.0291774690019894));
#10833=CARTESIAN_POINT('',(8.67361737988404E-19,0.129589363938513,0.0260650492712816));
#10834=CARTESIAN_POINT('',(-0.00595312499999993,0.128962093327133,0.0291774690019894));
#10835=CARTESIAN_POINT('',(0.0123952,1.50588025083017E-18,-2.43154007486101E-17));
#10836=CARTESIAN_POINT('',(-2.59933060658282E-17,0.01329055,0.212356751167002));
#10837=CARTESIAN_POINT('',(-1.43744783526848E-17,-3.28573539024688E-17,
0.169456125583501));
#10838=CARTESIAN_POINT('',(-0.00939783803069888,0.00939783803069881,0.212356751167002));
#10839=CARTESIAN_POINT('',(0.,0.,0.20081875));
#10840=CARTESIAN_POINT('',(0.,0.,0.3369945));
#10841=CARTESIAN_POINT('',(0.,0.0123952,0.3369945));
#10842=CARTESIAN_POINT('',(0.,0.,0.299847));
#10843=CARTESIAN_POINT('',(0.,-0.0123952,0.299847));
#10844=CARTESIAN_POINT('',(-0.00474343768085154,-0.011451671581384,0.299847));
#10845=CARTESIAN_POINT('',(0.,-0.0123952,0.20081875));
#10846=CARTESIAN_POINT('',(0.,-0.0123952,0.3338195));
#10847=CARTESIAN_POINT('',(0.,0.,0.3338195));
#10848=CARTESIAN_POINT('',(0.0114516715813839,-0.00474343768085171,0.3338195));
#10849=CARTESIAN_POINT('',(0.0114516715813839,-0.00474343768085171,0.20081875));
#10850=CARTESIAN_POINT('',(0.0114516715813839,-0.00474343768085171,0.299847));
#10851=CARTESIAN_POINT('',(0.,0.,0.299847));
#10852=CARTESIAN_POINT('',(0.0123952,4.50123329672051E-17,0.299847));
#10853=CARTESIAN_POINT('',(0.0123952,4.80482813681633E-17,0.20081875));
#10854=CARTESIAN_POINT('',(0.0123952,4.80482813681633E-17,0.3338195));
#10855=CARTESIAN_POINT('',(0.,0.,0.3338195));
#10856=CARTESIAN_POINT('',(0.00474343768085166,0.0114516715813839,0.3338195));
#10857=CARTESIAN_POINT('',(0.00474343768085165,0.0114516715813839,0.20081875));
#10858=CARTESIAN_POINT('',(0.00474343768085165,0.0114516715813839,0.299847));
#10859=CARTESIAN_POINT('',(0.,0.,0.299847));
#10860=CARTESIAN_POINT('',(-1.03068942704257E-16,0.0123952,0.299847));
#10861=CARTESIAN_POINT('',(-1.06104891105215E-16,0.0123952,0.20081875));
#10862=CARTESIAN_POINT('',(-1.06104891105215E-16,0.0123952,0.3338195));
#10863=CARTESIAN_POINT('',(0.,0.,0.3338195));
#10864=CARTESIAN_POINT('',(-0.0114516715813839,0.0047434376808516,0.3338195));
#10865=CARTESIAN_POINT('',(-0.0114516715813839,0.0047434376808516,0.20081875));
#10866=CARTESIAN_POINT('',(-0.0114516715813839,0.0047434376808516,0.299847));
#10867=CARTESIAN_POINT('',(0.,0.,0.299847));
#10868=CARTESIAN_POINT('',(-0.0123952,-1.39107254145575E-16,0.299847));
#10869=CARTESIAN_POINT('',(-0.0123952,-1.42143202546533E-16,0.20081875));
#10870=CARTESIAN_POINT('',(-0.0123952,-1.42143202546533E-16,0.3338195));
#10871=CARTESIAN_POINT('',(0.,0.,0.3338195));
#10872=CARTESIAN_POINT('',(-0.00474343768085154,-0.011451671581384,0.3338195));
#10873=CARTESIAN_POINT('',(-0.00474343768085154,-0.011451671581384,0.20081875));
#10874=CARTESIAN_POINT('',(0.,0.,0.20081875));
#10875=CARTESIAN_POINT('',(0.,0.,-2.77555756156289E-17));
#10876=CARTESIAN_POINT('',(-0.0123952,0.,-2.77555756156289E-17));
#10877=CARTESIAN_POINT('',(0.,0.,0.2977515));
#10878=CARTESIAN_POINT('',(-0.00474343768085154,-0.011451671581384,0.2977515));
#10879=CARTESIAN_POINT('',(0.,-0.0123952,0.2977515));
#10880=CARTESIAN_POINT('',(0.,0.,0.2977515));
#10881=CARTESIAN_POINT('',(-0.00876472997416335,-0.00876472997416359,0.2977515));
#10882=CARTESIAN_POINT('',(-0.00876472997416335,-0.00876472997416359,0.20081875));
#10883=CARTESIAN_POINT('',(-0.00876472997416335,-0.00876472997416359,0.3284855));
#10884=CARTESIAN_POINT('',(0.,0.,0.3284855));
#10885=CARTESIAN_POINT('',(-0.0114516715813838,-0.00474343768085191,0.3284855));
#10886=CARTESIAN_POINT('',(-0.0114516715813838,-0.00474343768085191,0.20081875));
#10887=CARTESIAN_POINT('',(-0.0114516715813838,-0.00474343768085191,0.2977515));
#10888=CARTESIAN_POINT('',(0.,0.,0.2977515));
#10889=CARTESIAN_POINT('',(-0.00876472997416357,0.00876472997416337,0.2977515));
#10890=CARTESIAN_POINT('',(-0.00876472997416357,0.00876472997416337,0.20081875));
#10891=CARTESIAN_POINT('',(-0.00876472997416357,0.00876472997416337,0.3284855));
#10892=CARTESIAN_POINT('',(0.,0.,0.3284855));
#10893=CARTESIAN_POINT('',(-0.00474343768085186,0.0114516715813838,0.3284855));
#10894=CARTESIAN_POINT('',(-0.00474343768085186,0.0114516715813838,0.20081875));
#10895=CARTESIAN_POINT('',(-0.00474343768085186,0.0114516715813838,0.2977515));
#10896=CARTESIAN_POINT('',(0.,0.,0.2977515));
#10897=CARTESIAN_POINT('',(0.00876472997416342,0.00876472997416352,0.2977515));
#10898=CARTESIAN_POINT('',(0.00876472997416342,0.00876472997416352,0.20081875));
#10899=CARTESIAN_POINT('',(0.00876472997416342,0.00876472997416352,0.3284855));
#10900=CARTESIAN_POINT('',(0.,0.,0.3284855));
#10901=CARTESIAN_POINT('',(0.0114516715813838,0.00474343768085181,0.3284855));
#10902=CARTESIAN_POINT('',(0.0114516715813838,0.00474343768085181,0.20081875));
#10903=CARTESIAN_POINT('',(0.0114516715813838,0.00474343768085181,0.2977515));
#10904=CARTESIAN_POINT('',(0.,0.,0.2977515));
#10905=CARTESIAN_POINT('',(0.00876472997416349,-0.00876472997416345,0.2977515));
#10906=CARTESIAN_POINT('',(0.00876472997416349,-0.00876472997416345,0.20081875));
#10907=CARTESIAN_POINT('',(0.00876472997416349,-0.00876472997416345,0.3284855));
#10908=CARTESIAN_POINT('',(0.,0.,0.3284855));
#10909=CARTESIAN_POINT('',(0.00474343768085175,-0.0114516715813839,0.3284855));
#10910=CARTESIAN_POINT('',(0.00474343768085176,-0.0114516715813839,0.20081875));
#10911=CARTESIAN_POINT('',(0.00474343768085176,-0.0114516715813839,0.2977515));
#10912=CARTESIAN_POINT('',(0.,0.,0.2977515));
#10913=CARTESIAN_POINT('',(0.,0.,0.20081875));
#10914=CARTESIAN_POINT('',(-0.00474343768085154,-0.011451671581384,0.20081875));
#10915=CARTESIAN_POINT('',(0.,-0.0123952,0.20081875));
#10916=CARTESIAN_POINT('',(0.,0.,0.20081875));
#10917=CARTESIAN_POINT('',(0.,0.,0.4016375));
#10918=CARTESIAN_POINT('',(-0.0123952,0.,0.4016375));
#10919=CARTESIAN_POINT('',(0.152947445042715,0.,-1.38777878078145E-17));
#10920=CARTESIAN_POINT('',(0.,0.,0.));
#10921=CARTESIAN_POINT('',(-0.012065,0.,0.));
#10922=CARTESIAN_POINT('',(0.,0.,0.20081875));
#10923=CARTESIAN_POINT('',(0.152947445042715,0.,0.4016375));
#10924=CARTESIAN_POINT('',(0.,0.,0.4016375));
#10925=CARTESIAN_POINT('',(-0.012065,0.,0.4016375));
#10926=CARTESIAN_POINT('',(0.,0.,0.20081875));
#10927=CARTESIAN_POINT('',(0.,0.,0.));
#10928=CARTESIAN_POINT('',(-1.50681314846938E-17,-4.43556149033E-17,0.170713425583501));
#10929=CARTESIAN_POINT('',(0.,0.,0.042456125583501));
#10930=CARTESIAN_POINT('',(0.00881861707956651,0.0155255379885791,0.0153136941650469));
#10931=CARTESIAN_POINT('',(0.00883418523479853,0.015638686620384,0.0147601718614648));
#10932=CARTESIAN_POINT('',(0.00933855618457618,0.015612161383258,0.0136331324419276));
#10933=CARTESIAN_POINT('',(0.0103448432309476,0.0150603403036358,0.0131902335496721));
#10934=CARTESIAN_POINT('',(0.0108005998125245,0.0147221971129029,0.0132061709148258));
#10935=CARTESIAN_POINT('',(0.00881861707956651,0.0155255379885791,0.0153136941650469));
#10936=CARTESIAN_POINT('',(0.0108005998125245,0.0147221971129029,0.0132061709148258));
#10937=CARTESIAN_POINT('',(0.00843643600252415,0.0128839409737017,0.0281242790810029));
#10938=CARTESIAN_POINT('',(0.00857210611855547,0.0137727986165649,0.0238560477366315));
#10939=CARTESIAN_POINT('',(0.00869846688404102,0.0146522919274884,0.0195856076969953));
#10940=CARTESIAN_POINT('',(0.00881861707956651,0.0155255379885791,0.0153136941650469));
#10941=CARTESIAN_POINT('',(0.00843643600252416,0.0128839409737017,0.0281242790810029));
#10942=CARTESIAN_POINT('',(0.00926742225369393,0.012043733059691,0.0291872676765357));
#10943=CARTESIAN_POINT('',(0.00903941048806668,0.0122208513153901,0.029180371281101));
#10944=CARTESIAN_POINT('',(0.00860077263783755,0.0125891481720952,0.028951469009198));
#10945=CARTESIAN_POINT('',(0.00842739659293414,0.0128247182905045,0.0284086622043857));
#10946=CARTESIAN_POINT('',(0.00843643600252414,0.0128839409737017,0.028124279081003));
#10947=CARTESIAN_POINT('',(0.00926742225369392,0.012043733059691,0.0291872676765358));
#10948=CARTESIAN_POINT('',(-0.000409544616338092,-0.000409544616338093,
0.0261884782891964));
#10949=CARTESIAN_POINT('',(0.012043733059691,0.00926742225369394,0.0291872676765358));
#10950=CARTESIAN_POINT('',(0.0128839409737017,0.00843643600252414,0.0281242790810029));
#10951=CARTESIAN_POINT('',(0.0128249099012648,0.00842742583929805,0.0284077421031077));
#10952=CARTESIAN_POINT('',(0.0125893837117196,0.00860049729159794,0.0289511553786773));
#10953=CARTESIAN_POINT('',(0.01222141367848,0.00903868653445431,0.0291803493845538));
#10954=CARTESIAN_POINT('',(0.012043733059691,0.00926742225369394,0.0291872676765357));
#10955=CARTESIAN_POINT('',(0.0128839409737017,0.00843643600252416,0.0281242790810029));
#10956=CARTESIAN_POINT('',(0.015525537988579,0.00881861707956653,0.0153136941650469));
#10957=CARTESIAN_POINT('',(0.0146522919274883,0.00869846688404105,0.0195856076969953));
#10958=CARTESIAN_POINT('',(0.0137727986165648,0.0085721061185555,0.0238560477366315));
#10959=CARTESIAN_POINT('',(0.0128839409737017,0.00843643600252418,0.0281242790810029));
#10960=CARTESIAN_POINT('',(0.0155255379885791,0.00881861707956652,0.0153136941650469));
#10961=CARTESIAN_POINT('',(0.0147221971129029,0.0108005998125245,0.0132061709148258));
#10962=CARTESIAN_POINT('',(0.0150583494333115,0.0103475265682976,0.0131903273833739));
#10963=CARTESIAN_POINT('',(0.0156119821795565,0.0093403561933862,0.0136297622412592));
#10964=CARTESIAN_POINT('',(0.0156386495702845,0.00883418013706389,0.0147603531102883));
#10965=CARTESIAN_POINT('',(0.0155255379885791,0.00881861707956651,0.0153136941650469));
#10966=CARTESIAN_POINT('',(0.0147221971129029,0.0108005998125245,0.0132061709148258));
#10967=CARTESIAN_POINT('',(-0.000492023090274052,-0.000492023090274053,
0.00961432448797669));
#10968=CARTESIAN_POINT('',(0.00897287707013268,0.0125290784865473,0.0280699231090364));
#10969=CARTESIAN_POINT('',(0.00911980897184366,0.0134291980596245,0.0238047430262295));
#10970=CARTESIAN_POINT('',(0.00925590497725487,0.0143184265361488,0.019536941785707));
#10971=CARTESIAN_POINT('',(0.00938480147392376,0.0152004188281734,0.0152673990143165));
#10972=CARTESIAN_POINT('',(0.00897287707013266,0.0125290784865473,0.0280699231090364));
#10973=CARTESIAN_POINT('',(0.00938480147392374,0.0152004188281733,0.0152673990143165));
#10974=CARTESIAN_POINT('',(0.00938480147392374,0.0152004188281734,0.0152673990143165));
#10975=CARTESIAN_POINT('',(0.00939613729561619,0.0152779857723098,0.0148919134362322));
#10976=CARTESIAN_POINT('',(0.00972893909114742,0.015251316568559,0.0141226411659078));
#10977=CARTESIAN_POINT('',(0.010405436971246,0.0148660290190511,0.0138186686987005));
#10978=CARTESIAN_POINT('',(0.0107151283925,0.0146367256928784,0.0138295617986794));
#10979=CARTESIAN_POINT('',(0.0107151283925,0.0146367256928784,0.0138295617986794));
#10980=CARTESIAN_POINT('',(-0.00048880127488593,-0.00048880127488593,0.0102617523708368));
#10981=CARTESIAN_POINT('',(0.0146367256928784,0.0107151283925,0.0138295617986794));
#10982=CARTESIAN_POINT('',(0.0146367256928784,0.0107151283925,0.0138295617986794));
#10983=CARTESIAN_POINT('',(0.0148646469542106,0.0104073035539591,0.0138187343539648));
#10984=CARTESIAN_POINT('',(0.0152510905175505,0.00973027007445655,0.0141202042410485));
#10985=CARTESIAN_POINT('',(0.015277979611091,0.00939613639520069,0.0148919432614221));
#10986=CARTESIAN_POINT('',(0.0152004188281734,0.00938480147392374,0.0152673990143165));
#10987=CARTESIAN_POINT('',(0.0152004188281733,0.00938480147392375,0.0152673990143165));
#10988=CARTESIAN_POINT('',(0.0152004188281734,0.00938480147392375,0.0152673990143165));
#10989=CARTESIAN_POINT('',(0.0143184265361488,0.00925590497725486,0.019536941785707));
#10990=CARTESIAN_POINT('',(0.0134291980596245,0.00911980897184366,0.0238047430262295));
#10991=CARTESIAN_POINT('',(0.0125290784865473,0.00897287707013267,0.0280699231090364));
#10992=CARTESIAN_POINT('',(0.0125290784865473,0.00897287707013267,0.0280699231090364));
#10993=CARTESIAN_POINT('',(0.0125290784865473,0.00897287707013265,0.0280699231090364));
#10994=CARTESIAN_POINT('',(0.0124733641062156,0.00896378247859211,0.0283339234401305));
#10995=CARTESIAN_POINT('',(0.012294753841005,0.00913956730811931,0.0285574027036505));
#10996=CARTESIAN_POINT('',(0.0121289250217797,0.00935261421578267,0.0285638010560141));
#10997=CARTESIAN_POINT('',(0.0121289250217797,0.00935261421578266,0.0285638010560142));
#10998=CARTESIAN_POINT('',(-0.000412766431726217,-0.000412766431726215,
0.0255410504063363));
#10999=CARTESIAN_POINT('',(0.00935261421578265,0.0121289250217797,0.0285638010560142));
#11000=CARTESIAN_POINT('',(0.00935261421578266,0.0121289250217797,0.0285638010560141));
#11001=CARTESIAN_POINT('',(0.00914029913520655,0.0122941842104805,0.02855742468232));
#11002=CARTESIAN_POINT('',(0.00896375422468987,0.0124731910199755,0.0283347436022579));
#11003=CARTESIAN_POINT('',(0.00897287707013265,0.0125290784865473,0.0280699231090364));
#11004=CARTESIAN_POINT('',(0.,0.,0.042456125583501));
#11005=CARTESIAN_POINT('',(0.,0.,0.));
#11006=CARTESIAN_POINT('',(0.0207899,0.,0.));
#11007=CARTESIAN_POINT('',(0.,0.,0.042456125583501));
#11008=CARTESIAN_POINT('',(0.0126538218919048,0.,0.042456125583501));
#11009=CARTESIAN_POINT('',(0.000492023090274053,-0.000492023090274052,0.00961432448797669));
#11010=CARTESIAN_POINT('',(-0.0147221971129029,0.0108005998125244,0.0132061709148258));
#11011=CARTESIAN_POINT('',(-0.0108005998125245,0.0147221971129029,0.0132061709148258));
#11012=CARTESIAN_POINT('',(-0.0108005998125245,0.0147221971129029,0.0132061709148258));
#11013=CARTESIAN_POINT('',(-0.0103475265682976,0.0150583494333115,0.0131903273833739));
#11014=CARTESIAN_POINT('',(-0.0093403561933862,0.0156119821795565,0.0136297622412592));
#11015=CARTESIAN_POINT('',(-0.00883418013706389,0.0156386495702845,0.0147603531102883));
#11016=CARTESIAN_POINT('',(-0.00881861707956651,0.0155255379885791,0.0153136941650469));
#11017=CARTESIAN_POINT('',(-0.00881861707956652,0.0155255379885791,0.0153136941650469));
#11018=CARTESIAN_POINT('',(-0.00881861707956653,0.015525537988579,0.0153136941650469));
#11019=CARTESIAN_POINT('',(-0.00869846688404105,0.0146522919274883,0.0195856076969953));
#11020=CARTESIAN_POINT('',(-0.0085721061185555,0.0137727986165648,0.0238560477366315));
#11021=CARTESIAN_POINT('',(-0.00843643600252418,0.0128839409737017,0.0281242790810029));
#11022=CARTESIAN_POINT('',(-0.00843643600252416,0.0128839409737017,0.0281242790810029));
#11023=CARTESIAN_POINT('',(-0.00843643600252414,0.0128839409737017,0.0281242790810029));
#11024=CARTESIAN_POINT('',(-0.00842742583929805,0.0128249099012648,0.0284077421031077));
#11025=CARTESIAN_POINT('',(-0.00860049729159794,0.0125893837117196,0.0289511553786773));
#11026=CARTESIAN_POINT('',(-0.00903868653445431,0.01222141367848,0.0291803493845538));
#11027=CARTESIAN_POINT('',(-0.00926742225369394,0.012043733059691,0.0291872676765357));
#11028=CARTESIAN_POINT('',(-0.00926742225369394,0.012043733059691,0.0291872676765358));
#11029=CARTESIAN_POINT('',(0.000409544616338093,-0.000409544616338092,0.0261884782891964));
#11030=CARTESIAN_POINT('',(-0.012043733059691,0.00926742225369392,0.0291872676765358));
#11031=CARTESIAN_POINT('',(-0.012043733059691,0.00926742225369393,0.0291872676765357));
#11032=CARTESIAN_POINT('',(-0.0122208513153901,0.00903941048806668,0.029180371281101));
#11033=CARTESIAN_POINT('',(-0.0125891481720952,0.00860077263783755,0.028951469009198));
#11034=CARTESIAN_POINT('',(-0.0128247182905045,0.00842739659293414,0.0284086622043857));
#11035=CARTESIAN_POINT('',(-0.0128839409737017,0.00843643600252414,0.028124279081003));
#11036=CARTESIAN_POINT('',(-0.0128839409737017,0.00843643600252416,0.0281242790810029));
#11037=CARTESIAN_POINT('',(-0.0128839409737017,0.00843643600252415,0.0281242790810029));
#11038=CARTESIAN_POINT('',(-0.0137727986165649,0.00857210611855547,0.0238560477366315));
#11039=CARTESIAN_POINT('',(-0.0146522919274884,0.00869846688404102,0.0195856076969953));
#11040=CARTESIAN_POINT('',(-0.0155255379885791,0.00881861707956651,0.0153136941650469));
#11041=CARTESIAN_POINT('',(-0.0155255379885791,0.00881861707956651,0.0153136941650469));
#11042=CARTESIAN_POINT('',(-0.0155255379885791,0.00881861707956651,0.0153136941650469));
#11043=CARTESIAN_POINT('',(-0.015638686620384,0.00883418523479853,0.0147601718614648));
#11044=CARTESIAN_POINT('',(-0.015612161383258,0.00933855618457616,0.0136331324419276));
#11045=CARTESIAN_POINT('',(-0.0150603403036358,0.0103448432309476,0.0131902335496721));
#11046=CARTESIAN_POINT('',(-0.0147221971129029,0.0108005998125244,0.0132061709148258));
#11047=CARTESIAN_POINT('',(0.000492023090274053,0.000492023090274052,0.00961432448797669));
#11048=CARTESIAN_POINT('',(-0.0108005998125244,-0.0147221971129029,0.0132061709148258));
#11049=CARTESIAN_POINT('',(-0.0147221971129029,-0.0108005998125245,0.0132061709148258));
#11050=CARTESIAN_POINT('',(-0.0147221971129029,-0.0108005998125245,0.0132061709148258));
#11051=CARTESIAN_POINT('',(-0.0150583494333115,-0.0103475265682976,0.0131903273833739));
#11052=CARTESIAN_POINT('',(-0.0156119821795565,-0.00934035619338621,0.0136297622412592));
#11053=CARTESIAN_POINT('',(-0.0156386495702845,-0.00883418013706389,0.0147603531102883));
#11054=CARTESIAN_POINT('',(-0.0155255379885791,-0.00881861707956651,0.0153136941650469));
#11055=CARTESIAN_POINT('',(-0.0155255379885791,-0.00881861707956652,0.0153136941650469));
#11056=CARTESIAN_POINT('',(-0.015525537988579,-0.00881861707956653,0.0153136941650469));
#11057=CARTESIAN_POINT('',(-0.0146522919274883,-0.00869846688404105,0.0195856076969953));
#11058=CARTESIAN_POINT('',(-0.0137727986165648,-0.0085721061185555,0.0238560477366315));
#11059=CARTESIAN_POINT('',(-0.0128839409737017,-0.00843643600252418,0.0281242790810029));
#11060=CARTESIAN_POINT('',(-0.0128839409737017,-0.00843643600252416,0.0281242790810029));
#11061=CARTESIAN_POINT('',(-0.0128839409737017,-0.00843643600252414,0.0281242790810029));
#11062=CARTESIAN_POINT('',(-0.0128249099012648,-0.00842742583929805,0.0284077421031077));
#11063=CARTESIAN_POINT('',(-0.0125893837117196,-0.00860049729159794,0.0289511553786773));
#11064=CARTESIAN_POINT('',(-0.01222141367848,-0.00903868653445431,0.0291803493845538));
#11065=CARTESIAN_POINT('',(-0.012043733059691,-0.00926742225369394,0.0291872676765357));
#11066=CARTESIAN_POINT('',(-0.012043733059691,-0.00926742225369394,0.0291872676765358));
#11067=CARTESIAN_POINT('',(0.000409544616338093,0.000409544616338092,0.0261884782891964));
#11068=CARTESIAN_POINT('',(-0.00926742225369393,-0.012043733059691,0.0291872676765358));
#11069=CARTESIAN_POINT('',(-0.00926742225369393,-0.012043733059691,0.0291872676765357));
#11070=CARTESIAN_POINT('',(-0.00903941048806669,-0.0122208513153901,0.029180371281101));
#11071=CARTESIAN_POINT('',(-0.00860077263783755,-0.0125891481720952,0.028951469009198));
#11072=CARTESIAN_POINT('',(-0.00842739659293414,-0.0128247182905045,0.0284086622043857));
#11073=CARTESIAN_POINT('',(-0.00843643600252414,-0.0128839409737017,0.028124279081003));
#11074=CARTESIAN_POINT('',(-0.00843643600252416,-0.0128839409737017,0.0281242790810029));
#11075=CARTESIAN_POINT('',(-0.00843643600252415,-0.0128839409737017,0.0281242790810029));
#11076=CARTESIAN_POINT('',(-0.00857210611855547,-0.0137727986165649,0.0238560477366315));
#11077=CARTESIAN_POINT('',(-0.00869846688404102,-0.0146522919274884,0.0195856076969953));
#11078=CARTESIAN_POINT('',(-0.00881861707956651,-0.0155255379885791,0.0153136941650469));
#11079=CARTESIAN_POINT('',(-0.00881861707956652,-0.0155255379885791,0.0153136941650469));
#11080=CARTESIAN_POINT('',(-0.00881861707956651,-0.0155255379885791,0.0153136941650469));
#11081=CARTESIAN_POINT('',(-0.00883418523479853,-0.015638686620384,0.0147601718614648));
#11082=CARTESIAN_POINT('',(-0.00933855618457617,-0.015612161383258,0.0136331324419276));
#11083=CARTESIAN_POINT('',(-0.0103448432309476,-0.0150603403036358,0.0131902335496721));
#11084=CARTESIAN_POINT('',(-0.0108005998125244,-0.0147221971129029,0.0132061709148258));
#11085=CARTESIAN_POINT('',(-0.000492023090274052,0.000492023090274053,0.00961432448797669));
#11086=CARTESIAN_POINT('',(0.0147221971129029,-0.0108005998125245,0.0132061709148258));
#11087=CARTESIAN_POINT('',(0.0108005998125245,-0.0147221971129029,0.0132061709148258));
#11088=CARTESIAN_POINT('',(0.0108005998125245,-0.0147221971129029,0.0132061709148258));
#11089=CARTESIAN_POINT('',(0.0103475265682976,-0.0150583494333115,0.0131903273833739));
#11090=CARTESIAN_POINT('',(0.0093403561933862,-0.0156119821795565,0.0136297622412592));
#11091=CARTESIAN_POINT('',(0.00883418013706389,-0.0156386495702845,0.0147603531102883));
#11092=CARTESIAN_POINT('',(0.00881861707956651,-0.0155255379885791,0.0153136941650469));
#11093=CARTESIAN_POINT('',(0.00881861707956652,-0.0155255379885791,0.0153136941650469));
#11094=CARTESIAN_POINT('',(0.00881861707956653,-0.015525537988579,0.0153136941650469));
#11095=CARTESIAN_POINT('',(0.00869846688404105,-0.0146522919274883,0.0195856076969953));
#11096=CARTESIAN_POINT('',(0.0085721061185555,-0.0137727986165648,0.0238560477366315));
#11097=CARTESIAN_POINT('',(0.00843643600252418,-0.0128839409737017,0.0281242790810029));
#11098=CARTESIAN_POINT('',(0.00843643600252416,-0.0128839409737017,0.0281242790810029));
#11099=CARTESIAN_POINT('',(0.00843643600252414,-0.0128839409737017,0.0281242790810029));
#11100=CARTESIAN_POINT('',(0.00842742583929805,-0.0128249099012648,0.0284077421031077));
#11101=CARTESIAN_POINT('',(0.00860049729159794,-0.0125893837117196,0.0289511553786773));
#11102=CARTESIAN_POINT('',(0.00903868653445431,-0.01222141367848,0.0291803493845538));
#11103=CARTESIAN_POINT('',(0.00926742225369394,-0.012043733059691,0.0291872676765357));
#11104=CARTESIAN_POINT('',(0.00926742225369394,-0.012043733059691,0.0291872676765358));
#11105=CARTESIAN_POINT('',(-0.000409544616338092,0.000409544616338093,0.0261884782891964));
#11106=CARTESIAN_POINT('',(0.012043733059691,-0.00926742225369393,0.0291872676765358));
#11107=CARTESIAN_POINT('',(0.012043733059691,-0.00926742225369393,0.0291872676765357));
#11108=CARTESIAN_POINT('',(0.0122208513153901,-0.00903941048806669,0.029180371281101));
#11109=CARTESIAN_POINT('',(0.0125891481720952,-0.00860077263783755,0.028951469009198));
#11110=CARTESIAN_POINT('',(0.0128247182905045,-0.00842739659293414,0.0284086622043857));
#11111=CARTESIAN_POINT('',(0.0128839409737017,-0.00843643600252414,0.028124279081003));
#11112=CARTESIAN_POINT('',(0.0128839409737017,-0.00843643600252416,0.0281242790810029));
#11113=CARTESIAN_POINT('',(0.0128839409737017,-0.00843643600252415,0.0281242790810029));
#11114=CARTESIAN_POINT('',(0.0137727986165649,-0.00857210611855547,0.0238560477366315));
#11115=CARTESIAN_POINT('',(0.0146522919274884,-0.00869846688404102,0.0195856076969953));
#11116=CARTESIAN_POINT('',(0.0155255379885791,-0.00881861707956651,0.0153136941650469));
#11117=CARTESIAN_POINT('',(0.0155255379885791,-0.00881861707956652,0.0153136941650469));
#11118=CARTESIAN_POINT('',(0.0155255379885791,-0.00881861707956651,0.0153136941650469));
#11119=CARTESIAN_POINT('',(0.015638686620384,-0.00883418523479853,0.0147601718614648));
#11120=CARTESIAN_POINT('',(0.015612161383258,-0.00933855618457618,0.0136331324419276));
#11121=CARTESIAN_POINT('',(0.0150603403036358,-0.0103448432309476,0.0131902335496721));
#11122=CARTESIAN_POINT('',(0.0147221971129029,-0.0108005998125245,0.0132061709148258));
#11123=CARTESIAN_POINT('',(0.,0.,0.042456125583501));
#11124=CARTESIAN_POINT('',(0.0152004188281734,-0.00938480147392374,0.0152673990143165));
#11125=CARTESIAN_POINT('',(0.0152779857723098,-0.00939613729561619,0.0148919134362322));
#11126=CARTESIAN_POINT('',(0.015251316568559,-0.00972893909114743,0.0141226411659078));
#11127=CARTESIAN_POINT('',(0.014866029019051,-0.010405436971246,0.0138186686987005));
#11128=CARTESIAN_POINT('',(0.0146367256928784,-0.0107151283925,0.0138295617986794));
#11129=CARTESIAN_POINT('',(0.0152004188281733,-0.00938480147392374,0.0152673990143165));
#11130=CARTESIAN_POINT('',(0.0146367256928784,-0.0107151283925,0.0138295617986794));
#11131=CARTESIAN_POINT('',(-0.000488801274885931,0.000488801274885931,0.0102617523708368));
#11132=CARTESIAN_POINT('',(0.0107151283925,-0.0146367256928784,0.0138295617986794));
#11133=CARTESIAN_POINT('',(0.0107151283925,-0.0146367256928784,0.0138295617986794));
#11134=CARTESIAN_POINT('',(0.0104073035539591,-0.0148646469542106,0.0138187343539648));
#11135=CARTESIAN_POINT('',(0.00973027007445654,-0.0152510905175504,0.0141202042410485));
#11136=CARTESIAN_POINT('',(0.00939613639520069,-0.015277979611091,0.0148919432614221));
#11137=CARTESIAN_POINT('',(0.00938480147392374,-0.0152004188281734,0.0152673990143165));
#11138=CARTESIAN_POINT('',(0.00938480147392375,-0.0152004188281733,0.0152673990143165));
#11139=CARTESIAN_POINT('',(0.00938480147392375,-0.0152004188281734,0.0152673990143165));
#11140=CARTESIAN_POINT('',(0.00925590497725486,-0.0143184265361489,0.019536941785707));
#11141=CARTESIAN_POINT('',(0.00911980897184366,-0.0134291980596245,0.0238047430262295));
#11142=CARTESIAN_POINT('',(0.00897287707013267,-0.0125290784865473,0.0280699231090364));
#11143=CARTESIAN_POINT('',(0.00897287707013267,-0.0125290784865473,0.0280699231090364));
#11144=CARTESIAN_POINT('',(0.00897287707013265,-0.0125290784865473,0.0280699231090364));
#11145=CARTESIAN_POINT('',(0.00896378247859211,-0.0124733641062156,0.0283339234401305));
#11146=CARTESIAN_POINT('',(0.00913956730811931,-0.012294753841005,0.0285574027036505));
#11147=CARTESIAN_POINT('',(0.00935261421578266,-0.0121289250217797,0.0285638010560141));
#11148=CARTESIAN_POINT('',(0.00935261421578266,-0.0121289250217797,0.0285638010560142));
#11149=CARTESIAN_POINT('',(-0.000412766431726215,0.000412766431726217,0.0255410504063363));
#11150=CARTESIAN_POINT('',(0.0121289250217797,-0.00935261421578266,0.0285638010560142));
#11151=CARTESIAN_POINT('',(0.0121289250217797,-0.00935261421578267,0.0285638010560141));
#11152=CARTESIAN_POINT('',(0.0122941842104805,-0.00914029913520656,0.02855742468232));
#11153=CARTESIAN_POINT('',(0.0124731910199755,-0.00896375422468987,0.0283347436022579));
#11154=CARTESIAN_POINT('',(0.0125290784865473,-0.00897287707013265,0.0280699231090364));
#11155=CARTESIAN_POINT('',(0.0125290784865473,-0.00897287707013266,0.0280699231090364));
#11156=CARTESIAN_POINT('',(0.0125290784865473,-0.00897287707013268,0.0280699231090364));
#11157=CARTESIAN_POINT('',(0.0134291980596245,-0.00911980897184366,0.0238047430262295));
#11158=CARTESIAN_POINT('',(0.0143184265361488,-0.00925590497725487,0.019536941785707));
#11159=CARTESIAN_POINT('',(0.0152004188281734,-0.00938480147392376,0.0152673990143165));
#11160=CARTESIAN_POINT('',(0.,0.,0.042456125583501));
#11161=CARTESIAN_POINT('',(0.,0.,0.042456125583501));
#11162=CARTESIAN_POINT('',(-0.00938480147392374,-0.0152004188281734,0.0152673990143165));
#11163=CARTESIAN_POINT('',(-0.00939613729561619,-0.0152779857723098,0.0148919134362322));
#11164=CARTESIAN_POINT('',(-0.00972893909114742,-0.015251316568559,0.0141226411659078));
#11165=CARTESIAN_POINT('',(-0.010405436971246,-0.014866029019051,0.0138186686987005));
#11166=CARTESIAN_POINT('',(-0.0107151283925,-0.0146367256928784,0.0138295617986794));
#11167=CARTESIAN_POINT('',(-0.00938480147392374,-0.0152004188281733,0.0152673990143165));
#11168=CARTESIAN_POINT('',(-0.0107151283925,-0.0146367256928784,0.0138295617986794));
#11169=CARTESIAN_POINT('',(0.000488801274885931,0.000488801274885931,0.0102617523708368));
#11170=CARTESIAN_POINT('',(-0.0146367256928784,-0.0107151283925,0.0138295617986794));
#11171=CARTESIAN_POINT('',(-0.0146367256928784,-0.0107151283925,0.0138295617986794));
#11172=CARTESIAN_POINT('',(-0.0148646469542106,-0.0104073035539591,0.0138187343539648));
#11173=CARTESIAN_POINT('',(-0.0152510905175505,-0.00973027007445655,0.0141202042410485));
#11174=CARTESIAN_POINT('',(-0.015277979611091,-0.00939613639520069,0.0148919432614221));
#11175=CARTESIAN_POINT('',(-0.0152004188281734,-0.00938480147392374,0.0152673990143165));
#11176=CARTESIAN_POINT('',(-0.0152004188281733,-0.00938480147392375,0.0152673990143165));
#11177=CARTESIAN_POINT('',(-0.0152004188281734,-0.00938480147392375,0.0152673990143165));
#11178=CARTESIAN_POINT('',(-0.0143184265361489,-0.00925590497725486,0.019536941785707));
#11179=CARTESIAN_POINT('',(-0.0134291980596245,-0.00911980897184366,0.0238047430262295));
#11180=CARTESIAN_POINT('',(-0.0125290784865473,-0.00897287707013267,0.0280699231090364));
#11181=CARTESIAN_POINT('',(-0.0125290784865473,-0.00897287707013267,0.0280699231090364));
#11182=CARTESIAN_POINT('',(-0.0125290784865473,-0.00897287707013265,0.0280699231090364));
#11183=CARTESIAN_POINT('',(-0.0124733641062156,-0.00896378247859211,0.0283339234401305));
#11184=CARTESIAN_POINT('',(-0.012294753841005,-0.00913956730811931,0.0285574027036505));
#11185=CARTESIAN_POINT('',(-0.0121289250217797,-0.00935261421578267,0.0285638010560141));
#11186=CARTESIAN_POINT('',(-0.0121289250217797,-0.00935261421578266,0.0285638010560142));
#11187=CARTESIAN_POINT('',(0.000412766431726217,0.000412766431726215,0.0255410504063363));
#11188=CARTESIAN_POINT('',(-0.00935261421578266,-0.0121289250217797,0.0285638010560142));
#11189=CARTESIAN_POINT('',(-0.00935261421578267,-0.0121289250217797,0.0285638010560141));
#11190=CARTESIAN_POINT('',(-0.00914029913520656,-0.0122941842104805,0.02855742468232));
#11191=CARTESIAN_POINT('',(-0.00896375422468987,-0.0124731910199755,0.0283347436022579));
#11192=CARTESIAN_POINT('',(-0.00897287707013265,-0.0125290784865473,0.0280699231090364));
#11193=CARTESIAN_POINT('',(-0.00897287707013266,-0.0125290784865473,0.0280699231090364));
#11194=CARTESIAN_POINT('',(-0.00897287707013268,-0.0125290784865473,0.0280699231090364));
#11195=CARTESIAN_POINT('',(-0.00911980897184366,-0.0134291980596245,0.0238047430262295));
#11196=CARTESIAN_POINT('',(-0.00925590497725487,-0.0143184265361488,0.019536941785707));
#11197=CARTESIAN_POINT('',(-0.00938480147392376,-0.0152004188281734,0.0152673990143165));
#11198=CARTESIAN_POINT('',(0.,0.,0.042456125583501));
#11199=CARTESIAN_POINT('',(0.,0.,0.042456125583501));
#11200=CARTESIAN_POINT('',(-0.00938480147392375,0.0152004188281734,0.0152673990143165));
#11201=CARTESIAN_POINT('',(-0.00925590497725486,0.0143184265361488,0.019536941785707));
#11202=CARTESIAN_POINT('',(-0.00911980897184366,0.0134291980596245,0.0238047430262295));
#11203=CARTESIAN_POINT('',(-0.00897287707013267,0.0125290784865473,0.0280699231090364));
#11204=CARTESIAN_POINT('',(-0.00938480147392375,0.0152004188281733,0.0152673990143165));
#11205=CARTESIAN_POINT('',(-0.00897287707013267,0.0125290784865473,0.0280699231090364));
#11206=CARTESIAN_POINT('',(-0.00897287707013265,0.0125290784865473,0.0280699231090364));
#11207=CARTESIAN_POINT('',(-0.00896378247859211,0.0124733641062156,0.0283339234401305));
#11208=CARTESIAN_POINT('',(-0.00913956730811931,0.012294753841005,0.0285574027036505));
#11209=CARTESIAN_POINT('',(-0.00935261421578266,0.0121289250217797,0.0285638010560141));
#11210=CARTESIAN_POINT('',(-0.00935261421578266,0.0121289250217797,0.0285638010560142));
#11211=CARTESIAN_POINT('',(0.000412766431726215,-0.000412766431726217,0.0255410504063363));
#11212=CARTESIAN_POINT('',(-0.0121289250217797,0.00935261421578265,0.0285638010560142));
#11213=CARTESIAN_POINT('',(-0.0121289250217797,0.00935261421578266,0.0285638010560141));
#11214=CARTESIAN_POINT('',(-0.0122941842104805,0.00914029913520655,0.02855742468232));
#11215=CARTESIAN_POINT('',(-0.0124731910199755,0.00896375422468987,0.0283347436022579));
#11216=CARTESIAN_POINT('',(-0.0125290784865473,0.00897287707013265,0.0280699231090364));
#11217=CARTESIAN_POINT('',(-0.0125290784865473,0.00897287707013266,0.0280699231090364));
#11218=CARTESIAN_POINT('',(-0.0125290784865473,0.00897287707013268,0.0280699231090364));
#11219=CARTESIAN_POINT('',(-0.0134291980596245,0.00911980897184366,0.0238047430262295));
#11220=CARTESIAN_POINT('',(-0.0143184265361488,0.00925590497725487,0.019536941785707));
#11221=CARTESIAN_POINT('',(-0.0152004188281734,0.00938480147392376,0.0152673990143165));
#11222=CARTESIAN_POINT('',(-0.0152004188281733,0.00938480147392374,0.0152673990143165));
#11223=CARTESIAN_POINT('',(-0.0152004188281734,0.00938480147392374,0.0152673990143165));
#11224=CARTESIAN_POINT('',(-0.0152779857723098,0.00939613729561619,0.0148919134362322));
#11225=CARTESIAN_POINT('',(-0.015251316568559,0.00972893909114742,0.0141226411659078));
#11226=CARTESIAN_POINT('',(-0.0148660290190511,0.010405436971246,0.0138186686987005));
#11227=CARTESIAN_POINT('',(-0.0146367256928784,0.0107151283925,0.0138295617986794));
#11228=CARTESIAN_POINT('',(-0.0146367256928784,0.0107151283925,0.0138295617986794));
#11229=CARTESIAN_POINT('',(0.00048880127488593,-0.00048880127488593,0.0102617523708368));
#11230=CARTESIAN_POINT('',(-0.0107151283925,0.0146367256928784,0.0138295617986794));
#11231=CARTESIAN_POINT('',(-0.0107151283925,0.0146367256928784,0.0138295617986794));
#11232=CARTESIAN_POINT('',(-0.0104073035539591,0.0148646469542106,0.0138187343539648));
#11233=CARTESIAN_POINT('',(-0.00973027007445655,0.0152510905175505,0.0141202042410485));
#11234=CARTESIAN_POINT('',(-0.00939613639520069,0.015277979611091,0.0148919432614221));
#11235=CARTESIAN_POINT('',(-0.00938480147392374,0.0152004188281734,0.0152673990143165));
#11236=CARTESIAN_POINT('',(0.,0.,0.042456125583501));
#11237=CARTESIAN_POINT('',(0.,0.0125245109459524,0.042456125583501));
#11238=CARTESIAN_POINT('',(0.,0.,0.042456125583501));
#11239=CARTESIAN_POINT('',(0.0123952,0.,0.042456125583501));
#11240=CARTESIAN_POINT('',(0.,0.,0.042456125583501));
#11241=CARTESIAN_POINT('',(0.,0.,-1.04083408558608E-17));
#11242=CARTESIAN_POINT('',(0.0205312781080952,0.,-1.04083408558608E-17));
#11243=CARTESIAN_POINT('',(0.,0.0206605890540476,-6.07153216591882E-18));
#11244=CARTESIAN_POINT('',(0.,0.,0.042456125583501));
#11245=CARTESIAN_POINT('',(0.,0.,0.0424561255835009));
#11246=CARTESIAN_POINT('',(0.00939783803069883,-0.00939783803069891,0.212356751167002));
#11247=CARTESIAN_POINT('',(0.0153031066033333,0.,0.));
#11248=CARTESIAN_POINT('',(0.,0.,0.));
#11249=CARTESIAN_POINT('',(-0.0094107,0.,0.));
#11250=CARTESIAN_POINT('',(0.,0.,0.));
#11251=CARTESIAN_POINT('',(-0.01189355,0.,0.));
#11252=CARTESIAN_POINT('',(0.,0.,0.0143383));
#11253=CARTESIAN_POINT('',(0.,0.,0.0286766));
#11254=CARTESIAN_POINT('',(-0.01189355,0.,0.0286766));
#11255=CARTESIAN_POINT('',(0.0153031066033333,0.,0.0286766));
#11256=CARTESIAN_POINT('',(0.,0.,0.0286766));
#11257=CARTESIAN_POINT('',(-0.0094107,0.,0.0286766));
#11258=CARTESIAN_POINT('',(0.,0.,0.0143383));
#11259=CARTESIAN_POINT('',(0.,0.,0.0254));
#11260=CARTESIAN_POINT('',(0.,0.,0.0098298));
#11261=CARTESIAN_POINT('',(0.,0.,0.0098298));
#11262=CARTESIAN_POINT('',(-0.0016002,0.,0.0098298));
#11263=CARTESIAN_POINT('',(0.,0.,0.0049149));
#11264=CARTESIAN_POINT('',(0.,0.,0.00508));
#11265=CARTESIAN_POINT('',(-0.0016002,0.,0.00508));
#11266=CARTESIAN_POINT('',(0.,0.,0.00508));
#11267=CARTESIAN_POINT('',(0.,0.,0.002032));
#11268=CARTESIAN_POINT('',(-0.0024384,0.,0.002032));
#11269=CARTESIAN_POINT('',(0.,0.,0.002032));
#11270=CARTESIAN_POINT('',(0.,0.,0.001143));
#11271=CARTESIAN_POINT('',(-0.00635,0.,0.001143));
#11272=CARTESIAN_POINT('',(0.,0.,0.0049149));
#11273=CARTESIAN_POINT('',(0.,0.,0.));
#11274=CARTESIAN_POINT('',(-0.00635,0.,0.));
#11275=CARTESIAN_POINT('',(0.00795001843124628,0.,0.));
#11276=CARTESIAN_POINT('',(0.,0.,0.));
#11277=CARTESIAN_POINT('',(-0.008763,0.,0.));
#11278=CARTESIAN_POINT('',(0.,0.,0.0049149));
#11279=CARTESIAN_POINT('',(0.,0.,0.06985));
#11280=CARTESIAN_POINT('',(-0.008763,0.,0.06985));
#11281=CARTESIAN_POINT('',(0.00795001843124627,0.,0.06985));
#11282=CARTESIAN_POINT('',(0.,0.,0.06985));
#11283=CARTESIAN_POINT('',(-0.00635,0.,0.06985));
#11284=CARTESIAN_POINT('',(0.,0.,0.0049149));
#11285=CARTESIAN_POINT('',(0.,0.,0.065024));
#11286=CARTESIAN_POINT('',(-0.00635,0.,0.065024));
#11287=CARTESIAN_POINT('',(0.003175,0.,0.065024));
#11288=CARTESIAN_POINT('',(0.,0.,-0.00635));
#11289=CARTESIAN_POINT('',(0.,0.,0.034925));
#11290=CARTESIAN_POINT('',(0.,0.,-6.93889390390723E-18));
#11291=CARTESIAN_POINT('',(-0.0093472,0.,-6.93889390390723E-18));
#11292=CARTESIAN_POINT('',(0.,0.,0.06985));
#11293=CARTESIAN_POINT('',(-0.0093472,0.,0.06985));
#11294=CARTESIAN_POINT('',(0.0092114055165322,0.0015875,0.063306335280387));
#11295=CARTESIAN_POINT('',(0.00930241216197059,0.00105943756483005,0.0632009050052826));
#11296=CARTESIAN_POINT('',(0.0093472,0.000529462974808477,0.063070655232444));
#11297=CARTESIAN_POINT('',(0.0093472,-7.2542981722666E-18,0.0629412));
#11298=CARTESIAN_POINT('',(0.0093472,4.33680868994202E-19,0.0629412));
#11299=CARTESIAN_POINT('',(0.0092114055165322,0.0015875,0.063306335280387));
#11300=CARTESIAN_POINT('',(0.0092114055165322,-0.0015875,0.063306335280387));
#11301=CARTESIAN_POINT('',(0.00930241216197059,-0.00105943756483006,0.0632009050052826));
#11302=CARTESIAN_POINT('',(0.0093472,-0.000529462974808491,0.063070655232444));
#11303=CARTESIAN_POINT('',(0.0093472,-7.2542981722666E-18,0.0629412));
#11304=CARTESIAN_POINT('',(0.0092114055165322,-0.0015875,0.063306335280387));
#11305=CARTESIAN_POINT('',(0.0092114055165322,-0.0015875,0.034925));
#11306=CARTESIAN_POINT('',(0.0092114055165322,-0.0015875,0.0642112));
#11307=CARTESIAN_POINT('',(0.,0.,0.0642112));
#11308=CARTESIAN_POINT('',(0.0092114055165322,0.0015875,0.0642112));
#11309=CARTESIAN_POINT('',(0.0092114055165322,0.0015875,0.034925));
#11310=CARTESIAN_POINT('',(0.,0.,0.034925));
#11311=CARTESIAN_POINT('',(0.,0.,0.));
#11312=CARTESIAN_POINT('',(-0.009017,0.,0.));
#11313=CARTESIAN_POINT('',(0.,0.,0.06985));
#11314=CARTESIAN_POINT('',(-0.009017,0.,0.06985));
#11315=CARTESIAN_POINT('',(0.00887615529100297,0.0015875,0.034925));
#11316=CARTESIAN_POINT('',(0.00887615529100297,0.0015875,0.0642112));
#11317=CARTESIAN_POINT('',(0.00887615529100297,0.0015875,0.0634930663324583));
#11318=CARTESIAN_POINT('',(0.,0.,0.0642112));
#11319=CARTESIAN_POINT('',(0.00887615529100297,-0.0015875,0.0642112));
#11320=CARTESIAN_POINT('',(0.00887615529100297,-0.0015875,0.034925));
#11321=CARTESIAN_POINT('',(0.00887615529100297,-0.0015875,0.0634930663324583));
#11322=CARTESIAN_POINT('',(0.00887615529100297,0.0015875,0.0634930663324583));
#11323=CARTESIAN_POINT('',(0.00897015397130349,0.00106192716000204,0.0634781190869778));
#11324=CARTESIAN_POINT('',(0.00906387782809945,-5.9534116254418E-6,0.0634240790414416));
#11325=CARTESIAN_POINT('',(0.00897008828403258,-0.00106229443585542,0.0634781295322709));
#11326=CARTESIAN_POINT('',(0.00887615529100297,-0.0015875,0.0634930663324583));
#11327=CARTESIAN_POINT('',(0.0379185714583503,0.,-3.46944695195361E-18));
#11328=CARTESIAN_POINT('',(0.0379185714583503,0.,0.06985));
#11329=CARTESIAN_POINT('',(0.0083252948243171,0.0015875,0.0642112));
#11330=CARTESIAN_POINT('',(0.0083252948243171,-0.0015875,0.0642112));
#11331=CARTESIAN_POINT('',(0.0083252948243171,0.0015875,0.0642112));
#11332=CARTESIAN_POINT('',(0.0087884,0.0015875,0.0629412));
#11333=CARTESIAN_POINT('',(0.0087884,0.0015875,0.0629412));
#11334=CARTESIAN_POINT('',(0.0087884,-0.0015875,0.0629412));
#11335=CARTESIAN_POINT('',(0.000355600000000005,0.0015875,0.0312039));
#11336=CARTESIAN_POINT('',(0.000355600000000005,-0.0015875,0.0312039));
#11337=CARTESIAN_POINT('',(0.,0.,0.));
#11338=CARTESIAN_POINT('',(-0.00127,-0.0015875,-0.00127));
#11339=CARTESIAN_POINT('',(-0.00127,0.0015875,-0.00127));
#11340=CARTESIAN_POINT('',(-0.0007112,0.0015875,-0.00127));
#11341=CARTESIAN_POINT('',(-0.00127,0.0015875,-0.000711200000000009));
#11342=CARTESIAN_POINT('',(-0.0007112,-0.0015875,-0.00127));
#11343=CARTESIAN_POINT('',(-0.0007112,-0.0015875,-0.00127));
#11344=CARTESIAN_POINT('',(-0.00127,-0.0015875,-0.00127));
#11345=CARTESIAN_POINT('',(-0.00127,-0.0015875,-0.000711200000000009));
#11346=CARTESIAN_POINT('',(-0.00127,-0.0015875,-0.000711200000000009));
#11347=CARTESIAN_POINT('',(-0.0007112,-0.0015875,0.0243844975068913));
#11348=CARTESIAN_POINT('',(-0.0007112,0.0015875,0.0243844975068913));
#11349=CARTESIAN_POINT('',(-0.000711199999999981,0.0015875,-0.0703834));
#11350=CARTESIAN_POINT('',(-0.000711199999999981,-0.0015875,-0.0703834));
#11351=CARTESIAN_POINT('',(-0.000711199999999981,-0.0015875,-0.0703834));
#11352=CARTESIAN_POINT('',(-0.0007112,-0.0015875,0.0243844975068913));
#11353=CARTESIAN_POINT('',(-0.00126999999999999,-0.0015875,-0.0703834));
#11354=CARTESIAN_POINT('',(-0.00126999999999999,0.0015875,-0.0703834));
#11355=CARTESIAN_POINT('',(-0.00126999999999999,0.0015875,-0.0709422));
#11356=CARTESIAN_POINT('',(-0.00126999999999999,-0.0015875,-0.0709422));
#11357=CARTESIAN_POINT('',(-0.00126999999999999,-0.0015875,-0.0709422));
#11358=CARTESIAN_POINT('',(-0.00126999999999999,-0.0015875,-0.0703834));
#11359=CARTESIAN_POINT('',(-0.00254,-0.0015875,-0.0709422));
#11360=CARTESIAN_POINT('',(-0.00254,0.0015875,-0.0709422));
#11361=CARTESIAN_POINT('',(-0.00381,0.0015875,-0.0709422));
#11362=CARTESIAN_POINT('',(-0.00381,-0.0015875,-0.0709422));
#11363=CARTESIAN_POINT('',(-0.00381,-0.0015875,-0.0709422));
#11364=CARTESIAN_POINT('',(-0.00254,-0.0015875,-0.0709422));
#11365=CARTESIAN_POINT('',(-0.00381,-0.0015875,-0.0712978));
#11366=CARTESIAN_POINT('',(-0.00381,0.0015875,-0.0712978));
#11367=CARTESIAN_POINT('',(-0.00381,0.0015875,-0.0716534));
#11368=CARTESIAN_POINT('',(-0.00381,-0.0015875,-0.0716534));
#11369=CARTESIAN_POINT('',(-0.00381,-0.0015875,-0.0716534));
#11370=CARTESIAN_POINT('',(-0.00381,-0.0015875,-0.0712978));
#11371=CARTESIAN_POINT('',(0.0308672246906549,-0.0015875,-0.0716534));
#11372=CARTESIAN_POINT('',(0.0308672246906549,0.0015875,-0.0716534));
#11373=CARTESIAN_POINT('',(-0.00126999999999999,0.0015875,-0.0716534));
#11374=CARTESIAN_POINT('',(-0.00126999999999999,-0.0015875,-0.0716534));
#11375=CARTESIAN_POINT('',(-0.00126999999999999,-0.0015875,-0.0716534));
#11376=CARTESIAN_POINT('',(0.0308672246906549,-0.0015875,-0.0716534));
#11377=CARTESIAN_POINT('',(-0.00126999999999999,-0.0015875,-0.0703834));
#11378=CARTESIAN_POINT('',(-0.00126999999999999,0.0015875,-0.0703834));
#11379=CARTESIAN_POINT('',(1.15633942331389E-17,0.0015875,-0.0703834));
#11380=CARTESIAN_POINT('',(1.15633942331389E-17,-0.0015875,-0.0703834));
#11381=CARTESIAN_POINT('',(1.15633942331389E-17,-0.0015875,-0.0703834));
#11382=CARTESIAN_POINT('',(-0.00126999999999999,-0.0015875,-0.0703834));
#11383=CARTESIAN_POINT('',(0.,-0.0015875,0.0240388794783754));
#11384=CARTESIAN_POINT('',(0.,0.0015875,0.0240388794783754));
#11385=CARTESIAN_POINT('',(3.09944382431986E-18,0.0015875,-0.00127));
#11386=CARTESIAN_POINT('',(3.09944382431986E-18,-0.0015875,-0.00127));
#11387=CARTESIAN_POINT('',(3.09944382431986E-18,-0.0015875,-0.00127));
#11388=CARTESIAN_POINT('',(0.,-0.0015875,0.0240388794783754));
#11389=CARTESIAN_POINT('',(-0.00127,-0.0015875,-0.00127));
#11390=CARTESIAN_POINT('',(-0.00127,0.0015875,-0.00127));
#11391=CARTESIAN_POINT('',(-0.00127,0.0015875,-9.83918733772245E-18));
#11392=CARTESIAN_POINT('',(-0.00127,-0.0015875,-9.83918733772245E-18));
#11393=CARTESIAN_POINT('',(-0.00127,-0.0015875,-9.83918733772245E-18));
#11394=CARTESIAN_POINT('',(-0.00127,-0.0015875,-0.00127));
#11395=CARTESIAN_POINT('',(0.0308672246906549,-0.0015875,0.));
#11396=CARTESIAN_POINT('',(0.0308672246906549,0.0015875,0.));
#11397=CARTESIAN_POINT('',(-0.00381,0.0015875,-1.0616838055181E-17));
#11398=CARTESIAN_POINT('',(-0.00381,-0.0015875,-1.0616838055181E-17));
#11399=CARTESIAN_POINT('',(-0.00381,-0.0015875,-1.0616838055181E-17));
#11400=CARTESIAN_POINT('',(0.0308672246906549,-0.0015875,0.));
#11401=CARTESIAN_POINT('',(-0.00381,-0.0015875,-0.0003556));
#11402=CARTESIAN_POINT('',(-0.00381,0.0015875,-0.0003556));
#11403=CARTESIAN_POINT('',(-0.00381,0.0015875,-0.000711200000000009));
#11404=CARTESIAN_POINT('',(-0.00381,-0.0015875,-0.000711200000000009));
#11405=CARTESIAN_POINT('',(-0.00381,-0.0015875,-0.000711200000000009));
#11406=CARTESIAN_POINT('',(-0.00381,-0.0015875,-0.0003556));
#11407=CARTESIAN_POINT('',(-0.00254,-0.0015875,-0.000711200000000009));
#11408=CARTESIAN_POINT('',(-0.00254,0.0015875,-0.000711200000000009));
#11409=CARTESIAN_POINT('',(-0.00254,-0.0015875,-0.000711200000000009));
#11410=CARTESIAN_POINT('',(-0.001905,-0.0015875,-0.0326517));
#11411=CARTESIAN_POINT('',(-0.001905,0.0015875,-0.0326517));
#11412=CARTESIAN_POINT('',(-3.72089291398509E-19,0.0100584,0.0642112));
#11413=CARTESIAN_POINT('',(0.,0.,0.));
#11414=CARTESIAN_POINT('',(0.,0.,0.0635));
#11415=CARTESIAN_POINT('',(-0.0128245177127679,-0.0163631197344792,0.0536311621634923));
#11416=CARTESIAN_POINT('',(-0.0134825755896695,-0.0158473699853303,0.0550793037032734));
#11417=CARTESIAN_POINT('',(-0.0141094779622163,-0.0152918805781641,0.0565274370617951));
#11418=CARTESIAN_POINT('',(-0.0147006792701902,-0.0147006792701902,0.0579755786015769));
#11419=CARTESIAN_POINT('',(-0.0128245177127679,-0.0163631197344792,0.0536311621634923));
#11420=CARTESIAN_POINT('',(-0.0147006792701902,-0.0147006792701902,0.0579755786015769));
#11421=CARTESIAN_POINT('',(-0.0104341416192775,-0.017981897304758,0.0586354899592607));
#11422=CARTESIAN_POINT('',(-0.0112671469672349,-0.0174985392017226,0.0569673775840441));
#11423=CARTESIAN_POINT('',(-0.0120665016915947,-0.0169572112065115,0.0552992745387099));
#11424=CARTESIAN_POINT('',(-0.0128245177127679,-0.0163631197344792,0.0536311621634923));
#11425=CARTESIAN_POINT('',(-0.0104341416192775,-0.017981897304758,0.0586354899592607));
#11426=CARTESIAN_POINT('',(0.,0.,0.0586354899592607));
#11427=CARTESIAN_POINT('',(-0.0144288181250643,-0.0149676033326587,0.0586354899592607));
#11428=CARTESIAN_POINT('',(-0.0125225070912237,-0.0165953836400443,0.0629799063973453));
#11429=CARTESIAN_POINT('',(-0.0131899056742411,-0.0160917795252023,0.0615317648575642));
#11430=CARTESIAN_POINT('',(-0.0138268822209564,-0.0155478714951887,0.0600836314990425));
#11431=CARTESIAN_POINT('',(-0.0144288181250643,-0.0149676033326587,0.0586354899592607));
#11432=CARTESIAN_POINT('',(-0.0125225070912237,-0.0165953836400443,0.0629799063973453));
#11433=CARTESIAN_POINT('',(0.,0.,0.0629799063973453));
#11434=CARTESIAN_POINT('',(-0.0165953836400443,-0.0125225070912237,0.0629799063973453));
#11435=CARTESIAN_POINT('',(-0.0149676033326587,-0.0144288181250643,0.0586354899592607));
#11436=CARTESIAN_POINT('',(-0.0155478714951884,-0.0138268822209566,0.0600836314990418));
#11437=CARTESIAN_POINT('',(-0.0160917795252021,-0.0131899056742414,0.0615317648575635));
#11438=CARTESIAN_POINT('',(-0.0165953836400443,-0.0125225070912237,0.0629799063973453));
#11439=CARTESIAN_POINT('',(-0.0149676033326587,-0.0144288181250643,0.0586354899592607));
#11440=CARTESIAN_POINT('',(0.,0.,0.0586354899592607));
#11441=CARTESIAN_POINT('',(-0.017981897304758,-0.0104341416192775,0.0586354899592607));
#11442=CARTESIAN_POINT('',(-0.0163631197344792,-0.0128245177127679,0.0536311621634923));
#11443=CARTESIAN_POINT('',(-0.0169572112065111,-0.0120665016915952,0.0552992745387089));
#11444=CARTESIAN_POINT('',(-0.0174985392017223,-0.0112671469672355,0.0569673775840431));
#11445=CARTESIAN_POINT('',(-0.017981897304758,-0.0104341416192775,0.0586354899592607));
#11446=CARTESIAN_POINT('',(-0.0163631197344791,-0.0128245177127679,0.0536311621634923));
#11447=CARTESIAN_POINT('',(-0.0147006792701902,-0.0147006792701902,0.0579755786015769));
#11448=CARTESIAN_POINT('',(-0.0152918805781638,-0.0141094779622166,0.0565274370617958));
#11449=CARTESIAN_POINT('',(-0.01584736998533,-0.0134825755896698,0.0550793037032742));
#11450=CARTESIAN_POINT('',(-0.0163631197344792,-0.0128245177127679,0.0536311621634923));
#11451=CARTESIAN_POINT('',(0.,0.,0.0635));
#11452=CARTESIAN_POINT('',(0.,0.,0.066802));
#11453=CARTESIAN_POINT('',(-0.0130220921898857,-0.0162063276842139,0.066802));
#11454=CARTESIAN_POINT('',(-0.0142221136235433,-0.0151641493691214,0.066802));
#11455=CARTESIAN_POINT('',(-0.012951088207667,-0.0162631256604389,0.0668688779410836));
#11456=CARTESIAN_POINT('',(-0.0129605478838861,-0.0162555924774772,0.0668301233416386));
#11457=CARTESIAN_POINT('',(-0.0129904457921013,-0.0162317561660672,0.066802));
#11458=CARTESIAN_POINT('',(-0.0130220921898857,-0.0162063276842139,0.066802));
#11459=CARTESIAN_POINT('',(-0.012951088207667,-0.0162631256604389,0.0668688779410836));
#11460=CARTESIAN_POINT('',(-0.0158282425187793,-0.0134791201781387,0.0696132314143758));
#11461=CARTESIAN_POINT('',(-0.0155475856570236,-0.0138086895278974,0.0699235250927906));
#11462=CARTESIAN_POINT('',(-0.0148393297138934,-0.0145931944440731,0.0702663008554021));
#11463=CARTESIAN_POINT('',(-0.0136662340754613,-0.0156877242845049,0.0698045327234874));
#11464=CARTESIAN_POINT('',(-0.0128501500787034,-0.0163451183735022,0.068494197140622));
#11465=CARTESIAN_POINT('',(-0.0128269871001571,-0.0163619531812728,0.0673772979333195));
#11466=CARTESIAN_POINT('',(-0.012951088207667,-0.0162631256604389,0.0668688779410836));
#11467=CARTESIAN_POINT('',(-0.0158282425187793,-0.0134791201781386,0.0696132314143758));
#11468=CARTESIAN_POINT('',(-0.0163573285754594,-0.0128319033617177,0.0690139665027705));
#11469=CARTESIAN_POINT('',(-0.016185325899869,-0.013051161892676,0.0692137239277184));
#11470=CARTESIAN_POINT('',(-0.0160089206824071,-0.0132669536751361,0.0694134739894279));
#11471=CARTESIAN_POINT('',(-0.0158282425187794,-0.0134791201781386,0.0696132314143758));
#11472=CARTESIAN_POINT('',(-0.0163573285754594,-0.0128319033617176,0.0690139665027706));
#11473=CARTESIAN_POINT('',(-0.0169356356123574,-0.0120583659098342,0.0687089234916756));
#11474=CARTESIAN_POINT('',(-0.0167372878623231,-0.0123369397434888,0.0687233577155745));
#11475=CARTESIAN_POINT('',(-0.0165290382216745,-0.0126130183667529,0.0688145493910883));
#11476=CARTESIAN_POINT('',(-0.0163573285754594,-0.0128319033617176,0.0690139665027706));
#11477=CARTESIAN_POINT('',(-0.0169356356123574,-0.0120583659098342,0.0687089234916752));
#11478=CARTESIAN_POINT('',(-0.0169883886094328,-0.0119839306767394,0.0686137582260443));
#11479=CARTESIAN_POINT('',(-0.0169883886094328,-0.0119839306767394,0.0686627171163171));
#11480=CARTESIAN_POINT('',(-0.0169640488370837,-0.0120184603352203,0.0687068557956911));
#11481=CARTESIAN_POINT('',(-0.0169356356123574,-0.0120583659098342,0.0687089234916752));
#11482=CARTESIAN_POINT('',(-0.0169883886094328,-0.0119839306767394,0.0686137582260443));
#11483=CARTESIAN_POINT('',(-0.0169883886094328,-0.0119839306767394,0.0635));
#11484=CARTESIAN_POINT('',(-0.0169883886094328,-0.0119839306767394,0.0672159971566502));
#11485=CARTESIAN_POINT('',(-0.0169318583580498,-0.012063669199416,0.067120779817293));
#11486=CARTESIAN_POINT('',(-0.0169615397533884,-0.012022010134215,0.0671194399435584));
#11487=CARTESIAN_POINT('',(-0.0169883886094328,-0.0119839306767394,0.0671647597287595));
#11488=CARTESIAN_POINT('',(-0.0169883886094328,-0.0119839306767394,0.0672159971566502));
#11489=CARTESIAN_POINT('',(-0.0169318583580498,-0.012063669199416,0.0671207798172935));
#11490=CARTESIAN_POINT('',(-0.0157706671414281,-0.0135464386435801,0.0677238601930513));
#11491=CARTESIAN_POINT('',(-0.0161254100735069,-0.0131334494550718,0.067333606136924));
#11492=CARTESIAN_POINT('',(-0.0165434101673254,-0.0126088722911176,0.067138315095607));
#11493=CARTESIAN_POINT('',(-0.0169318583580498,-0.012063669199416,0.0671207798172935));
#11494=CARTESIAN_POINT('',(-0.015770667141428,-0.0135464386435802,0.0677238601930511));
#11495=CARTESIAN_POINT('',(-0.0152133299090605,-0.014169493113308,0.0683231251046562));
#11496=CARTESIAN_POINT('',(-0.0154032620382658,-0.0139655690830817,0.0681233676797084));
#11497=CARTESIAN_POINT('',(-0.0155890866209289,-0.0137578333889819,0.0679236176179989));
#11498=CARTESIAN_POINT('',(-0.015770667141428,-0.0135464386435802,0.0677238601930511));
#11499=CARTESIAN_POINT('',(-0.0152132709293888,-0.014169556437624,0.068323001207869));
#11500=CARTESIAN_POINT('',(-0.0142707366472905,-0.0151183999667187,0.0669651863850311));
#11501=CARTESIAN_POINT('',(-0.0141458922380342,-0.0152362445594207,0.0671338979220311));
#11502=CARTESIAN_POINT('',(-0.0139941482770137,-0.0153744106177559,0.067608853235614));
#11503=CARTESIAN_POINT('',(-0.0142389917674767,-0.0151515997091996,0.0683123754837817));
#11504=CARTESIAN_POINT('',(-0.0147467840420858,-0.0146611198467935,0.0685954801860583));
#11505=CARTESIAN_POINT('',(-0.0150789204646741,-0.0143138030150092,0.068460774026321));
#11506=CARTESIAN_POINT('',(-0.0152132709293888,-0.014169556437624,0.068323001207869));
#11507=CARTESIAN_POINT('',(-0.0142707366472905,-0.0151183999667187,0.0669651863850312));
#11508=CARTESIAN_POINT('',(-0.0142221136235433,-0.0151641493691214,0.066802));
#11509=CARTESIAN_POINT('',(-0.0142773562933887,-0.0151123385152261,0.066802));
#11510=CARTESIAN_POINT('',(-0.0143100264636365,-0.015081313064452,0.0669120911396874));
#11511=CARTESIAN_POINT('',(-0.0142707366472905,-0.0151183999667187,0.0669651863850312));
#11512=CARTESIAN_POINT('',(0.,0.,0.0635));
#11513=CARTESIAN_POINT('',(-0.0165492928946085,-0.0126242100002821,0.0754552469974204));
#11514=CARTESIAN_POINT('',(-0.0150396305313408,-0.0144320258899679,0.0764294595149684));
#11515=CARTESIAN_POINT('',(-0.0132958882933453,-0.0160146436760969,0.075455414942706));
#11516=CARTESIAN_POINT('',(-0.0125137848436112,-0.0165959905843456,0.0731044681460154));
#11517=CARTESIAN_POINT('',(-0.0132958461854845,-0.0160146788665621,0.070753351237743));
#11518=CARTESIAN_POINT('',(-0.0150395323956783,-0.0144321114666333,0.069779388928742));
#11519=CARTESIAN_POINT('',(-0.016549019371445,-0.0126245704906022,0.0707530928879283));
#11520=CARTESIAN_POINT('',(-0.0170977201021501,-0.0118190308469406,0.0731041771818405));
#11521=CARTESIAN_POINT('',(-0.0165492928946085,-0.0126242100002821,0.0754552469974204));
#11522=CARTESIAN_POINT('',(-0.0150396305313408,-0.0144320258899679,0.0764294595149684));
#11523=CARTESIAN_POINT('',(-0.0132958882933453,-0.0160146436760969,0.075455414942706));
#11524=CARTESIAN_POINT('',(-0.0150006172188862,-0.0143944928727084,0.07610475));
#11525=CARTESIAN_POINT('',(-0.0143686377120203,-0.0150303322612385,0.0722100448496192));
#11526=CARTESIAN_POINT('',(-0.014095812384043,-0.0152806846493861,0.0731036356514864));
#11527=CARTESIAN_POINT('',(-0.0143698811985052,-0.0150291776815269,0.074001662544435));
#11528=CARTESIAN_POINT('',(-0.0150076829405176,-0.014398476130413,0.074370935184116));
#11529=CARTESIAN_POINT('',(-0.0156100123796546,-0.0137366609542708,0.0739988443990589));
#11530=CARTESIAN_POINT('',(-0.0158487877736334,-0.0134538971047396,0.0731031186171407));
#11531=CARTESIAN_POINT('',(-0.0156084933695152,-0.0137384256825355,0.0722073670536269));
#11532=CARTESIAN_POINT('',(-0.0150052801929422,-0.0144009699860242,0.0718377096825625));
#11533=CARTESIAN_POINT('',(-0.0143686377120203,-0.0150303322612385,0.0722100448496192));
#11534=CARTESIAN_POINT('',(-0.014095812384043,-0.0152806846493861,0.0731036356514864));
#11535=CARTESIAN_POINT('',(-0.0143698811985052,-0.0150291776815269,0.074001662544435));
#11536=CARTESIAN_POINT('',(-0.0141869614077829,-0.0151970414233849,0.073104375));
#11537=CARTESIAN_POINT('',(0.,0.,0.0635));
#11538=CARTESIAN_POINT('',(0.,0.,0.0635));
#11539=CARTESIAN_POINT('',(0.,0.,0.07610475));
#11540=CARTESIAN_POINT('',(-0.0119579723187112,-0.017006670457057,0.07610475));
#11541=CARTESIAN_POINT('',(-0.0118799301503567,-0.0170612778429004,0.0762));
#11542=CARTESIAN_POINT('',(-0.0118799301503567,-0.0170612778429004,0.0761496797455098));
#11543=CARTESIAN_POINT('',(-0.0119167504972522,-0.017035654931189,0.07610475));
#11544=CARTESIAN_POINT('',(-0.0119579723187112,-0.017006670457057,0.07610475));
#11545=CARTESIAN_POINT('',(-0.0118799301503567,-0.0170612778429004,0.0762));
#11546=CARTESIAN_POINT('',(-0.0118799301503567,-0.0170612778429004,0.0635));
#11547=CARTESIAN_POINT('',(-0.0118799301503567,-0.0170612778429004,0.0805815));
#11548=CARTESIAN_POINT('',(-0.0119579723187112,-0.017006670457057,0.08067675));
#11549=CARTESIAN_POINT('',(-0.0119168090569632,-0.0170356137558511,0.08067675));
#11550=CARTESIAN_POINT('',(-0.0118799301503567,-0.0170612778429004,0.0806318918461596));
#11551=CARTESIAN_POINT('',(-0.0118799301503567,-0.0170612778429004,0.0805815));
#11552=CARTESIAN_POINT('',(-0.0119579723187112,-0.017006670457057,0.08067675));
#11553=CARTESIAN_POINT('',(0.,0.,0.08067675));
#11554=CARTESIAN_POINT('',(-0.0130729074287553,-0.0161653652408226,0.08067675));
#11555=CARTESIAN_POINT('',(-0.0131468324209957,-0.0161053015899813,0.0805815));
#11556=CARTESIAN_POINT('',(-0.0131468324209957,-0.0161053015899813,0.0806318202544902));
#11557=CARTESIAN_POINT('',(-0.0131120900425103,-0.0161336783178979,0.08067675));
#11558=CARTESIAN_POINT('',(-0.0130729074287553,-0.0161653652408226,0.08067675));
#11559=CARTESIAN_POINT('',(-0.0131468324209957,-0.0161053015899813,0.0805815));
#11560=CARTESIAN_POINT('',(-0.0131468324209957,-0.0161053015899813,0.0635));
#11561=CARTESIAN_POINT('',(-0.0131468324209957,-0.0161053015899813,0.07788275));
#11562=CARTESIAN_POINT('',(-0.0132204814536179,-0.0160448998795426,0.0777875));
#11563=CARTESIAN_POINT('',(-0.013181624575432,-0.0160769166974261,0.0777875));
#11564=CARTESIAN_POINT('',(-0.0131468324209957,-0.0161053015899813,0.0778323666716103));
#11565=CARTESIAN_POINT('',(-0.0131468324209957,-0.0161053015899813,0.07788275));
#11566=CARTESIAN_POINT('',(-0.0132204814536179,-0.0160448998795426,0.0777875));
#11567=CARTESIAN_POINT('',(0.,0.,0.0777875));
#11568=CARTESIAN_POINT('',(-0.0169333055064698,-0.012061637808961,0.0777875));
#11569=CARTESIAN_POINT('',(-0.0169883886094328,-0.0119839306767394,0.07769225));
#11570=CARTESIAN_POINT('',(-0.0169883886094328,-0.0119839306767394,0.0777425702544902));
#11571=CARTESIAN_POINT('',(-0.0169625412514394,-0.0120205938140143,0.0777875));
#11572=CARTESIAN_POINT('',(-0.0169333055064698,-0.012061637808961,0.0777875));
#11573=CARTESIAN_POINT('',(-0.0169883886094328,-0.0119839306767394,0.07769225));
#11574=CARTESIAN_POINT('',(-0.0169883886094328,-0.0119839306767394,0.0635));
#11575=CARTESIAN_POINT('',(-0.0169883886094328,-0.0119839306767394,0.0762));
#11576=CARTESIAN_POINT('',(-0.0169333055064698,-0.012061637808961,0.07610475));
#11577=CARTESIAN_POINT('',(-0.0169624997191462,-0.012020652121105,0.07610475));
#11578=CARTESIAN_POINT('',(-0.0169883886094328,-0.0119839306767394,0.0761496081538403));
#11579=CARTESIAN_POINT('',(-0.0169883886094328,-0.0119839306767394,0.0762));
#11580=CARTESIAN_POINT('',(-0.0169333055064698,-0.012061637808961,0.07610475));
#11581=CARTESIAN_POINT('',(0.,0.,0.07610475));
#11582=CARTESIAN_POINT('',(0.,0.,0.0635));
#11583=CARTESIAN_POINT('',(-0.015120993345665,-0.0142679887247767,0.081534));
#11584=CARTESIAN_POINT('',(-0.015120993345665,-0.0142679887247767,0.0815843202544902));
#11585=CARTESIAN_POINT('',(-0.0150902165391399,-0.0143006239776513,0.08162925));
#11586=CARTESIAN_POINT('',(-0.0150554653483175,-0.0143371163472858,0.08162925));
#11587=CARTESIAN_POINT('',(-0.015120993345665,-0.0142679887247767,0.081534));
#11588=CARTESIAN_POINT('',(-0.0150554653483175,-0.0143371163472858,0.08162925));
#11589=CARTESIAN_POINT('',(-0.015120993345665,-0.0142679887247767,0.0635));
#11590=CARTESIAN_POINT('',(-0.015120993345665,-0.0142679887247767,0.08013065));
#11591=CARTESIAN_POINT('',(-0.0151862039446144,-0.01419856160893,0.0800354));
#11592=CARTESIAN_POINT('',(-0.0151518184524645,-0.0142353389326411,0.0800354));
#11593=CARTESIAN_POINT('',(-0.015120993345665,-0.0142679887247767,0.0800802666716103));
#11594=CARTESIAN_POINT('',(-0.015120993345665,-0.0142679887247767,0.08013065));
#11595=CARTESIAN_POINT('',(-0.0151862039446144,-0.01419856160893,0.0800354));
#11596=CARTESIAN_POINT('',(0.,0.,0.0800354));
#11597=CARTESIAN_POINT('',(-0.0153777812162911,-0.0139908465388583,0.0800354));
#11598=CARTESIAN_POINT('',(-0.0153777812162911,-0.0139908465388583,0.08188325));
#11599=CARTESIAN_POINT('',(-0.0155420359204707,-0.0138103090068652,0.08188325));
#11600=CARTESIAN_POINT('',(-0.0158569182000664,-0.01344892461411,0.0816827398002023));
#11601=CARTESIAN_POINT('',(-0.0160477903315773,-0.0132163084646715,0.0809591822652752));
#11602=CARTESIAN_POINT('',(-0.0158568889266626,-0.0134489591843129,0.0802359418632579));
#11603=CARTESIAN_POINT('',(-0.0155420265431432,-0.0138103193137819,0.0800354));
#11604=CARTESIAN_POINT('',(-0.0153777812162911,-0.0139908465388583,0.0800354));
#11605=CARTESIAN_POINT('',(-0.0153777812162911,-0.0139908465388583,0.08188325));
#11606=CARTESIAN_POINT('',(0.,0.,0.08188325));
#11607=CARTESIAN_POINT('',(-0.0119579723187112,-0.017006670457057,0.08188325));
#11608=CARTESIAN_POINT('',(-0.0118799301503567,-0.0170612778429004,0.0819785));
#11609=CARTESIAN_POINT('',(-0.0118799301503567,-0.0170612778429004,0.0819281797455098));
#11610=CARTESIAN_POINT('',(-0.0119167504972522,-0.017035654931189,0.08188325));
#11611=CARTESIAN_POINT('',(-0.0119579723187112,-0.017006670457057,0.08188325));
#11612=CARTESIAN_POINT('',(-0.0118799301503567,-0.0170612778429004,0.0819785));
#11613=CARTESIAN_POINT('',(-0.0118799301503567,-0.0170612778429004,0.0635));
#11614=CARTESIAN_POINT('',(-0.0118799301503567,-0.0170612778429004,0.0833755));
#11615=CARTESIAN_POINT('',(-0.0119579723187112,-0.017006670457057,0.08347075));
#11616=CARTESIAN_POINT('',(-0.0119168090569632,-0.0170356137558511,0.08347075));
#11617=CARTESIAN_POINT('',(-0.0118799301503567,-0.0170612778429004,0.0834258918461596));
#11618=CARTESIAN_POINT('',(-0.0118799301503567,-0.0170612778429004,0.0833755));
#11619=CARTESIAN_POINT('',(-0.0119579723187112,-0.017006670457057,0.08347075));
#11620=CARTESIAN_POINT('',(0.,0.,0.08347075));
#11621=CARTESIAN_POINT('',(-0.0156545876095985,-0.0136804177123143,0.08347075));
#11622=CARTESIAN_POINT('',(-0.0169883886094328,-0.0119839306767394,0.0812419));
#11623=CARTESIAN_POINT('',(-0.0169883886094328,-0.0119839306767394,0.081820991089631));
#11624=CARTESIAN_POINT('',(-0.0167356759074161,-0.0123552522878694,0.0829631665415498));
#11625=CARTESIAN_POINT('',(-0.0160355585830361,-0.0132444702430332,0.08347075));
#11626=CARTESIAN_POINT('',(-0.0156545876095986,-0.0136804177123143,0.08347075));
#11627=CARTESIAN_POINT('',(-0.0169883886094328,-0.0119839306767394,0.0812419));
#11628=CARTESIAN_POINT('',(-0.015120993345665,-0.0142679887247767,0.0784479));
#11629=CARTESIAN_POINT('',(-0.015638113307455,-0.0137199530028562,0.0784479));
#11630=CARTESIAN_POINT('',(-0.0166020992216902,-0.0125539529596212,0.0790104557152143));
#11631=CARTESIAN_POINT('',(-0.0169883886094328,-0.0119839306767394,0.0804882021962238));
#11632=CARTESIAN_POINT('',(-0.0169883886094328,-0.0119839306767394,0.0812419));
#11633=CARTESIAN_POINT('',(-0.015120993345665,-0.0142679887247767,0.0784479));
#11634=CARTESIAN_POINT('',(0.,0.,0.0784479));
#11635=CARTESIAN_POINT('',(-0.0140588147327409,-0.015315667478777,0.0784479));
#11636=CARTESIAN_POINT('',(-0.0139884979057663,-0.0153799176964758,0.07854315));
#11637=CARTESIAN_POINT('',(-0.0139884979057663,-0.0153799176964758,0.0784928297455098));
#11638=CARTESIAN_POINT('',(-0.0140216916690624,-0.0153497441049045,0.0784479));
#11639=CARTESIAN_POINT('',(-0.0140588147327409,-0.015315667478777,0.0784479));
#11640=CARTESIAN_POINT('',(-0.0139884979057663,-0.0153799176964758,0.07854315));
#11641=CARTESIAN_POINT('',(-0.0139884979057663,-0.0153799176964758,0.0635));
#11642=CARTESIAN_POINT('',(-0.0139884979057663,-0.0153799176964758,0.081534));
#11643=CARTESIAN_POINT('',(-0.0140588147327409,-0.015315667478777,0.08162925));
#11644=CARTESIAN_POINT('',(-0.014021744406079,-0.0153496956956565,0.08162925));
#11645=CARTESIAN_POINT('',(-0.0139884979057663,-0.0153799176964758,0.0815843918461596));
#11646=CARTESIAN_POINT('',(-0.0139884979057663,-0.0153799176964758,0.081534));
#11647=CARTESIAN_POINT('',(-0.0140588147327409,-0.015315667478777,0.08162925));
#11648=CARTESIAN_POINT('',(0.,0.,0.08162925));
#11649=CARTESIAN_POINT('',(0.,0.,0.0635));
#11650=CARTESIAN_POINT('',(-0.0118799301503567,-0.0170612778429004,0.087718899999999));
#11651=CARTESIAN_POINT('',(-0.0118799301503567,-0.0170612778429004,0.0876685797455088));
#11652=CARTESIAN_POINT('',(-0.0119167504972522,-0.017035654931189,0.0876236499999989));
#11653=CARTESIAN_POINT('',(-0.0119579723187112,-0.017006670457057,0.0876236499999989));
#11654=CARTESIAN_POINT('',(-0.0118799301503567,-0.0170612778429004,0.087718899999999));
#11655=CARTESIAN_POINT('',(-0.0119579723187112,-0.017006670457057,0.0876236499999989));
#11656=CARTESIAN_POINT('',(-0.0118799301503567,-0.0170612778429004,0.0635));
#11657=CARTESIAN_POINT('',(-0.0118799301503567,-0.0170612778429004,0.0891158999999989));
#11658=CARTESIAN_POINT('',(-0.0119579723187112,-0.017006670457057,0.0892111499999989));
#11659=CARTESIAN_POINT('',(-0.0119168090569632,-0.0170356137558511,0.0892111499999989));
#11660=CARTESIAN_POINT('',(-0.0118799301503567,-0.0170612778429004,0.0891662918461585));
#11661=CARTESIAN_POINT('',(-0.0118799301503567,-0.0170612778429004,0.0891158999999989));
#11662=CARTESIAN_POINT('',(-0.0119579723187112,-0.017006670457057,0.0892111499999989));
#11663=CARTESIAN_POINT('',(0.,0.,0.0892111499999989));
#11664=CARTESIAN_POINT('',(-0.0133095644638688,-0.0159710812342846,0.0892111499999979));
#11665=CARTESIAN_POINT('',(-0.0145199814693484,-0.0148791827779545,0.0884206059916165));
#11666=CARTESIAN_POINT('',(-0.0142339519425168,-0.015158307209132,0.0889063928777854));
#11667=CARTESIAN_POINT('',(-0.0137934512648582,-0.0155678322321345,0.0892111499999979));
#11668=CARTESIAN_POINT('',(-0.0133095644638688,-0.0159710812342846,0.0892111499999979));
#11669=CARTESIAN_POINT('',(-0.0145199814694898,-0.0148791827778165,0.0884206059917791));
#11670=CARTESIAN_POINT('',(-0.0156411275001951,-0.0136958049245979,0.0892111499999979));
#11671=CARTESIAN_POINT('',(-0.0152269614250372,-0.0141687982552904,0.0892111499999979));
#11672=CARTESIAN_POINT('',(-0.014805644441298,-0.0146004160525795,0.0889057703289395));
#11673=CARTESIAN_POINT('',(-0.0145199814694898,-0.0148791827778165,0.0884206059917791));
#11674=CARTESIAN_POINT('',(-0.0156411275001951,-0.0136958049245979,0.0892111499999979));
#11675=CARTESIAN_POINT('',(-0.0169883886094327,-0.0119839306767394,0.0868616499999988));
#11676=CARTESIAN_POINT('',(-0.0169883886094327,-0.0119839306767394,0.0874577094017674));
#11677=CARTESIAN_POINT('',(-0.0167483528025298,-0.0123380499771649,0.088648146341053));
#11678=CARTESIAN_POINT('',(-0.0160342377513202,-0.0132468581417448,0.0892111499999979));
#11679=CARTESIAN_POINT('',(-0.0156411275001951,-0.0136958049245979,0.0892111499999979));
#11680=CARTESIAN_POINT('',(-0.0169883886094328,-0.0119839306767394,0.0868616499999988));
#11681=CARTESIAN_POINT('',(-0.0169883886094328,-0.0119839306767394,0.0635));
#11682=CARTESIAN_POINT('',(-0.0169883886094328,-0.0119839306767394,0.0842263999999989));
#11683=CARTESIAN_POINT('',(-0.0169333055064698,-0.012061637808961,0.084131149999999));
#11684=CARTESIAN_POINT('',(-0.0169624997191462,-0.012020652121105,0.084131149999999));
#11685=CARTESIAN_POINT('',(-0.0169883886094328,-0.0119839306767394,0.0841760081538393));
#11686=CARTESIAN_POINT('',(-0.0169883886094328,-0.0119839306767394,0.0842263999999989));
#11687=CARTESIAN_POINT('',(-0.0169333055064698,-0.012061637808961,0.0841311499999989));
#11688=CARTESIAN_POINT('',(0.,0.,0.0841311499999989));
#11689=CARTESIAN_POINT('',(-0.0134155179997577,-0.0158821855803342,0.084131149999999));
#11690=CARTESIAN_POINT('',(-0.0133426124015234,-0.0159434825653843,0.0842263999999989));
#11691=CARTESIAN_POINT('',(-0.0133426124015234,-0.0159434825653843,0.0841760797455087));
#11692=CARTESIAN_POINT('',(-0.0133770217744075,-0.0159147029439865,0.084131149999999));
#11693=CARTESIAN_POINT('',(-0.0134155179997577,-0.0158821855803342,0.084131149999999));
#11694=CARTESIAN_POINT('',(-0.0133426124015234,-0.0159434825653843,0.0842263999999989));
#11695=CARTESIAN_POINT('',(-0.0133426124015234,-0.0159434825653843,0.0635));
#11696=CARTESIAN_POINT('',(-0.0133426124015235,-0.0159434825653842,0.0856233999999989));
#11697=CARTESIAN_POINT('',(-0.0134155179997577,-0.0158821855803342,0.0857186499999989));
#11698=CARTESIAN_POINT('',(-0.0133770764621372,-0.0159146567498264,0.0857186499999989));
#11699=CARTESIAN_POINT('',(-0.0133426124015235,-0.0159434825653842,0.0856737918461585));
#11700=CARTESIAN_POINT('',(-0.0133426124015235,-0.0159434825653842,0.0856233999999989));
#11701=CARTESIAN_POINT('',(-0.0134155179997577,-0.0158821855803342,0.0857186499999989));
#11702=CARTESIAN_POINT('',(0.,0.,0.0857186499999989));
#11703=CARTESIAN_POINT('',(-0.0159638405875326,-0.0133182482221142,0.0857186499999989));
#11704=CARTESIAN_POINT('',(-0.0160246910706415,-0.0132449695394328,0.0858138999999989));
#11705=CARTESIAN_POINT('',(-0.0160246910706415,-0.0132449695394328,0.085763551877079));
#11706=CARTESIAN_POINT('',(-0.0159961167331775,-0.0132795606083033,0.0857186499999989));
#11707=CARTESIAN_POINT('',(-0.0159638405875326,-0.0133182482221142,0.0857186499999989));
#11708=CARTESIAN_POINT('',(-0.0160246910706415,-0.0132449695394328,0.0858138999999989));
#11709=CARTESIAN_POINT('',(-0.0160246910706415,-0.0132449695394328,0.0635));
#11710=CARTESIAN_POINT('',(-0.0160246910706414,-0.0132449695394328,0.08686165));
#11711=CARTESIAN_POINT('',(-0.0150116043632806,-0.0143830343269539,0.08686165));
#11712=CARTESIAN_POINT('',(-0.0150116043632806,-0.0143830343269539,0.0870629072688824));
#11713=CARTESIAN_POINT('',(-0.0151266864697247,-0.014264272472758,0.0874581212618367));
#11714=CARTESIAN_POINT('',(-0.0155310072415244,-0.0138257974037,0.0877064202690642));
#11715=CARTESIAN_POINT('',(-0.0159201503229234,-0.0133729242518231,0.0874580969290167));
#11716=CARTESIAN_POINT('',(-0.0160246910706414,-0.0132449695394328,0.0870629753317565));
#11717=CARTESIAN_POINT('',(-0.0160246910706414,-0.0132449695394328,0.08686165));
#11718=CARTESIAN_POINT('',(-0.0150116043632806,-0.0143830343269538,0.08686165));
#11719=CARTESIAN_POINT('',(-0.0150116043632806,-0.0143830343269538,0.0635));
#11720=CARTESIAN_POINT('',(-0.0150116043632806,-0.0143830343269538,0.0860678999999989));
#11721=CARTESIAN_POINT('',(-0.0149455504284813,-0.01445165957251,0.0859726499999989));
#11722=CARTESIAN_POINT('',(-0.0149805294943237,-0.0144154850840462,0.0859726499999989));
#11723=CARTESIAN_POINT('',(-0.0150116043632806,-0.0143830343269538,0.0860175081538392));
#11724=CARTESIAN_POINT('',(-0.0150116043632806,-0.0143830343269538,0.0860678999999989));
#11725=CARTESIAN_POINT('',(-0.0149455504284813,-0.01445165957251,0.0859726499999989));
#11726=CARTESIAN_POINT('',(0.,0.,0.0859726499999989));
#11727=CARTESIAN_POINT('',(-0.0139414568038278,-0.0154225719060409,0.0859726499999989));
#11728=CARTESIAN_POINT('',(-0.0138706514221204,-0.0154862833222187,0.0860678999999989));
#11729=CARTESIAN_POINT('',(-0.0138706514221204,-0.0154862833222188,0.0860175797455087));
#11730=CARTESIAN_POINT('',(-0.0139040746185756,-0.0154563640727497,0.0859726499999989));
#11731=CARTESIAN_POINT('',(-0.0139414568038278,-0.0154225719060409,0.0859726499999989));
#11732=CARTESIAN_POINT('',(-0.0138706514221204,-0.0154862833222187,0.0860678999999989));
#11733=CARTESIAN_POINT('',(-0.0138706514221204,-0.0154862833222187,0.0635));
#11734=CARTESIAN_POINT('',(-0.0138706514221204,-0.0154862833222187,0.0868820936024381));
#11735=CARTESIAN_POINT('',(-0.0133095644638688,-0.0159710812342846,0.0876236499999989));
#11736=CARTESIAN_POINT('',(-0.013610332760019,-0.0157204347709941,0.0876236499999989));
#11737=CARTESIAN_POINT('',(-0.0138706514221204,-0.0154862833222187,0.0872735697578731));
#11738=CARTESIAN_POINT('',(-0.0138706514221204,-0.0154862833222187,0.0868820936024381));
#11739=CARTESIAN_POINT('',(-0.0133095644638688,-0.0159710812342846,0.0876236499999989));
#11740=CARTESIAN_POINT('',(0.,0.,0.0876236499999989));
#11741=CARTESIAN_POINT('',(0.,0.,0.0635));
#11742=CARTESIAN_POINT('',(-0.0149455504284813,-0.01445165957251,0.0917225749999995));
#11743=CARTESIAN_POINT('',(-0.0149805294943237,-0.0144154850840463,0.0917225749999995));
#11744=CARTESIAN_POINT('',(-0.0150116043632807,-0.0143830343269538,0.0917674331538399));
#11745=CARTESIAN_POINT('',(-0.0150116043632807,-0.0143830343269538,0.0918178249999995));
#11746=CARTESIAN_POINT('',(-0.0149455504284813,-0.01445165957251,0.0917225749999995));
#11747=CARTESIAN_POINT('',(-0.0150116043632806,-0.0143830343269539,0.0918178249999995));
#11748=CARTESIAN_POINT('',(0.,0.,0.0917225749999995));
#11749=CARTESIAN_POINT('',(-0.0139414568038278,-0.0154225719060409,0.0917225749999994));
#11750=CARTESIAN_POINT('',(-0.0138706514221204,-0.0154862833222187,0.0918178249999995));
#11751=CARTESIAN_POINT('',(-0.0138706514221204,-0.0154862833222187,0.0917675047455093));
#11752=CARTESIAN_POINT('',(-0.0139040746185755,-0.0154563640727497,0.0917225749999994));
#11753=CARTESIAN_POINT('',(-0.0139414568038278,-0.0154225719060409,0.0917225749999994));
#11754=CARTESIAN_POINT('',(-0.0138706514221204,-0.0154862833222187,0.0918178249999995));
#11755=CARTESIAN_POINT('',(-0.0138706514221204,-0.0154862833222187,0.0635));
#11756=CARTESIAN_POINT('',(-0.0138706514221203,-0.0154862833222187,0.092611575));
#11757=CARTESIAN_POINT('',(-0.0169883886094328,-0.0119839306767394,0.092611575));
#11758=CARTESIAN_POINT('',(-0.0169883886094328,-0.0119839306767394,0.0932315010149892));
#11759=CARTESIAN_POINT('',(-0.0167039808376703,-0.0124029155163414,0.0944484810107615));
#11760=CARTESIAN_POINT('',(-0.0155511219338454,-0.0138477882425687,0.0952160596305306));
#11761=CARTESIAN_POINT('',(-0.0142588461258249,-0.0151503067546287,0.0944537276774845));
#11762=CARTESIAN_POINT('',(-0.0138706514221203,-0.0154862833222188,0.0932312241567103));
#11763=CARTESIAN_POINT('',(-0.0138706514221203,-0.0154862833222188,0.092611575));
#11764=CARTESIAN_POINT('',(-0.0169883886094328,-0.0119839306767394,0.092611575));
#11765=CARTESIAN_POINT('',(-0.0169883886094328,-0.0119839306767394,0.0635));
#11766=CARTESIAN_POINT('',(-0.0169883886094328,-0.0119839306767394,0.0899763249999995));
#11767=CARTESIAN_POINT('',(-0.0169333055064698,-0.012061637808961,0.0898810749999995));
#11768=CARTESIAN_POINT('',(-0.0169624997191462,-0.012020652121105,0.0898810749999995));
#11769=CARTESIAN_POINT('',(-0.0169883886094328,-0.0119839306767394,0.0899259331538399));
#11770=CARTESIAN_POINT('',(-0.0169883886094328,-0.0119839306767394,0.0899763249999995));
#11771=CARTESIAN_POINT('',(-0.0169333055064698,-0.012061637808961,0.0898810749999995));
#11772=CARTESIAN_POINT('',(0.,0.,0.0898810749999995));
#11773=CARTESIAN_POINT('',(-0.0119579723187112,-0.017006670457057,0.0898810749999995));
#11774=CARTESIAN_POINT('',(-0.0118799301503567,-0.0170612778429004,0.0899763249999995));
#11775=CARTESIAN_POINT('',(-0.0118799301503567,-0.0170612778429004,0.0899260047455093));
#11776=CARTESIAN_POINT('',(-0.0119167504972522,-0.017035654931189,0.0898810749999995));
#11777=CARTESIAN_POINT('',(-0.0119579723187112,-0.017006670457057,0.0898810749999995));
#11778=CARTESIAN_POINT('',(-0.0118799301503567,-0.0170612778429004,0.0899763249999995));
#11779=CARTESIAN_POINT('',(-0.0118799301503567,-0.0170612778429004,0.0635));
#11780=CARTESIAN_POINT('',(-0.0118799301503567,-0.0170612778429004,0.0913733249999995));
#11781=CARTESIAN_POINT('',(-0.0119579723187112,-0.017006670457057,0.0914685749999995));
#11782=CARTESIAN_POINT('',(-0.0119168090569632,-0.0170356137558511,0.0914685749999995));
#11783=CARTESIAN_POINT('',(-0.0118799301503567,-0.0170612778429004,0.0914237168461592));
#11784=CARTESIAN_POINT('',(-0.0118799301503567,-0.0170612778429004,0.0913733249999995));
#11785=CARTESIAN_POINT('',(-0.0119579723187112,-0.017006670457057,0.0914685749999995));
#11786=CARTESIAN_POINT('',(0.,0.,0.0914685749999995));
#11787=CARTESIAN_POINT('',(-0.0150116043632806,-0.0143830343269538,0.0914685749999995));
#11788=CARTESIAN_POINT('',(0.,0.,0.0914685749999995));
#11789=CARTESIAN_POINT('',(-0.0159638405875326,-0.0133182482221142,0.0914685749999995));
#11790=CARTESIAN_POINT('',(-0.0160246910706415,-0.0132449695394328,0.0915638249999995));
#11791=CARTESIAN_POINT('',(-0.0160246910706415,-0.0132449695394328,0.0915134768770796));
#11792=CARTESIAN_POINT('',(-0.0159961167331775,-0.0132795606083033,0.0914685749999995));
#11793=CARTESIAN_POINT('',(-0.0159638405875326,-0.0133182482221142,0.0914685749999995));
#11794=CARTESIAN_POINT('',(-0.0160246910706414,-0.0132449695394328,0.0915638249999995));
#11795=CARTESIAN_POINT('',(-0.0160246910706414,-0.0132449695394328,0.0635));
#11796=CARTESIAN_POINT('',(-0.0160246910706415,-0.0132449695394327,0.092611575));
#11797=CARTESIAN_POINT('',(-0.0150116043632806,-0.0143830343269539,0.092611575));
#11798=CARTESIAN_POINT('',(-0.0150116043632806,-0.0143830343269539,0.0928128322688825));
#11799=CARTESIAN_POINT('',(-0.0151266864697244,-0.0142642724727583,0.0932080462618369));
#11800=CARTESIAN_POINT('',(-0.0155310072415241,-0.0138257974037004,0.0934563452690646));
#11801=CARTESIAN_POINT('',(-0.0159201503229231,-0.0133729242518235,0.0932080219290183));
#11802=CARTESIAN_POINT('',(-0.0160246910706415,-0.0132449695394327,0.0928129003317565));
#11803=CARTESIAN_POINT('',(-0.0160246910706415,-0.0132449695394327,0.092611575));
#11804=CARTESIAN_POINT('',(-0.0150116043632806,-0.0143830343269539,0.092611575));
#11805=CARTESIAN_POINT('',(-0.0150116043632806,-0.0143830343269539,0.0635));
#11806=CARTESIAN_POINT('',(0.,0.,0.0635));
#11807=CARTESIAN_POINT('',(-0.0150116043632805,-0.0143830343269539,0.0983615));
#11808=CARTESIAN_POINT('',(-0.0150116043632805,-0.0143830343269539,0.0985627572688822));
#11809=CARTESIAN_POINT('',(-0.0151266864697239,-0.0142642724727589,0.098957971261836));
#11810=CARTESIAN_POINT('',(-0.0155310072415238,-0.0138257974037006,0.0992062702690649));
#11811=CARTESIAN_POINT('',(-0.0159201503229234,-0.0133729242518231,0.0989579469290178));
#11812=CARTESIAN_POINT('',(-0.0160246910706415,-0.0132449695394328,0.0985628253317564));
#11813=CARTESIAN_POINT('',(-0.0160246910706415,-0.0132449695394328,0.0983615));
#11814=CARTESIAN_POINT('',(-0.0150116043632806,-0.0143830343269539,0.0983615));
#11815=CARTESIAN_POINT('',(-0.0160246910706414,-0.0132449695394328,0.0983615));
#11816=CARTESIAN_POINT('',(-0.0150116043632806,-0.0143830343269539,0.0635));
#11817=CARTESIAN_POINT('',(-0.0150116043632806,-0.0143830343269538,0.09756775));
#11818=CARTESIAN_POINT('',(-0.0149455504284813,-0.01445165957251,0.0974725));
#11819=CARTESIAN_POINT('',(-0.0149805294943237,-0.0144154850840462,0.0974725));
#11820=CARTESIAN_POINT('',(-0.0150116043632806,-0.0143830343269538,0.0975173581538404));
#11821=CARTESIAN_POINT('',(-0.0150116043632806,-0.0143830343269538,0.09756775));
#11822=CARTESIAN_POINT('',(-0.0149455504284813,-0.01445165957251,0.0974725));
#11823=CARTESIAN_POINT('',(0.,0.,0.0974725));
#11824=CARTESIAN_POINT('',(-0.0139414568038278,-0.0154225719060409,0.0974725));
#11825=CARTESIAN_POINT('',(-0.0138706514221204,-0.0154862833222187,0.09756775));
#11826=CARTESIAN_POINT('',(-0.0138706514221204,-0.0154862833222187,0.0975174297455098));
#11827=CARTESIAN_POINT('',(-0.0139040746185756,-0.0154563640727497,0.0974725));
#11828=CARTESIAN_POINT('',(-0.0139414568038278,-0.0154225719060409,0.0974725));
#11829=CARTESIAN_POINT('',(-0.0138706514221204,-0.0154862833222187,0.09756775));
#11830=CARTESIAN_POINT('',(-0.0138706514221204,-0.0154862833222187,0.0635));
#11831=CARTESIAN_POINT('',(-0.0138706514221204,-0.0154862833222187,0.0983819436024392));
#11832=CARTESIAN_POINT('',(-0.0133095644638688,-0.0159710812342846,0.0991235));
#11833=CARTESIAN_POINT('',(-0.0136103327600191,-0.0157204347709941,0.0991235));
#11834=CARTESIAN_POINT('',(-0.0138706514221204,-0.0154862833222187,0.0987734197578742));
#11835=CARTESIAN_POINT('',(-0.0138706514221204,-0.0154862833222187,0.0983819436024392));
#11836=CARTESIAN_POINT('',(-0.0133095644638688,-0.0159710812342846,0.0991235));
#11837=CARTESIAN_POINT('',(0.,0.,0.0991235));
#11838=CARTESIAN_POINT('',(-0.0119579723187112,-0.017006670457057,0.0991235));
#11839=CARTESIAN_POINT('',(-0.0118799301503567,-0.0170612778429004,0.09921875));
#11840=CARTESIAN_POINT('',(-0.0118799301503567,-0.0170612778429004,0.0991684297455098));
#11841=CARTESIAN_POINT('',(-0.0119167504972522,-0.017035654931189,0.0991235));
#11842=CARTESIAN_POINT('',(-0.0119579723187112,-0.017006670457057,0.0991235));
#11843=CARTESIAN_POINT('',(-0.0118799301503567,-0.0170612778429004,0.09921875));
#11844=CARTESIAN_POINT('',(-0.0118799301503567,-0.0170612778429004,0.0635));
#11845=CARTESIAN_POINT('',(-0.0118799301503568,-0.0170612778429004,0.10061575));
#11846=CARTESIAN_POINT('',(-0.0119579723187112,-0.017006670457057,0.100711));
#11847=CARTESIAN_POINT('',(-0.0119168090569632,-0.0170356137558511,0.100711));
#11848=CARTESIAN_POINT('',(-0.0118799301503568,-0.0170612778429004,0.10066614184616));
#11849=CARTESIAN_POINT('',(-0.0118799301503568,-0.0170612778429004,0.10061575));
#11850=CARTESIAN_POINT('',(-0.0119579723187112,-0.017006670457057,0.100711));
#11851=CARTESIAN_POINT('',(0.,0.,0.100711));
#11852=CARTESIAN_POINT('',(-0.0133095644638689,-0.0159710812342846,0.100711));
#11853=CARTESIAN_POINT('',(-0.0145199814693712,-0.0148791827779322,0.0999204559915797));
#11854=CARTESIAN_POINT('',(-0.01423395194254,-0.0151583072091102,0.10040624287777));
#11855=CARTESIAN_POINT('',(-0.0137934512648713,-0.0155678322321236,0.100711));
#11856=CARTESIAN_POINT('',(-0.0133095644638689,-0.0159710812342847,0.100711));
#11857=CARTESIAN_POINT('',(-0.0145199814693712,-0.0148791827779322,0.0999204559915797));
#11858=CARTESIAN_POINT('',(-0.0156411275001951,-0.0136958049245979,0.100711));
#11859=CARTESIAN_POINT('',(-0.01522696142498,-0.0141687982553557,0.100711));
#11860=CARTESIAN_POINT('',(-0.0148056444411819,-0.0146004160526973,0.100405620328852));
#11861=CARTESIAN_POINT('',(-0.0145199814693712,-0.0148791827779322,0.0999204559915797));
#11862=CARTESIAN_POINT('',(-0.0156411275001951,-0.0136958049245979,0.100711));
#11863=CARTESIAN_POINT('',(-0.0169883886094328,-0.0119839306767394,0.0983615));
#11864=CARTESIAN_POINT('',(-0.0169883886094328,-0.0119839306767394,0.0989575594017686));
#11865=CARTESIAN_POINT('',(-0.0167483528025299,-0.0123380499771647,0.100147996341054));
#11866=CARTESIAN_POINT('',(-0.0160342377513211,-0.0132468581417438,0.100711));
#11867=CARTESIAN_POINT('',(-0.0156411275001951,-0.0136958049245979,0.100711));
#11868=CARTESIAN_POINT('',(-0.0169883886094328,-0.0119839306767394,0.0983615));
#11869=CARTESIAN_POINT('',(-0.0169883886094328,-0.0119839306767394,0.0635));
#11870=CARTESIAN_POINT('',(-0.0169883886094327,-0.0119839306767394,0.09572625));
#11871=CARTESIAN_POINT('',(-0.0169333055064698,-0.012061637808961,0.095631));
#11872=CARTESIAN_POINT('',(-0.0169624997191462,-0.012020652121105,0.095631));
#11873=CARTESIAN_POINT('',(-0.0169883886094327,-0.0119839306767394,0.0956758581538403));
#11874=CARTESIAN_POINT('',(-0.0169883886094327,-0.0119839306767394,0.09572625));
#11875=CARTESIAN_POINT('',(-0.0169333055064698,-0.012061637808961,0.095631));
#11876=CARTESIAN_POINT('',(0.,0.,0.095631));
#11877=CARTESIAN_POINT('',(-0.0134155179997577,-0.0158821855803342,0.095631));
#11878=CARTESIAN_POINT('',(-0.0133426124015235,-0.0159434825653842,0.09572625));
#11879=CARTESIAN_POINT('',(-0.0133426124015235,-0.0159434825653842,0.0956759297455098));
#11880=CARTESIAN_POINT('',(-0.0133770217744075,-0.0159147029439865,0.095631));
#11881=CARTESIAN_POINT('',(-0.0134155179997577,-0.0158821855803342,0.095631));
#11882=CARTESIAN_POINT('',(-0.0133426124015234,-0.0159434825653843,0.09572625));
#11883=CARTESIAN_POINT('',(-0.0133426124015234,-0.0159434825653843,0.0635));
#11884=CARTESIAN_POINT('',(-0.0133426124015234,-0.0159434825653842,0.09712325));
#11885=CARTESIAN_POINT('',(-0.0134155179997577,-0.0158821855803342,0.0972185));
#11886=CARTESIAN_POINT('',(-0.0133770764621372,-0.0159146567498265,0.0972185));
#11887=CARTESIAN_POINT('',(-0.0133426124015234,-0.0159434825653842,0.0971736418461597));
#11888=CARTESIAN_POINT('',(-0.0133426124015234,-0.0159434825653842,0.09712325));
#11889=CARTESIAN_POINT('',(-0.0134155179997577,-0.0158821855803342,0.0972185));
#11890=CARTESIAN_POINT('',(0.,0.,0.0972185));
#11891=CARTESIAN_POINT('',(-0.0159638405875326,-0.0133182482221142,0.0972185));
#11892=CARTESIAN_POINT('',(-0.0160246910706415,-0.0132449695394328,0.09731375));
#11893=CARTESIAN_POINT('',(-0.0160246910706415,-0.0132449695394328,0.0972634018770801));
#11894=CARTESIAN_POINT('',(-0.0159961167331775,-0.0132795606083032,0.0972185));
#11895=CARTESIAN_POINT('',(-0.0159638405875326,-0.0133182482221142,0.0972185));
#11896=CARTESIAN_POINT('',(-0.0160246910706414,-0.0132449695394328,0.09731375));
#11897=CARTESIAN_POINT('',(-0.0160246910706414,-0.0132449695394328,0.0635));
#11898=CARTESIAN_POINT('',(0.,0.,0.0635));
#11899=CARTESIAN_POINT('',(-0.0130994948268259,-0.0161756925526977,0.106427967822534));
#11900=CARTESIAN_POINT('',(-0.0123099908978263,-0.0167477156367508,0.104076431567029));
#11901=CARTESIAN_POINT('',(-0.013099363610223,-0.0161757925841259,0.101725305909349));
#11902=CARTESIAN_POINT('',(-0.0148621630397551,-0.0146146923306125,0.100751547499647));
#11903=CARTESIAN_POINT('',(-0.0163935502258841,-0.0128258048357053,0.10172525402765));
#11904=CARTESIAN_POINT('',(-0.0169520788373469,-0.0120269991618629,0.104076303631269));
#11905=CARTESIAN_POINT('',(-0.0163937038410621,-0.0128256001288652,0.106427519885663));
#11906=CARTESIAN_POINT('',(-0.0148623665087072,-0.0146144891829375,0.107401440618126));
#11907=CARTESIAN_POINT('',(-0.0130994948268259,-0.0161756925526977,0.106427967822534));
#11908=CARTESIAN_POINT('',(-0.0123099908978263,-0.0167477156367508,0.104076431567029));
#11909=CARTESIAN_POINT('',(-0.013099363610223,-0.0161757925841259,0.101725305909349));
#11910=CARTESIAN_POINT('',(-0.0125731370047257,-0.0165570579473045,0.1040765));
#11911=CARTESIAN_POINT('',(-0.0141839372665923,-0.0152047545590152,0.103182169849619));
#11912=CARTESIAN_POINT('',(-0.0139080737032703,-0.0154517551101654,0.104075760651486));
#11913=CARTESIAN_POINT('',(-0.0141851947659661,-0.0152036152573547,0.104973787544435));
#11914=CARTESIAN_POINT('',(-0.0148306542935265,-0.0145807529074146,0.105343060184116));
#11915=CARTESIAN_POINT('',(-0.0154410242859479,-0.0139263458834802,0.104970969399059));
#11916=CARTESIAN_POINT('',(-0.0156832364327363,-0.0136465202961593,0.104075243617141));
#11917=CARTESIAN_POINT('',(-0.0154394838291958,-0.0139280919220384,0.103179492053627));
#11918=CARTESIAN_POINT('',(-0.0148282212574232,-0.0145832172221349,0.102809834682562));
#11919=CARTESIAN_POINT('',(-0.0141839372665923,-0.0152047545590152,0.103182169849619));
#11920=CARTESIAN_POINT('',(-0.0139080737032703,-0.0154517551101654,0.104075760651486));
#11921=CARTESIAN_POINT('',(-0.0141851947659661,-0.0152036152573547,0.104973787544435));
#11922=CARTESIAN_POINT('',(-0.0140002378076066,-0.0153692317095053,0.1040765));
#11923=CARTESIAN_POINT('',(0.,0.,0.0635));
#11924=CARTESIAN_POINT('',(0.,0.,0.0635));
#11925=CARTESIAN_POINT('',(-0.0151645024294183,-0.0142217371680877,0.1092835));
#11926=CARTESIAN_POINT('',(-0.0151989249867931,-0.0141850327241251,0.1092835));
#11927=CARTESIAN_POINT('',(-0.0152295006685741,-0.0141521111992487,0.10932835815384));
#11928=CARTESIAN_POINT('',(-0.0152295006685741,-0.0141521111992487,0.10937875));
#11929=CARTESIAN_POINT('',(-0.0151645024294183,-0.0142217371680877,0.1092835));
#11930=CARTESIAN_POINT('',(-0.0152295006685741,-0.0141521111992487,0.10937875));
#11931=CARTESIAN_POINT('',(0.,0.,0.1092835));
#11932=CARTESIAN_POINT('',(-0.0144972412978184,-0.0149013400995624,0.1092835));
#11933=CARTESIAN_POINT('',(-0.0144288181250643,-0.0149676033326587,0.10937875));
#11934=CARTESIAN_POINT('',(-0.0144288181250643,-0.0149676033326587,0.10932842974551));
#11935=CARTESIAN_POINT('',(-0.0144611225065103,-0.01493647941116,0.1092835));
#11936=CARTESIAN_POINT('',(-0.0144972412978184,-0.0149013400995624,0.1092835));
#11937=CARTESIAN_POINT('',(-0.0144288181250643,-0.0149676033326587,0.10937875));
#11938=CARTESIAN_POINT('',(-0.0144288181250643,-0.0149676033326587,0.0635));
#11939=CARTESIAN_POINT('',(-0.0144288181250643,-0.0149676033326587,0.11026775));
#11940=CARTESIAN_POINT('',(-0.0131468324209957,-0.0161053015899813,0.11026775));
#11941=CARTESIAN_POINT('',(-0.0131468324209957,-0.0161053015899813,0.110494188282462));
#11942=CARTESIAN_POINT('',(-0.0132917233893096,-0.0159885542655385,0.110938868940291));
#11943=CARTESIAN_POINT('',(-0.0138024211331147,-0.0155530214587282,0.111218073814187));
#11944=CARTESIAN_POINT('',(-0.0142957284756006,-0.015097549146476,0.110938835631224));
#11945=CARTESIAN_POINT('',(-0.0144288181250643,-0.0149676033326587,0.110494216731569));
#11946=CARTESIAN_POINT('',(-0.0144288181250643,-0.0149676033326587,0.11026775));
#11947=CARTESIAN_POINT('',(-0.0131468324209957,-0.0161053015899813,0.11026775));
#11948=CARTESIAN_POINT('',(-0.0131468324209957,-0.0161053015899813,0.0635));
#11949=CARTESIAN_POINT('',(-0.0131468324209957,-0.0161053015899813,0.10937875));
#11950=CARTESIAN_POINT('',(-0.0130729074287553,-0.0161653652408226,0.1092835));
#11951=CARTESIAN_POINT('',(-0.0131120343796973,-0.016133723332334,0.1092835));
#11952=CARTESIAN_POINT('',(-0.0131468324209957,-0.0161053015899813,0.10932835815384));
#11953=CARTESIAN_POINT('',(-0.0131468324209957,-0.0161053015899813,0.10937875));
#11954=CARTESIAN_POINT('',(-0.0130729074287553,-0.0161653652408226,0.1092835));
#11955=CARTESIAN_POINT('',(0.,0.,0.1092835));
#11956=CARTESIAN_POINT('',(-0.0119579723187112,-0.017006670457057,0.1092835));
#11957=CARTESIAN_POINT('',(-0.0118799301503567,-0.0170612778429004,0.10937875));
#11958=CARTESIAN_POINT('',(-0.0118799301503567,-0.0170612778429004,0.10932842974551));
#11959=CARTESIAN_POINT('',(-0.0119167504972522,-0.017035654931189,0.1092835));
#11960=CARTESIAN_POINT('',(-0.0119579723187112,-0.017006670457057,0.1092835));
#11961=CARTESIAN_POINT('',(-0.0118799301503567,-0.0170612778429004,0.10937875));
#11962=CARTESIAN_POINT('',(-0.0118799301503567,-0.0170612778429004,0.0635));
#11963=CARTESIAN_POINT('',(-0.0118799301503567,-0.0170612778429004,0.11026775));
#11964=CARTESIAN_POINT('',(-0.0150116043632806,-0.0143830343269538,0.11176));
#11965=CARTESIAN_POINT('',(-0.0148091619678734,-0.014594323897508,0.112148214292037));
#11966=CARTESIAN_POINT('',(-0.0142262577640466,-0.0151842503770511,0.112741128928074));
#11967=CARTESIAN_POINT('',(-0.0130660759082464,-0.0161925816656958,0.112691209697083));
#11968=CARTESIAN_POINT('',(-0.0121159342425674,-0.0169006590376313,0.111722998578294));
#11969=CARTESIAN_POINT('',(-0.0118799301503567,-0.0170612778429004,0.110753893422653));
#11970=CARTESIAN_POINT('',(-0.0118799301503567,-0.0170612778429004,0.11026775));
#11971=CARTESIAN_POINT('',(-0.0150116043632806,-0.0143830343269538,0.11176));
#11972=CARTESIAN_POINT('',(-0.0169883886094328,-0.0119839306767394,0.1099185));
#11973=CARTESIAN_POINT('',(-0.0169883886094328,-0.0119839306767394,0.110310068003716));
#11974=CARTESIAN_POINT('',(-0.0168976854322902,-0.0121136944852855,0.111090750606898));
#11975=CARTESIAN_POINT('',(-0.0164668019714191,-0.0127046942901443,0.112062802645239));
#11976=CARTESIAN_POINT('',(-0.0157071448916693,-0.0136389042278931,0.112413939415493));
#11977=CARTESIAN_POINT('',(-0.0152061229347923,-0.0141800148687182,0.112032696544118));
#11978=CARTESIAN_POINT('',(-0.0150116043632806,-0.0143830343269538,0.11176));
#11979=CARTESIAN_POINT('',(-0.0169883886094328,-0.0119839306767394,0.1099185));
#11980=CARTESIAN_POINT('',(-0.0169883886094328,-0.0119839306767394,0.0635));
#11981=CARTESIAN_POINT('',(-0.0169883886094328,-0.0119839306767394,0.10753725));
#11982=CARTESIAN_POINT('',(-0.0169333055064699,-0.012061637808961,0.107442));
#11983=CARTESIAN_POINT('',(-0.0169624997191463,-0.012020652121105,0.107442));
#11984=CARTESIAN_POINT('',(-0.0169883886094328,-0.0119839306767394,0.10748685815384));
#11985=CARTESIAN_POINT('',(-0.0169883886094328,-0.0119839306767394,0.10753725));
#11986=CARTESIAN_POINT('',(-0.0169333055064698,-0.012061637808961,0.107442));
#11987=CARTESIAN_POINT('',(0.,0.,0.107442));
#11988=CARTESIAN_POINT('',(-0.0130482047083493,-0.0161853111152987,0.107442));
#11989=CARTESIAN_POINT('',(-0.0129739141847474,-0.0162449220600411,0.10753725));
#11990=CARTESIAN_POINT('',(-0.0129739141847474,-0.0162449220600411,0.10748692974551));
#11991=CARTESIAN_POINT('',(-0.013008973748548,-0.0162169381622393,0.107442));
#11992=CARTESIAN_POINT('',(-0.0130482047083493,-0.0161853111152987,0.107442));
#11993=CARTESIAN_POINT('',(-0.0129739141847474,-0.0162449220600411,0.10753725));
#11994=CARTESIAN_POINT('',(-0.0129739141847474,-0.0162449220600411,0.0635));
#11995=CARTESIAN_POINT('',(-0.0129739141847474,-0.0162449220600412,0.10893425));
#11996=CARTESIAN_POINT('',(-0.0130482047083492,-0.0161853111152987,0.1090295));
#11997=CARTESIAN_POINT('',(-0.0130090294800413,-0.016216893232863,0.1090295));
#11998=CARTESIAN_POINT('',(-0.0129739141847474,-0.0162449220600412,0.10898464184616));
#11999=CARTESIAN_POINT('',(-0.0129739141847474,-0.0162449220600412,0.10893425));
#12000=CARTESIAN_POINT('',(-0.0130482047083492,-0.0161853111152987,0.1090295));
#12001=CARTESIAN_POINT('',(0.,0.,0.1090295));
#12002=CARTESIAN_POINT('',(-0.0159638405875326,-0.0133182482221142,0.1090295));
#12003=CARTESIAN_POINT('',(-0.0160246910706415,-0.0132449695394328,0.10912475));
#12004=CARTESIAN_POINT('',(-0.0160246910706415,-0.0132449695394328,0.10907440187708));
#12005=CARTESIAN_POINT('',(-0.0159961167331775,-0.0132795606083032,0.1090295));
#12006=CARTESIAN_POINT('',(-0.0159638405875326,-0.0133182482221142,0.1090295));
#12007=CARTESIAN_POINT('',(-0.0160246910706415,-0.0132449695394328,0.10912475));
#12008=CARTESIAN_POINT('',(-0.0160246910706415,-0.0132449695394328,0.0635));
#12009=CARTESIAN_POINT('',(-0.0160246910706415,-0.0132449695394328,0.1099185));
#12010=CARTESIAN_POINT('',(-0.0152295006685741,-0.0141521111992487,0.1099185));
#12011=CARTESIAN_POINT('',(-0.0152295006685741,-0.0141521111992487,0.110077860523041));
#12012=CARTESIAN_POINT('',(-0.0153188201251051,-0.0140568525617317,0.110390253038291));
#12013=CARTESIAN_POINT('',(-0.015635009525023,-0.0137061052326856,0.110587377846726));
#12014=CARTESIAN_POINT('',(-0.0159418015658929,-0.0133461801657548,0.110390733033339));
#12015=CARTESIAN_POINT('',(-0.0160246910706415,-0.0132449695394328,0.110077922092561));
#12016=CARTESIAN_POINT('',(-0.0160246910706415,-0.0132449695394328,0.1099185));
#12017=CARTESIAN_POINT('',(-0.0152295006685741,-0.0141521111992487,0.1099185));
#12018=CARTESIAN_POINT('',(-0.0152295006685741,-0.0141521111992487,0.0635));
#12019=CARTESIAN_POINT('',(0.,0.,0.0635));
#12020=CARTESIAN_POINT('',(-0.0131468324209957,-0.0161053015899813,0.0635));
#12021=CARTESIAN_POINT('',(-0.0131468324209957,-0.0161053015899813,0.115220750000001));
#12022=CARTESIAN_POINT('',(-0.0131468324209957,-0.0161053015899813,0.11712575));
#12023=CARTESIAN_POINT('',(-0.0136325391058208,-0.0156962995492016,0.114585750000001));
#12024=CARTESIAN_POINT('',(-0.0133794336185155,-0.0159161265500034,0.114585750000001));
#12025=CARTESIAN_POINT('',(-0.0131468324209957,-0.0161053015899813,0.114885440527394));
#12026=CARTESIAN_POINT('',(-0.0131468324209957,-0.0161053015899813,0.115220750000001));
#12027=CARTESIAN_POINT('',(-0.0136325391058208,-0.0156962995492016,0.11458575));
#12028=CARTESIAN_POINT('',(-0.0141055287623274,-0.0152726553141604,0.1156335));
#12029=CARTESIAN_POINT('',(-0.0141055287623274,-0.0152726553141604,0.115409329690412));
#12030=CARTESIAN_POINT('',(-0.014055608412774,-0.0153194287686536,0.114972344071803));
#12031=CARTESIAN_POINT('',(-0.013803872058224,-0.0155474935732179,0.11458575));
#12032=CARTESIAN_POINT('',(-0.0136325391058208,-0.0156962995492016,0.11458575));
#12033=CARTESIAN_POINT('',(-0.0141055287623274,-0.0152726553141604,0.1156335));
#12034=CARTESIAN_POINT('',(-0.0141055287623274,-0.0152726553141604,0.0635));
#12035=CARTESIAN_POINT('',(-0.0141055287623274,-0.0152726553141604,0.1172845));
#12036=CARTESIAN_POINT('',(-0.0141753529346072,-0.0152078700411768,0.11737975));
#12037=CARTESIAN_POINT('',(-0.0141385435228698,-0.0152421803292895,0.11737975));
#12038=CARTESIAN_POINT('',(-0.0141055287623274,-0.0152726553141604,0.11733489184616));
#12039=CARTESIAN_POINT('',(-0.0141055287623274,-0.0152726553141604,0.1172845));
#12040=CARTESIAN_POINT('',(-0.0141753529346072,-0.0152078700411768,0.11737975));
#12041=CARTESIAN_POINT('',(0.,0.,0.11737975));
#12042=CARTESIAN_POINT('',(-0.015120993345665,-0.0142679887247767,0.11737975));
#12043=CARTESIAN_POINT('',(-0.0151862039446143,-0.01419856160893,0.1172845));
#12044=CARTESIAN_POINT('',(-0.0151862039446143,-0.01419856160893,0.11733482025449));
#12045=CARTESIAN_POINT('',(-0.0151555769806732,-0.0142313375243226,0.11737975));
#12046=CARTESIAN_POINT('',(-0.015120993345665,-0.0142679887247767,0.11737975));
#12047=CARTESIAN_POINT('',(-0.0151862039446143,-0.01419856160893,0.1172845));
#12048=CARTESIAN_POINT('',(-0.0151862039446143,-0.01419856160893,0.0635));
#12049=CARTESIAN_POINT('',(-0.0151862039446143,-0.01419856160893,0.115411250000001));
#12050=CARTESIAN_POINT('',(-0.0160246910706415,-0.0132449695394328,0.115411250000001));
#12051=CARTESIAN_POINT('',(-0.0160246910706415,-0.0132449695394328,0.115243531933459));
#12052=CARTESIAN_POINT('',(-0.0159374608607467,-0.0133515239228809,0.114914353403569));
#12053=CARTESIAN_POINT('',(-0.0156147927173432,-0.0137294889560025,0.114707225354956));
#12054=CARTESIAN_POINT('',(-0.0152806776115598,-0.0140984729219916,0.114914246650936));
#12055=CARTESIAN_POINT('',(-0.0151862039446143,-0.01419856160893,0.115243458028218));
#12056=CARTESIAN_POINT('',(-0.0151862039446143,-0.01419856160893,0.115411250000001));
#12057=CARTESIAN_POINT('',(-0.0160246910706415,-0.0132449695394328,0.115411250000001));
#12058=CARTESIAN_POINT('',(-0.0160246910706415,-0.0132449695394328,0.0635));
#12059=CARTESIAN_POINT('',(-0.0160246910706415,-0.0132449695394328,0.1172845));
#12060=CARTESIAN_POINT('',(-0.0160852051862143,-0.0131714128371782,0.11737975));
#12061=CARTESIAN_POINT('',(-0.0160533248534015,-0.013210345767232,0.11737975));
#12062=CARTESIAN_POINT('',(-0.0160246910706415,-0.0132449695394328,0.11733489184616));
#12063=CARTESIAN_POINT('',(-0.0160246910706415,-0.0132449695394328,0.1172845));
#12064=CARTESIAN_POINT('',(-0.0160852051862143,-0.0131714128371782,0.11737975));
#12065=CARTESIAN_POINT('',(0.,0.,0.11737975));
#12066=CARTESIAN_POINT('',(-0.0169333055064698,-0.012061637808961,0.11737975));
#12067=CARTESIAN_POINT('',(-0.0169883886094327,-0.0119839306767394,0.1172845));
#12068=CARTESIAN_POINT('',(-0.0169883886094327,-0.0119839306767394,0.11733482025449));
#12069=CARTESIAN_POINT('',(-0.0169625412514394,-0.0120205938140144,0.11737975));
#12070=CARTESIAN_POINT('',(-0.0169333055064698,-0.012061637808961,0.11737975));
#12071=CARTESIAN_POINT('',(-0.0169883886094328,-0.0119839306767394,0.1172845));
#12072=CARTESIAN_POINT('',(-0.0169883886094328,-0.0119839306767394,0.0635));
#12073=CARTESIAN_POINT('',(-0.0169883886094328,-0.0119839306767394,0.1156335));
#12074=CARTESIAN_POINT('',(-0.0146782114954899,-0.0147231127586414,0.11376025));
#12075=CARTESIAN_POINT('',(-0.01490202010266,-0.0144999867034106,0.113463618496821));
#12076=CARTESIAN_POINT('',(-0.0154673804742269,-0.0139140589728227,0.113056505060323));
#12077=CARTESIAN_POINT('',(-0.0163295186016146,-0.0128854772125865,0.113338497418411));
#12078=CARTESIAN_POINT('',(-0.0168712142397016,-0.0121526199018456,0.114335917718395));
#12079=CARTESIAN_POINT('',(-0.0169883886094328,-0.0119839306767394,0.115200207508218));
#12080=CARTESIAN_POINT('',(-0.0169883886094328,-0.0119839306767394,0.1156335));
#12081=CARTESIAN_POINT('',(-0.0146782114954898,-0.0147231127586414,0.11376025));
#12082=CARTESIAN_POINT('',(-0.0118799301503567,-0.0170612778429004,0.1146175));
#12083=CARTESIAN_POINT('',(-0.0118799301503567,-0.0170612778429004,0.11421427977261));
#12084=CARTESIAN_POINT('',(-0.0121767529850072,-0.0168582548818363,0.113436230207562));
#12085=CARTESIAN_POINT('',(-0.0130783409652074,-0.0161771413733894,0.112874228776601));
#12086=CARTESIAN_POINT('',(-0.0140201298897255,-0.0153664508470358,0.112949998376947));
#12087=CARTESIAN_POINT('',(-0.0145160564662343,-0.0148847732616538,0.11342861445641));
#12088=CARTESIAN_POINT('',(-0.0146782114954898,-0.0147231127586414,0.11376025));
#12089=CARTESIAN_POINT('',(-0.0118799301503567,-0.0170612778429004,0.1146175));
#12090=CARTESIAN_POINT('',(-0.0118799301503567,-0.0170612778429004,0.0635));
#12091=CARTESIAN_POINT('',(-0.0118799301503567,-0.0170612778429004,0.11712575));
#12092=CARTESIAN_POINT('',(-0.0119579723187112,-0.017006670457057,0.117221));
#12093=CARTESIAN_POINT('',(-0.0119168090569632,-0.0170356137558511,0.117221));
#12094=CARTESIAN_POINT('',(-0.0118799301503567,-0.0170612778429004,0.11717614184616));
#12095=CARTESIAN_POINT('',(-0.0118799301503567,-0.0170612778429004,0.11712575));
#12096=CARTESIAN_POINT('',(-0.0119579723187112,-0.017006670457057,0.117221));
#12097=CARTESIAN_POINT('',(0.,0.,0.117221));
#12098=CARTESIAN_POINT('',(-0.0130729074287553,-0.0161653652408226,0.117221));
#12099=CARTESIAN_POINT('',(-0.0131468324209957,-0.0161053015899813,0.11712575));
#12100=CARTESIAN_POINT('',(-0.0131468324209957,-0.0161053015899813,0.11717607025449));
#12101=CARTESIAN_POINT('',(-0.0131120900425103,-0.0161336783178979,0.117221));
#12102=CARTESIAN_POINT('',(-0.0130729074287553,-0.0161653652408226,0.117221));
#12103=CARTESIAN_POINT('',(0.,0.,0.0635));
#12104=CARTESIAN_POINT('',(-0.0163631197344792,0.0128245177127679,0.0536311621634923));
#12105=CARTESIAN_POINT('',(-0.0158473699853303,0.0134825755896695,0.0550793037032734));
#12106=CARTESIAN_POINT('',(-0.0152918805781641,0.0141094779622163,0.0565274370617951));
#12107=CARTESIAN_POINT('',(-0.0147006792701902,0.0147006792701902,0.0579755786015769));
#12108=CARTESIAN_POINT('',(-0.0163631197344792,0.0128245177127679,0.0536311621634923));
#12109=CARTESIAN_POINT('',(-0.0147006792701902,0.0147006792701902,0.0579755786015769));
#12110=CARTESIAN_POINT('',(-0.017981897304758,0.0104341416192775,0.0586354899592607));
#12111=CARTESIAN_POINT('',(-0.0174985392017226,0.011267146967235,0.0569673775840441));
#12112=CARTESIAN_POINT('',(-0.0169572112065115,0.0120665016915947,0.05529927453871));
#12113=CARTESIAN_POINT('',(-0.0163631197344792,0.0128245177127679,0.0536311621634923));
#12114=CARTESIAN_POINT('',(-0.017981897304758,0.0104341416192775,0.0586354899592607));
#12115=CARTESIAN_POINT('',(0.,0.,0.0586354899592607));
#12116=CARTESIAN_POINT('',(-0.0149676033326587,0.0144288181250643,0.0586354899592607));
#12117=CARTESIAN_POINT('',(-0.0165953836400443,0.0125225070912237,0.0629799063973453));
#12118=CARTESIAN_POINT('',(-0.0160917795252024,0.0131899056742411,0.0615317648575642));
#12119=CARTESIAN_POINT('',(-0.0155478714951887,0.0138268822209563,0.0600836314990425));
#12120=CARTESIAN_POINT('',(-0.0149676033326587,0.0144288181250643,0.0586354899592607));
#12121=CARTESIAN_POINT('',(-0.0165953836400443,0.0125225070912237,0.0629799063973453));
#12122=CARTESIAN_POINT('',(0.,0.,0.0629799063973453));
#12123=CARTESIAN_POINT('',(-0.0125225070912237,0.0165953836400443,0.0629799063973453));
#12124=CARTESIAN_POINT('',(-0.0144288181250643,0.0149676033326587,0.0586354899592607));
#12125=CARTESIAN_POINT('',(-0.0138268822209567,0.0155478714951884,0.0600836314990418));
#12126=CARTESIAN_POINT('',(-0.0131899056742414,0.0160917795252021,0.0615317648575635));
#12127=CARTESIAN_POINT('',(-0.0125225070912237,0.0165953836400443,0.0629799063973453));
#12128=CARTESIAN_POINT('',(-0.0144288181250643,0.0149676033326587,0.0586354899592607));
#12129=CARTESIAN_POINT('',(0.,0.,0.0586354899592607));
#12130=CARTESIAN_POINT('',(-0.0104341416192775,0.0179818973047579,0.0586354899592607));
#12131=CARTESIAN_POINT('',(-0.0128245177127679,0.0163631197344792,0.0536311621634923));
#12132=CARTESIAN_POINT('',(-0.0120665016915952,0.0169572112065111,0.0552992745387089));
#12133=CARTESIAN_POINT('',(-0.0112671469672355,0.0174985392017223,0.0569673775840431));
#12134=CARTESIAN_POINT('',(-0.0104341416192775,0.0179818973047579,0.0586354899592607));
#12135=CARTESIAN_POINT('',(-0.0128245177127679,0.0163631197344792,0.0536311621634923));
#12136=CARTESIAN_POINT('',(-0.0147006792701902,0.0147006792701902,0.0579755786015769));
#12137=CARTESIAN_POINT('',(-0.0141094779622166,0.0152918805781638,0.0565274370617958));
#12138=CARTESIAN_POINT('',(-0.0134825755896698,0.0158473699853301,0.0550793037032741));
#12139=CARTESIAN_POINT('',(-0.0128245177127679,0.0163631197344792,0.0536311621634923));
#12140=CARTESIAN_POINT('',(0.,0.,0.0635));
#12141=CARTESIAN_POINT('',(0.,0.,0.066802));
#12142=CARTESIAN_POINT('',(-0.0162063276842139,0.0130220921898857,0.066802));
#12143=CARTESIAN_POINT('',(-0.0151641493691214,0.0142221136235433,0.066802));
#12144=CARTESIAN_POINT('',(-0.016263125660439,0.012951088207667,0.0668688779410836));
#12145=CARTESIAN_POINT('',(-0.0162555924774772,0.0129605478838861,0.0668301233416386));
#12146=CARTESIAN_POINT('',(-0.0162317561660672,0.0129904457921013,0.066802));
#12147=CARTESIAN_POINT('',(-0.0162063276842139,0.0130220921898857,0.066802));
#12148=CARTESIAN_POINT('',(-0.0162631256604389,0.012951088207667,0.0668688779410836));
#12149=CARTESIAN_POINT('',(-0.0134791201781387,0.0158282425187794,0.0696132314143758));
#12150=CARTESIAN_POINT('',(-0.0138086895278974,0.0155475856570236,0.0699235250927906));
#12151=CARTESIAN_POINT('',(-0.0145931944440731,0.0148393297138934,0.0702663008554021));
#12152=CARTESIAN_POINT('',(-0.0156877242845048,0.0136662340754614,0.0698045327234872));
#12153=CARTESIAN_POINT('',(-0.0163451183735022,0.0128501500787034,0.0684941971406222));
#12154=CARTESIAN_POINT('',(-0.0163619531812728,0.0128269871001571,0.0673772979333195));
#12155=CARTESIAN_POINT('',(-0.0162631256604389,0.012951088207667,0.0668688779410836));
#12156=CARTESIAN_POINT('',(-0.0134791201781387,0.0158282425187793,0.0696132314143758));
#12157=CARTESIAN_POINT('',(-0.0128319033617177,0.0163573285754594,0.0690139665027705));
#12158=CARTESIAN_POINT('',(-0.013051161892676,0.016185325899869,0.0692137239277184));
#12159=CARTESIAN_POINT('',(-0.0132669536751361,0.0160089206824071,0.0694134739894279));
#12160=CARTESIAN_POINT('',(-0.0134791201781387,0.0158282425187793,0.0696132314143758));
#12161=CARTESIAN_POINT('',(-0.0128319033617176,0.0163573285754594,0.0690139665027706));
#12162=CARTESIAN_POINT('',(-0.0120583659098342,0.0169356356123574,0.0687089234916756));
#12163=CARTESIAN_POINT('',(-0.0123369397434888,0.0167372878623231,0.0687233577155745));
#12164=CARTESIAN_POINT('',(-0.0126130183667529,0.0165290382216746,0.0688145493910883));
#12165=CARTESIAN_POINT('',(-0.0128319033617176,0.0163573285754594,0.0690139665027706));
#12166=CARTESIAN_POINT('',(-0.0120583659098342,0.0169356356123574,0.0687089234916752));
#12167=CARTESIAN_POINT('',(-0.0119839306767394,0.0169883886094327,0.0686137582260443));
#12168=CARTESIAN_POINT('',(-0.0119839306767394,0.0169883886094327,0.0686627171163171));
#12169=CARTESIAN_POINT('',(-0.0120184603352203,0.0169640488370837,0.0687068557956911));
#12170=CARTESIAN_POINT('',(-0.0120583659098342,0.0169356356123574,0.0687089234916752));
#12171=CARTESIAN_POINT('',(-0.0119839306767394,0.0169883886094327,0.0686137582260443));
#12172=CARTESIAN_POINT('',(-0.0119839306767394,0.0169883886094327,0.0635));
#12173=CARTESIAN_POINT('',(-0.0119839306767394,0.0169883886094327,0.0672159971566502));
#12174=CARTESIAN_POINT('',(-0.012063669199416,0.0169318583580498,0.067120779817293));
#12175=CARTESIAN_POINT('',(-0.0120220101342149,0.0169615397533884,0.0671194399435584));
#12176=CARTESIAN_POINT('',(-0.0119839306767394,0.0169883886094327,0.0671647597287595));
#12177=CARTESIAN_POINT('',(-0.0119839306767394,0.0169883886094327,0.0672159971566502));
#12178=CARTESIAN_POINT('',(-0.012063669199416,0.0169318583580498,0.0671207798172934));
#12179=CARTESIAN_POINT('',(-0.0135464386435801,0.0157706671414281,0.0677238601930513));
#12180=CARTESIAN_POINT('',(-0.0131334494550718,0.0161254100735069,0.0673336061369239));
#12181=CARTESIAN_POINT('',(-0.0126088722911176,0.0165434101673254,0.0671383150956069));
#12182=CARTESIAN_POINT('',(-0.012063669199416,0.0169318583580498,0.0671207798172934));
#12183=CARTESIAN_POINT('',(-0.0135464386435802,0.015770667141428,0.0677238601930511));
#12184=CARTESIAN_POINT('',(-0.014169493113308,0.0152133299090605,0.0683231251046562));
#12185=CARTESIAN_POINT('',(-0.0139655690830817,0.0154032620382658,0.0681233676797084));
#12186=CARTESIAN_POINT('',(-0.0137578333889819,0.0155890866209288,0.0679236176179989));
#12187=CARTESIAN_POINT('',(-0.0135464386435802,0.015770667141428,0.0677238601930511));
#12188=CARTESIAN_POINT('',(-0.014169556437624,0.0152132709293888,0.068323001207869));
#12189=CARTESIAN_POINT('',(-0.0151183999667187,0.0142707366472905,0.0669651863850311));
#12190=CARTESIAN_POINT('',(-0.0152362445594207,0.0141458922380341,0.0671338979220311));
#12191=CARTESIAN_POINT('',(-0.0153744106177559,0.0139941482770137,0.0676088532356141));
#12192=CARTESIAN_POINT('',(-0.0151515997091996,0.0142389917674767,0.0683123754837818));
#12193=CARTESIAN_POINT('',(-0.0146611198467931,0.0147467840420862,0.0685954801860583));
#12194=CARTESIAN_POINT('',(-0.0143138030150093,0.0150789204646741,0.068460774026321));
#12195=CARTESIAN_POINT('',(-0.014169556437624,0.0152132709293888,0.068323001207869));
#12196=CARTESIAN_POINT('',(-0.0151183999667187,0.0142707366472905,0.0669651863850312));
#12197=CARTESIAN_POINT('',(-0.0151641493691214,0.0142221136235433,0.066802));
#12198=CARTESIAN_POINT('',(-0.0151123385152261,0.0142773562933887,0.066802));
#12199=CARTESIAN_POINT('',(-0.015081313064452,0.0143100264636365,0.0669120911396874));
#12200=CARTESIAN_POINT('',(-0.0151183999667187,0.0142707366472905,0.0669651863850312));
#12201=CARTESIAN_POINT('',(0.,0.,0.0635));
#12202=CARTESIAN_POINT('',(-0.0126242100002821,0.0165492928946086,0.0754552469974202));
#12203=CARTESIAN_POINT('',(-0.0144320258899679,0.0150396305313408,0.0764294595149684));
#12204=CARTESIAN_POINT('',(-0.0160146436760968,0.0132958882933454,0.0754554149427061));
#12205=CARTESIAN_POINT('',(-0.0165959905843456,0.0125137848436112,0.0731044681460155));
#12206=CARTESIAN_POINT('',(-0.0160146788665621,0.0132958461854845,0.0707533512377429));
#12207=CARTESIAN_POINT('',(-0.0144321114666333,0.0150395323956783,0.0697793889287421));
#12208=CARTESIAN_POINT('',(-0.0126245704906024,0.0165490193714448,0.070753092887928));
#12209=CARTESIAN_POINT('',(-0.0118190308469406,0.0170977201021502,0.0731041771818407));
#12210=CARTESIAN_POINT('',(-0.0126242100002821,0.0165492928946086,0.0754552469974202));
#12211=CARTESIAN_POINT('',(-0.0144320258899679,0.0150396305313408,0.0764294595149684));
#12212=CARTESIAN_POINT('',(-0.0160146436760968,0.0132958882933454,0.0754554149427061));
#12213=CARTESIAN_POINT('',(-0.0143944928727084,0.0150006172188862,0.07610475));
#12214=CARTESIAN_POINT('',(-0.0150303322612385,0.0143686377120203,0.0722100448496195));
#12215=CARTESIAN_POINT('',(-0.0152806846493861,0.014095812384043,0.0731036356514863));
#12216=CARTESIAN_POINT('',(-0.0150291776815268,0.0143698811985054,0.0740016625444352));
#12217=CARTESIAN_POINT('',(-0.0143984761304127,0.0150076829405179,0.0743709351841161));
#12218=CARTESIAN_POINT('',(-0.0137366609542703,0.015610012379655,0.0739988443990583));
#12219=CARTESIAN_POINT('',(-0.0134538971047396,0.0158487877736334,0.07310311861714));
#12220=CARTESIAN_POINT('',(-0.0137384256825359,0.0156084933695148,0.0722073670536263));
#12221=CARTESIAN_POINT('',(-0.0144009699860246,0.0150052801929418,0.0718377096825625));
#12222=CARTESIAN_POINT('',(-0.0150303322612385,0.0143686377120203,0.0722100448496195));
#12223=CARTESIAN_POINT('',(-0.0152806846493861,0.014095812384043,0.0731036356514863));
#12224=CARTESIAN_POINT('',(-0.0150291776815268,0.0143698811985054,0.0740016625444352));
#12225=CARTESIAN_POINT('',(-0.015197041423385,0.0141869614077829,0.073104375));
#12226=CARTESIAN_POINT('',(0.,0.,0.0635));
#12227=CARTESIAN_POINT('',(0.,0.,0.0635));
#12228=CARTESIAN_POINT('',(0.,0.,0.07610475));
#12229=CARTESIAN_POINT('',(-0.017006670457057,0.0119579723187112,0.07610475));
#12230=CARTESIAN_POINT('',(-0.0170612778429004,0.0118799301503567,0.0762));
#12231=CARTESIAN_POINT('',(-0.0170612778429004,0.0118799301503567,0.0761496797455098));
#12232=CARTESIAN_POINT('',(-0.017035654931189,0.0119167504972522,0.07610475));
#12233=CARTESIAN_POINT('',(-0.017006670457057,0.0119579723187112,0.07610475));
#12234=CARTESIAN_POINT('',(-0.0170612778429004,0.0118799301503567,0.0762));
#12235=CARTESIAN_POINT('',(-0.0170612778429004,0.0118799301503567,0.0635));
#12236=CARTESIAN_POINT('',(-0.0170612778429004,0.0118799301503567,0.0805815));
#12237=CARTESIAN_POINT('',(-0.017006670457057,0.0119579723187112,0.08067675));
#12238=CARTESIAN_POINT('',(-0.0170356137558511,0.0119168090569632,0.08067675));
#12239=CARTESIAN_POINT('',(-0.0170612778429004,0.0118799301503567,0.0806318918461597));
#12240=CARTESIAN_POINT('',(-0.0170612778429004,0.0118799301503567,0.0805815));
#12241=CARTESIAN_POINT('',(-0.017006670457057,0.0119579723187112,0.08067675));
#12242=CARTESIAN_POINT('',(0.,0.,0.08067675));
#12243=CARTESIAN_POINT('',(-0.0161653652408226,0.0130729074287553,0.08067675));
#12244=CARTESIAN_POINT('',(-0.0161053015899814,0.0131468324209957,0.0805815));
#12245=CARTESIAN_POINT('',(-0.0161053015899814,0.0131468324209957,0.0806318202544902));
#12246=CARTESIAN_POINT('',(-0.0161336783178979,0.0131120900425102,0.08067675));
#12247=CARTESIAN_POINT('',(-0.0161653652408226,0.0130729074287553,0.08067675));
#12248=CARTESIAN_POINT('',(-0.0161053015899814,0.0131468324209957,0.0805815));
#12249=CARTESIAN_POINT('',(-0.0161053015899814,0.0131468324209957,0.0635));
#12250=CARTESIAN_POINT('',(-0.0161053015899814,0.0131468324209957,0.07788275));
#12251=CARTESIAN_POINT('',(-0.0160448998795426,0.0132204814536179,0.0777875));
#12252=CARTESIAN_POINT('',(-0.0160769166974261,0.013181624575432,0.0777875));
#12253=CARTESIAN_POINT('',(-0.0161053015899814,0.0131468324209957,0.0778323666716103));
#12254=CARTESIAN_POINT('',(-0.0161053015899814,0.0131468324209957,0.07788275));
#12255=CARTESIAN_POINT('',(-0.0160448998795426,0.0132204814536179,0.0777875));
#12256=CARTESIAN_POINT('',(0.,0.,0.0777875));
#12257=CARTESIAN_POINT('',(-0.012061637808961,0.0169333055064698,0.0777875));
#12258=CARTESIAN_POINT('',(-0.0119839306767394,0.0169883886094327,0.07769225));
#12259=CARTESIAN_POINT('',(-0.0119839306767394,0.0169883886094327,0.0777425702544902));
#12260=CARTESIAN_POINT('',(-0.0120205938140143,0.0169625412514395,0.0777875));
#12261=CARTESIAN_POINT('',(-0.012061637808961,0.0169333055064699,0.0777875));
#12262=CARTESIAN_POINT('',(-0.0119839306767394,0.0169883886094327,0.07769225));
#12263=CARTESIAN_POINT('',(-0.0119839306767394,0.0169883886094327,0.0635));
#12264=CARTESIAN_POINT('',(-0.0119839306767394,0.0169883886094327,0.0762));
#12265=CARTESIAN_POINT('',(-0.012061637808961,0.0169333055064699,0.07610475));
#12266=CARTESIAN_POINT('',(-0.012020652121105,0.0169624997191463,0.07610475));
#12267=CARTESIAN_POINT('',(-0.0119839306767394,0.0169883886094327,0.0761496081538404));
#12268=CARTESIAN_POINT('',(-0.0119839306767394,0.0169883886094327,0.0762));
#12269=CARTESIAN_POINT('',(-0.012061637808961,0.0169333055064698,0.07610475));
#12270=CARTESIAN_POINT('',(0.,0.,0.07610475));
#12271=CARTESIAN_POINT('',(0.,0.,0.0635));
#12272=CARTESIAN_POINT('',(-0.0142679887247767,0.015120993345665,0.081534));
#12273=CARTESIAN_POINT('',(-0.0142679887247767,0.015120993345665,0.0815843202544902));
#12274=CARTESIAN_POINT('',(-0.0143006239776512,0.0150902165391399,0.08162925));
#12275=CARTESIAN_POINT('',(-0.0143371163472858,0.0150554653483175,0.08162925));
#12276=CARTESIAN_POINT('',(-0.0142679887247767,0.015120993345665,0.081534));
#12277=CARTESIAN_POINT('',(-0.0143371163472858,0.0150554653483175,0.08162925));
#12278=CARTESIAN_POINT('',(-0.0142679887247767,0.015120993345665,0.0635));
#12279=CARTESIAN_POINT('',(-0.0142679887247767,0.015120993345665,0.08013065));
#12280=CARTESIAN_POINT('',(-0.01419856160893,0.0151862039446143,0.0800354));
#12281=CARTESIAN_POINT('',(-0.0142353389326411,0.0151518184524644,0.0800354));
#12282=CARTESIAN_POINT('',(-0.0142679887247767,0.015120993345665,0.0800802666716103));
#12283=CARTESIAN_POINT('',(-0.0142679887247767,0.015120993345665,0.08013065));
#12284=CARTESIAN_POINT('',(-0.01419856160893,0.0151862039446143,0.0800354));
#12285=CARTESIAN_POINT('',(0.,0.,0.0800354));
#12286=CARTESIAN_POINT('',(-0.0139908465388583,0.0153777812162911,0.0800354));
#12287=CARTESIAN_POINT('',(-0.0139908465388583,0.0153777812162911,0.08188325));
#12288=CARTESIAN_POINT('',(-0.0138103090068652,0.0155420359204707,0.08188325));
#12289=CARTESIAN_POINT('',(-0.0134489246141099,0.0158569182000664,0.0816827398002023));
#12290=CARTESIAN_POINT('',(-0.0132163084646714,0.0160477903315774,0.0809591822652747));
#12291=CARTESIAN_POINT('',(-0.0134489591843133,0.0158568889266621,0.0802359418632575));
#12292=CARTESIAN_POINT('',(-0.0138103193137819,0.0155420265431432,0.0800354));
#12293=CARTESIAN_POINT('',(-0.0139908465388583,0.0153777812162911,0.0800354));
#12294=CARTESIAN_POINT('',(-0.0139908465388583,0.0153777812162911,0.08188325));
#12295=CARTESIAN_POINT('',(0.,0.,0.08188325));
#12296=CARTESIAN_POINT('',(-0.017006670457057,0.0119579723187112,0.08188325));
#12297=CARTESIAN_POINT('',(-0.0170612778429004,0.0118799301503567,0.0819785));
#12298=CARTESIAN_POINT('',(-0.0170612778429004,0.0118799301503567,0.0819281797455098));
#12299=CARTESIAN_POINT('',(-0.017035654931189,0.0119167504972522,0.08188325));
#12300=CARTESIAN_POINT('',(-0.017006670457057,0.0119579723187112,0.08188325));
#12301=CARTESIAN_POINT('',(-0.0170612778429004,0.0118799301503567,0.0819785));
#12302=CARTESIAN_POINT('',(-0.0170612778429004,0.0118799301503567,0.0635));
#12303=CARTESIAN_POINT('',(-0.0170612778429004,0.0118799301503567,0.0833755));
#12304=CARTESIAN_POINT('',(-0.017006670457057,0.0119579723187112,0.08347075));
#12305=CARTESIAN_POINT('',(-0.0170356137558511,0.0119168090569632,0.08347075));
#12306=CARTESIAN_POINT('',(-0.0170612778429004,0.0118799301503567,0.0834258918461597));
#12307=CARTESIAN_POINT('',(-0.0170612778429004,0.0118799301503567,0.0833755));
#12308=CARTESIAN_POINT('',(-0.017006670457057,0.0119579723187112,0.08347075));
#12309=CARTESIAN_POINT('',(0.,0.,0.08347075));
#12310=CARTESIAN_POINT('',(-0.0136804177123143,0.0156545876095985,0.08347075));
#12311=CARTESIAN_POINT('',(-0.0119839306767394,0.0169883886094327,0.0812419));
#12312=CARTESIAN_POINT('',(-0.0119839306767394,0.0169883886094327,0.081820991089631));
#12313=CARTESIAN_POINT('',(-0.0123552522878693,0.0167356759074162,0.0829631665415498));
#12314=CARTESIAN_POINT('',(-0.0132444702430332,0.0160355585830361,0.08347075));
#12315=CARTESIAN_POINT('',(-0.0136804177123143,0.0156545876095985,0.08347075));
#12316=CARTESIAN_POINT('',(-0.0119839306767394,0.0169883886094327,0.0812419));
#12317=CARTESIAN_POINT('',(-0.0142679887247767,0.015120993345665,0.0784479));
#12318=CARTESIAN_POINT('',(-0.0137199530028561,0.015638113307455,0.0784479));
#12319=CARTESIAN_POINT('',(-0.0125539529596212,0.0166020992216903,0.0790104557152143));
#12320=CARTESIAN_POINT('',(-0.0119839306767394,0.0169883886094327,0.0804882021962238));
#12321=CARTESIAN_POINT('',(-0.0119839306767394,0.0169883886094327,0.0812419));
#12322=CARTESIAN_POINT('',(-0.0142679887247767,0.015120993345665,0.0784479));
#12323=CARTESIAN_POINT('',(0.,0.,0.0784479));
#12324=CARTESIAN_POINT('',(-0.015315667478777,0.0140588147327409,0.0784479));
#12325=CARTESIAN_POINT('',(-0.0153799176964758,0.0139884979057663,0.07854315));
#12326=CARTESIAN_POINT('',(-0.0153799176964758,0.0139884979057663,0.0784928297455098));
#12327=CARTESIAN_POINT('',(-0.0153497441049045,0.0140216916690624,0.0784479));
#12328=CARTESIAN_POINT('',(-0.015315667478777,0.0140588147327409,0.0784479));
#12329=CARTESIAN_POINT('',(-0.0153799176964758,0.0139884979057663,0.07854315));
#12330=CARTESIAN_POINT('',(-0.0153799176964758,0.0139884979057663,0.0635));
#12331=CARTESIAN_POINT('',(-0.0153799176964758,0.0139884979057663,0.081534));
#12332=CARTESIAN_POINT('',(-0.015315667478777,0.0140588147327409,0.08162925));
#12333=CARTESIAN_POINT('',(-0.0153496956956565,0.014021744406079,0.08162925));
#12334=CARTESIAN_POINT('',(-0.0153799176964759,0.0139884979057663,0.0815843918461596));
#12335=CARTESIAN_POINT('',(-0.0153799176964758,0.0139884979057663,0.081534));
#12336=CARTESIAN_POINT('',(-0.015315667478777,0.0140588147327409,0.08162925));
#12337=CARTESIAN_POINT('',(0.,0.,0.08162925));
#12338=CARTESIAN_POINT('',(0.,0.,0.0635));
#12339=CARTESIAN_POINT('',(-0.0170612778429004,0.0118799301503567,0.087718899999999));
#12340=CARTESIAN_POINT('',(-0.0170612778429004,0.0118799301503567,0.0876685797455088));
#12341=CARTESIAN_POINT('',(-0.017035654931189,0.0119167504972522,0.0876236499999989));
#12342=CARTESIAN_POINT('',(-0.017006670457057,0.0119579723187112,0.0876236499999989));
#12343=CARTESIAN_POINT('',(-0.0170612778429004,0.0118799301503567,0.087718899999999));
#12344=CARTESIAN_POINT('',(-0.017006670457057,0.0119579723187112,0.0876236499999989));
#12345=CARTESIAN_POINT('',(-0.0170612778429004,0.0118799301503567,0.0635));
#12346=CARTESIAN_POINT('',(-0.0170612778429004,0.0118799301503567,0.0891158999999989));
#12347=CARTESIAN_POINT('',(-0.017006670457057,0.0119579723187112,0.0892111499999989));
#12348=CARTESIAN_POINT('',(-0.0170356137558511,0.0119168090569632,0.0892111499999989));
#12349=CARTESIAN_POINT('',(-0.0170612778429004,0.0118799301503567,0.0891662918461586));
#12350=CARTESIAN_POINT('',(-0.0170612778429004,0.0118799301503567,0.0891158999999989));
#12351=CARTESIAN_POINT('',(-0.017006670457057,0.0119579723187112,0.0892111499999989));
#12352=CARTESIAN_POINT('',(0.,0.,0.0892111499999989));
#12353=CARTESIAN_POINT('',(-0.0159710812342846,0.0133095644638689,0.0892111499999979));
#12354=CARTESIAN_POINT('',(-0.0148791827779545,0.0145199814693484,0.0884206059916165));
#12355=CARTESIAN_POINT('',(-0.015158307209132,0.0142339519425168,0.0889063928777854));
#12356=CARTESIAN_POINT('',(-0.0155678322321345,0.0137934512648583,0.0892111499999979));
#12357=CARTESIAN_POINT('',(-0.0159710812342847,0.0133095644638689,0.0892111499999979));
#12358=CARTESIAN_POINT('',(-0.0148791827778165,0.0145199814694898,0.0884206059917791));
#12359=CARTESIAN_POINT('',(-0.0136958049245979,0.0156411275001951,0.0892111499999979));
#12360=CARTESIAN_POINT('',(-0.01416879825529,0.0152269614250376,0.0892111499999979));
#12361=CARTESIAN_POINT('',(-0.0146004160525798,0.0148056444412978,0.0889057703289392));
#12362=CARTESIAN_POINT('',(-0.0148791827778165,0.0145199814694898,0.0884206059917791));
#12363=CARTESIAN_POINT('',(-0.0136958049245979,0.0156411275001951,0.0892111499999979));
#12364=CARTESIAN_POINT('',(-0.0119839306767394,0.0169883886094327,0.0868616499999988));
#12365=CARTESIAN_POINT('',(-0.0119839306767394,0.0169883886094327,0.0874577094017674));
#12366=CARTESIAN_POINT('',(-0.0123380499771648,0.0167483528025298,0.0886481463410529));
#12367=CARTESIAN_POINT('',(-0.0132468581417449,0.0160342377513202,0.0892111499999979));
#12368=CARTESIAN_POINT('',(-0.0136958049245979,0.0156411275001951,0.0892111499999979));
#12369=CARTESIAN_POINT('',(-0.0119839306767394,0.0169883886094327,0.0868616499999988));
#12370=CARTESIAN_POINT('',(-0.0119839306767394,0.0169883886094327,0.0635));
#12371=CARTESIAN_POINT('',(-0.0119839306767394,0.0169883886094328,0.0842263999999989));
#12372=CARTESIAN_POINT('',(-0.012061637808961,0.0169333055064698,0.084131149999999));
#12373=CARTESIAN_POINT('',(-0.012020652121105,0.0169624997191462,0.084131149999999));
#12374=CARTESIAN_POINT('',(-0.0119839306767394,0.0169883886094328,0.0841760081538392));
#12375=CARTESIAN_POINT('',(-0.0119839306767394,0.0169883886094328,0.0842263999999989));
#12376=CARTESIAN_POINT('',(-0.012061637808961,0.0169333055064698,0.0841311499999989));
#12377=CARTESIAN_POINT('',(0.,0.,0.0841311499999989));
#12378=CARTESIAN_POINT('',(-0.0158821855803342,0.0134155179997577,0.084131149999999));
#12379=CARTESIAN_POINT('',(-0.0159434825653843,0.0133426124015234,0.0842263999999989));
#12380=CARTESIAN_POINT('',(-0.0159434825653843,0.0133426124015234,0.0841760797455087));
#12381=CARTESIAN_POINT('',(-0.0159147029439865,0.0133770217744075,0.084131149999999));
#12382=CARTESIAN_POINT('',(-0.0158821855803342,0.0134155179997577,0.084131149999999));
#12383=CARTESIAN_POINT('',(-0.0159434825653843,0.0133426124015234,0.0842263999999989));
#12384=CARTESIAN_POINT('',(-0.0159434825653843,0.0133426124015234,0.0635));
#12385=CARTESIAN_POINT('',(-0.0159434825653842,0.0133426124015234,0.0856233999999989));
#12386=CARTESIAN_POINT('',(-0.0158821855803342,0.0134155179997577,0.0857186499999989));
#12387=CARTESIAN_POINT('',(-0.0159146567498264,0.0133770764621372,0.0857186499999989));
#12388=CARTESIAN_POINT('',(-0.0159434825653842,0.0133426124015234,0.0856737918461585));
#12389=CARTESIAN_POINT('',(-0.0159434825653842,0.0133426124015234,0.0856233999999989));
#12390=CARTESIAN_POINT('',(-0.0158821855803342,0.0134155179997577,0.0857186499999989));
#12391=CARTESIAN_POINT('',(0.,0.,0.0857186499999989));
#12392=CARTESIAN_POINT('',(-0.0133182482221142,0.0159638405875326,0.0857186499999989));
#12393=CARTESIAN_POINT('',(-0.0132449695394328,0.0160246910706415,0.0858138999999989));
#12394=CARTESIAN_POINT('',(-0.0132449695394328,0.0160246910706415,0.085763551877079));
#12395=CARTESIAN_POINT('',(-0.0132795606083033,0.0159961167331775,0.0857186499999989));
#12396=CARTESIAN_POINT('',(-0.0133182482221142,0.0159638405875326,0.0857186499999989));
#12397=CARTESIAN_POINT('',(-0.0132449695394328,0.0160246910706415,0.0858138999999989));
#12398=CARTESIAN_POINT('',(-0.0132449695394328,0.0160246910706415,0.0635));
#12399=CARTESIAN_POINT('',(-0.0132449695394328,0.0160246910706414,0.08686165));
#12400=CARTESIAN_POINT('',(-0.0143830343269539,0.0150116043632806,0.08686165));
#12401=CARTESIAN_POINT('',(-0.0143830343269539,0.0150116043632806,0.0870629072688824));
#12402=CARTESIAN_POINT('',(-0.014264272472758,0.0151266864697247,0.0874581212618367));
#12403=CARTESIAN_POINT('',(-0.0138257974036999,0.0155310072415245,0.0877064202690642));
#12404=CARTESIAN_POINT('',(-0.013372924251823,0.0159201503229235,0.0874580969290166));
#12405=CARTESIAN_POINT('',(-0.0132449695394328,0.0160246910706414,0.0870629753317565));
#12406=CARTESIAN_POINT('',(-0.0132449695394328,0.0160246910706414,0.08686165));
#12407=CARTESIAN_POINT('',(-0.0143830343269538,0.0150116043632806,0.08686165));
#12408=CARTESIAN_POINT('',(-0.0143830343269538,0.0150116043632806,0.0635));
#12409=CARTESIAN_POINT('',(-0.0143830343269538,0.0150116043632806,0.0860678999999989));
#12410=CARTESIAN_POINT('',(-0.01445165957251,0.0149455504284813,0.0859726499999989));
#12411=CARTESIAN_POINT('',(-0.0144154850840462,0.0149805294943237,0.0859726499999989));
#12412=CARTESIAN_POINT('',(-0.0143830343269538,0.0150116043632806,0.0860175081538392));
#12413=CARTESIAN_POINT('',(-0.0143830343269538,0.0150116043632806,0.0860678999999989));
#12414=CARTESIAN_POINT('',(-0.01445165957251,0.0149455504284813,0.0859726499999989));
#12415=CARTESIAN_POINT('',(0.,0.,0.0859726499999989));
#12416=CARTESIAN_POINT('',(-0.0154225719060409,0.0139414568038278,0.0859726499999989));
#12417=CARTESIAN_POINT('',(-0.0154862833222187,0.0138706514221204,0.0860678999999989));
#12418=CARTESIAN_POINT('',(-0.0154862833222187,0.0138706514221204,0.0860175797455087));
#12419=CARTESIAN_POINT('',(-0.0154563640727497,0.0139040746185756,0.0859726499999989));
#12420=CARTESIAN_POINT('',(-0.0154225719060409,0.0139414568038278,0.0859726499999989));
#12421=CARTESIAN_POINT('',(-0.0154862833222187,0.0138706514221204,0.0860678999999989));
#12422=CARTESIAN_POINT('',(-0.0154862833222187,0.0138706514221204,0.0635));
#12423=CARTESIAN_POINT('',(-0.0154862833222187,0.0138706514221204,0.0868820936024381));
#12424=CARTESIAN_POINT('',(-0.0159710812342846,0.0133095644638688,0.0876236499999989));
#12425=CARTESIAN_POINT('',(-0.0157204347709941,0.013610332760019,0.0876236499999989));
#12426=CARTESIAN_POINT('',(-0.0154862833222187,0.0138706514221204,0.087273569757873));
#12427=CARTESIAN_POINT('',(-0.0154862833222187,0.0138706514221204,0.0868820936024381));
#12428=CARTESIAN_POINT('',(-0.0159710812342846,0.0133095644638688,0.0876236499999989));
#12429=CARTESIAN_POINT('',(0.,0.,0.0876236499999989));
#12430=CARTESIAN_POINT('',(0.,0.,0.0635));
#12431=CARTESIAN_POINT('',(-0.01445165957251,0.0149455504284813,0.0917225749999995));
#12432=CARTESIAN_POINT('',(-0.0144154850840462,0.0149805294943237,0.0917225749999995));
#12433=CARTESIAN_POINT('',(-0.0143830343269538,0.0150116043632806,0.0917674331538399));
#12434=CARTESIAN_POINT('',(-0.0143830343269538,0.0150116043632806,0.0918178249999995));
#12435=CARTESIAN_POINT('',(-0.01445165957251,0.0149455504284813,0.0917225749999995));
#12436=CARTESIAN_POINT('',(-0.0143830343269539,0.0150116043632806,0.0918178249999995));
#12437=CARTESIAN_POINT('',(0.,0.,0.0917225749999995));
#12438=CARTESIAN_POINT('',(-0.0154225719060409,0.0139414568038278,0.0917225749999994));
#12439=CARTESIAN_POINT('',(-0.0154862833222187,0.0138706514221204,0.0918178249999995));
#12440=CARTESIAN_POINT('',(-0.0154862833222187,0.0138706514221204,0.0917675047455093));
#12441=CARTESIAN_POINT('',(-0.0154563640727497,0.0139040746185755,0.0917225749999994));
#12442=CARTESIAN_POINT('',(-0.0154225719060409,0.0139414568038278,0.0917225749999994));
#12443=CARTESIAN_POINT('',(-0.0154862833222187,0.0138706514221204,0.0918178249999995));
#12444=CARTESIAN_POINT('',(-0.0154862833222187,0.0138706514221204,0.0635));
#12445=CARTESIAN_POINT('',(-0.0154862833222187,0.0138706514221203,0.092611575));
#12446=CARTESIAN_POINT('',(-0.0119839306767394,0.0169883886094328,0.092611575));
#12447=CARTESIAN_POINT('',(-0.0119839306767394,0.0169883886094328,0.0932315010149892));
#12448=CARTESIAN_POINT('',(-0.0124029155163413,0.0167039808376703,0.0944484810107615));
#12449=CARTESIAN_POINT('',(-0.0138477882425687,0.0155511219338454,0.0952160596305307));
#12450=CARTESIAN_POINT('',(-0.0151503067546287,0.0142588461258249,0.0944537276774844));
#12451=CARTESIAN_POINT('',(-0.0154862833222187,0.0138706514221203,0.0932312241567102));
#12452=CARTESIAN_POINT('',(-0.0154862833222187,0.0138706514221203,0.092611575));
#12453=CARTESIAN_POINT('',(-0.0119839306767394,0.0169883886094327,0.092611575));
#12454=CARTESIAN_POINT('',(-0.0119839306767394,0.0169883886094327,0.0635));
#12455=CARTESIAN_POINT('',(-0.0119839306767394,0.0169883886094327,0.0899763249999995));
#12456=CARTESIAN_POINT('',(-0.012061637808961,0.0169333055064698,0.0898810749999995));
#12457=CARTESIAN_POINT('',(-0.012020652121105,0.0169624997191462,0.0898810749999995));
#12458=CARTESIAN_POINT('',(-0.0119839306767394,0.0169883886094327,0.0899259331538399));
#12459=CARTESIAN_POINT('',(-0.0119839306767394,0.0169883886094327,0.0899763249999995));
#12460=CARTESIAN_POINT('',(-0.012061637808961,0.0169333055064698,0.0898810749999995));
#12461=CARTESIAN_POINT('',(0.,0.,0.0898810749999995));
#12462=CARTESIAN_POINT('',(-0.017006670457057,0.0119579723187112,0.0898810749999995));
#12463=CARTESIAN_POINT('',(-0.0170612778429004,0.0118799301503567,0.0899763249999995));
#12464=CARTESIAN_POINT('',(-0.0170612778429004,0.0118799301503567,0.0899260047455093));
#12465=CARTESIAN_POINT('',(-0.017035654931189,0.0119167504972522,0.0898810749999995));
#12466=CARTESIAN_POINT('',(-0.017006670457057,0.0119579723187112,0.0898810749999995));
#12467=CARTESIAN_POINT('',(-0.0170612778429004,0.0118799301503567,0.0899763249999995));
#12468=CARTESIAN_POINT('',(-0.0170612778429004,0.0118799301503567,0.0635));
#12469=CARTESIAN_POINT('',(-0.0170612778429004,0.0118799301503567,0.0913733249999995));
#12470=CARTESIAN_POINT('',(-0.017006670457057,0.0119579723187112,0.0914685749999995));
#12471=CARTESIAN_POINT('',(-0.0170356137558511,0.0119168090569632,0.0914685749999995));
#12472=CARTESIAN_POINT('',(-0.0170612778429004,0.0118799301503567,0.0914237168461592));
#12473=CARTESIAN_POINT('',(-0.0170612778429004,0.0118799301503567,0.0913733249999995));
#12474=CARTESIAN_POINT('',(-0.017006670457057,0.0119579723187112,0.0914685749999995));
#12475=CARTESIAN_POINT('',(0.,0.,0.0914685749999995));
#12476=CARTESIAN_POINT('',(-0.0143830343269538,0.0150116043632806,0.0914685749999995));
#12477=CARTESIAN_POINT('',(0.,0.,0.0914685749999995));
#12478=CARTESIAN_POINT('',(-0.0133182482221142,0.0159638405875326,0.0914685749999995));
#12479=CARTESIAN_POINT('',(-0.0132449695394328,0.0160246910706415,0.0915638249999995));
#12480=CARTESIAN_POINT('',(-0.0132449695394328,0.0160246910706415,0.0915134768770796));
#12481=CARTESIAN_POINT('',(-0.0132795606083033,0.0159961167331775,0.0914685749999995));
#12482=CARTESIAN_POINT('',(-0.0133182482221142,0.0159638405875326,0.0914685749999995));
#12483=CARTESIAN_POINT('',(-0.0132449695394328,0.0160246910706414,0.0915638249999995));
#12484=CARTESIAN_POINT('',(-0.0132449695394328,0.0160246910706414,0.0635));
#12485=CARTESIAN_POINT('',(-0.0132449695394327,0.0160246910706415,0.092611575));
#12486=CARTESIAN_POINT('',(-0.0143830343269539,0.0150116043632806,0.092611575));
#12487=CARTESIAN_POINT('',(-0.0143830343269539,0.0150116043632806,0.0928128322688824));
#12488=CARTESIAN_POINT('',(-0.0142642724727584,0.0151266864697244,0.0932080462618368));
#12489=CARTESIAN_POINT('',(-0.0138257974037004,0.015531007241524,0.0934563452690646));
#12490=CARTESIAN_POINT('',(-0.0133729242518235,0.0159201503229231,0.0932080219290183));
#12491=CARTESIAN_POINT('',(-0.0132449695394327,0.0160246910706415,0.0928129003317566));
#12492=CARTESIAN_POINT('',(-0.0132449695394327,0.0160246910706415,0.092611575));
#12493=CARTESIAN_POINT('',(-0.0143830343269539,0.0150116043632806,0.092611575));
#12494=CARTESIAN_POINT('',(-0.0143830343269539,0.0150116043632806,0.0635));
#12495=CARTESIAN_POINT('',(0.,0.,0.0635));
#12496=CARTESIAN_POINT('',(-0.0143830343269539,0.0150116043632805,0.0983615));
#12497=CARTESIAN_POINT('',(-0.0143830343269539,0.0150116043632805,0.0985627572688822));
#12498=CARTESIAN_POINT('',(-0.0142642724727589,0.0151266864697239,0.098957971261836));
#12499=CARTESIAN_POINT('',(-0.0138257974037007,0.0155310072415238,0.0992062702690649));
#12500=CARTESIAN_POINT('',(-0.0133729242518231,0.0159201503229234,0.0989579469290179));
#12501=CARTESIAN_POINT('',(-0.0132449695394328,0.0160246910706415,0.0985628253317563));
#12502=CARTESIAN_POINT('',(-0.0132449695394328,0.0160246910706415,0.0983615));
#12503=CARTESIAN_POINT('',(-0.0143830343269539,0.0150116043632806,0.0983615));
#12504=CARTESIAN_POINT('',(-0.0132449695394328,0.0160246910706414,0.0983615));
#12505=CARTESIAN_POINT('',(-0.0143830343269539,0.0150116043632806,0.0635));
#12506=CARTESIAN_POINT('',(-0.0143830343269538,0.0150116043632806,0.09756775));
#12507=CARTESIAN_POINT('',(-0.01445165957251,0.0149455504284813,0.0974725));
#12508=CARTESIAN_POINT('',(-0.0144154850840462,0.0149805294943237,0.0974725));
#12509=CARTESIAN_POINT('',(-0.0143830343269538,0.0150116043632806,0.0975173581538404));
#12510=CARTESIAN_POINT('',(-0.0143830343269538,0.0150116043632806,0.09756775));
#12511=CARTESIAN_POINT('',(-0.01445165957251,0.0149455504284813,0.0974725));
#12512=CARTESIAN_POINT('',(0.,0.,0.0974725));
#12513=CARTESIAN_POINT('',(-0.0154225719060409,0.0139414568038278,0.0974725));
#12514=CARTESIAN_POINT('',(-0.0154862833222187,0.0138706514221204,0.09756775));
#12515=CARTESIAN_POINT('',(-0.0154862833222187,0.0138706514221204,0.0975174297455098));
#12516=CARTESIAN_POINT('',(-0.0154563640727497,0.0139040746185756,0.0974725));
#12517=CARTESIAN_POINT('',(-0.0154225719060409,0.0139414568038278,0.0974725));
#12518=CARTESIAN_POINT('',(-0.0154862833222187,0.0138706514221204,0.09756775));
#12519=CARTESIAN_POINT('',(-0.0154862833222187,0.0138706514221204,0.0635));
#12520=CARTESIAN_POINT('',(-0.0154862833222187,0.0138706514221204,0.0983819436024392));
#12521=CARTESIAN_POINT('',(-0.0159710812342846,0.0133095644638688,0.0991235));
#12522=CARTESIAN_POINT('',(-0.0157204347709941,0.0136103327600191,0.0991235));
#12523=CARTESIAN_POINT('',(-0.0154862833222188,0.0138706514221204,0.0987734197578742));
#12524=CARTESIAN_POINT('',(-0.0154862833222187,0.0138706514221204,0.0983819436024392));
#12525=CARTESIAN_POINT('',(-0.0159710812342846,0.0133095644638688,0.0991235));
#12526=CARTESIAN_POINT('',(0.,0.,0.0991235));
#12527=CARTESIAN_POINT('',(-0.017006670457057,0.0119579723187112,0.0991235));
#12528=CARTESIAN_POINT('',(-0.0170612778429004,0.0118799301503567,0.09921875));
#12529=CARTESIAN_POINT('',(-0.0170612778429004,0.0118799301503567,0.0991684297455098));
#12530=CARTESIAN_POINT('',(-0.017035654931189,0.0119167504972522,0.0991235));
#12531=CARTESIAN_POINT('',(-0.017006670457057,0.0119579723187112,0.0991235));
#12532=CARTESIAN_POINT('',(-0.0170612778429004,0.0118799301503567,0.09921875));
#12533=CARTESIAN_POINT('',(-0.0170612778429004,0.0118799301503567,0.0635));
#12534=CARTESIAN_POINT('',(-0.0170612778429004,0.0118799301503568,0.10061575));
#12535=CARTESIAN_POINT('',(-0.017006670457057,0.0119579723187112,0.100711));
#12536=CARTESIAN_POINT('',(-0.0170356137558511,0.0119168090569632,0.100711));
#12537=CARTESIAN_POINT('',(-0.0170612778429004,0.0118799301503568,0.10066614184616));
#12538=CARTESIAN_POINT('',(-0.0170612778429004,0.0118799301503568,0.10061575));
#12539=CARTESIAN_POINT('',(-0.017006670457057,0.0119579723187112,0.100711));
#12540=CARTESIAN_POINT('',(0.,0.,0.100711));
#12541=CARTESIAN_POINT('',(-0.0159710812342846,0.0133095644638688,0.100711));
#12542=CARTESIAN_POINT('',(-0.0148791827779322,0.0145199814693712,0.0999204559915797));
#12543=CARTESIAN_POINT('',(-0.0151583072091101,0.01423395194254,0.10040624287777));
#12544=CARTESIAN_POINT('',(-0.0155678322321237,0.0137934512648713,0.100711));
#12545=CARTESIAN_POINT('',(-0.0159710812342847,0.0133095644638688,0.100711));
#12546=CARTESIAN_POINT('',(-0.0148791827779322,0.0145199814693712,0.0999204559915797));
#12547=CARTESIAN_POINT('',(-0.0136958049245979,0.0156411275001951,0.100711));
#12548=CARTESIAN_POINT('',(-0.0141687982553557,0.01522696142498,0.100711));
#12549=CARTESIAN_POINT('',(-0.0146004160526973,0.0148056444411819,0.100405620328853));
#12550=CARTESIAN_POINT('',(-0.0148791827779322,0.0145199814693712,0.0999204559915797));
#12551=CARTESIAN_POINT('',(-0.0136958049245979,0.0156411275001951,0.100711));
#12552=CARTESIAN_POINT('',(-0.0119839306767394,0.0169883886094327,0.0983615));
#12553=CARTESIAN_POINT('',(-0.0119839306767394,0.0169883886094327,0.0989575594017686));
#12554=CARTESIAN_POINT('',(-0.0123380499771648,0.0167483528025299,0.100147996341054));
#12555=CARTESIAN_POINT('',(-0.0132468581417437,0.0160342377513212,0.100711));
#12556=CARTESIAN_POINT('',(-0.0136958049245979,0.0156411275001951,0.100711));
#12557=CARTESIAN_POINT('',(-0.0119839306767394,0.0169883886094327,0.0983615));
#12558=CARTESIAN_POINT('',(-0.0119839306767394,0.0169883886094327,0.0635));
#12559=CARTESIAN_POINT('',(-0.0119839306767394,0.0169883886094327,0.09572625));
#12560=CARTESIAN_POINT('',(-0.012061637808961,0.0169333055064698,0.095631));
#12561=CARTESIAN_POINT('',(-0.012020652121105,0.0169624997191462,0.095631));
#12562=CARTESIAN_POINT('',(-0.0119839306767394,0.0169883886094327,0.0956758581538403));
#12563=CARTESIAN_POINT('',(-0.0119839306767394,0.0169883886094327,0.09572625));
#12564=CARTESIAN_POINT('',(-0.012061637808961,0.0169333055064698,0.095631));
#12565=CARTESIAN_POINT('',(0.,0.,0.095631));
#12566=CARTESIAN_POINT('',(-0.0158821855803342,0.0134155179997577,0.095631));
#12567=CARTESIAN_POINT('',(-0.0159434825653842,0.0133426124015234,0.09572625));
#12568=CARTESIAN_POINT('',(-0.0159434825653842,0.0133426124015234,0.0956759297455098));
#12569=CARTESIAN_POINT('',(-0.0159147029439865,0.0133770217744075,0.095631));
#12570=CARTESIAN_POINT('',(-0.0158821855803342,0.0134155179997577,0.095631));
#12571=CARTESIAN_POINT('',(-0.0159434825653843,0.0133426124015234,0.09572625));
#12572=CARTESIAN_POINT('',(-0.0159434825653843,0.0133426124015234,0.0635));
#12573=CARTESIAN_POINT('',(-0.0159434825653842,0.0133426124015234,0.09712325));
#12574=CARTESIAN_POINT('',(-0.0158821855803342,0.0134155179997577,0.0972185));
#12575=CARTESIAN_POINT('',(-0.0159146567498265,0.0133770764621372,0.0972185));
#12576=CARTESIAN_POINT('',(-0.0159434825653842,0.0133426124015234,0.0971736418461597));
#12577=CARTESIAN_POINT('',(-0.0159434825653842,0.0133426124015234,0.09712325));
#12578=CARTESIAN_POINT('',(-0.0158821855803342,0.0134155179997577,0.0972185));
#12579=CARTESIAN_POINT('',(0.,0.,0.0972185));
#12580=CARTESIAN_POINT('',(-0.0133182482221142,0.0159638405875326,0.0972185));
#12581=CARTESIAN_POINT('',(-0.0132449695394328,0.0160246910706415,0.09731375));
#12582=CARTESIAN_POINT('',(-0.0132449695394328,0.0160246910706415,0.0972634018770801));
#12583=CARTESIAN_POINT('',(-0.0132795606083032,0.0159961167331775,0.0972185));
#12584=CARTESIAN_POINT('',(-0.0133182482221142,0.0159638405875326,0.0972185));
#12585=CARTESIAN_POINT('',(-0.0132449695394328,0.0160246910706414,0.09731375));
#12586=CARTESIAN_POINT('',(-0.0132449695394328,0.0160246910706414,0.0635));
#12587=CARTESIAN_POINT('',(0.,0.,0.0635));
#12588=CARTESIAN_POINT('',(-0.0161756925526978,0.0130994948268258,0.106427967822534));
#12589=CARTESIAN_POINT('',(-0.0167477156367508,0.0123099908978262,0.104076431567029));
#12590=CARTESIAN_POINT('',(-0.0161757925841257,0.0130993636102232,0.101725305909349));
#12591=CARTESIAN_POINT('',(-0.0146146923306122,0.0148621630397555,0.100751547499647));
#12592=CARTESIAN_POINT('',(-0.012825804835705,0.0163935502258843,0.10172525402765));
#12593=CARTESIAN_POINT('',(-0.0120269991618629,0.0169520788373469,0.10407630363127));
#12594=CARTESIAN_POINT('',(-0.0128256001288655,0.0163937038410619,0.106427519885663));
#12595=CARTESIAN_POINT('',(-0.0146144891829377,0.014862366508707,0.107401440618126));
#12596=CARTESIAN_POINT('',(-0.0161756925526978,0.0130994948268258,0.106427967822534));
#12597=CARTESIAN_POINT('',(-0.0167477156367508,0.0123099908978262,0.104076431567029));
#12598=CARTESIAN_POINT('',(-0.0161757925841257,0.0130993636102232,0.101725305909349));
#12599=CARTESIAN_POINT('',(-0.0165570579473045,0.0125731370047257,0.1040765));
#12600=CARTESIAN_POINT('',(-0.0152047545590153,0.0141839372665922,0.103182169849619));
#12601=CARTESIAN_POINT('',(-0.0154517551101654,0.0139080737032703,0.104075760651486));
#12602=CARTESIAN_POINT('',(-0.0152036152573546,0.0141851947659662,0.104973787544435));
#12603=CARTESIAN_POINT('',(-0.0145807529074143,0.0148306542935268,0.105343060184116));
#12604=CARTESIAN_POINT('',(-0.0139263458834797,0.0154410242859483,0.104970969399058));
#12605=CARTESIAN_POINT('',(-0.0136465202961593,0.0156832364327362,0.10407524361714));
#12606=CARTESIAN_POINT('',(-0.0139280919220388,0.0154394838291954,0.103179492053627));
#12607=CARTESIAN_POINT('',(-0.0145832172221353,0.0148282212574229,0.102809834682562));
#12608=CARTESIAN_POINT('',(-0.0152047545590153,0.0141839372665922,0.103182169849619));
#12609=CARTESIAN_POINT('',(-0.0154517551101654,0.0139080737032703,0.104075760651486));
#12610=CARTESIAN_POINT('',(-0.0152036152573546,0.0141851947659662,0.104973787544435));
#12611=CARTESIAN_POINT('',(-0.0153692317095053,0.0140002378076066,0.1040765));
#12612=CARTESIAN_POINT('',(0.,0.,0.0635));
#12613=CARTESIAN_POINT('',(0.,0.,0.0635));
#12614=CARTESIAN_POINT('',(-0.0142217371680877,0.0151645024294183,0.1092835));
#12615=CARTESIAN_POINT('',(-0.0141850327241251,0.0151989249867931,0.1092835));
#12616=CARTESIAN_POINT('',(-0.0141521111992487,0.0152295006685741,0.10932835815384));
#12617=CARTESIAN_POINT('',(-0.0141521111992487,0.0152295006685741,0.10937875));
#12618=CARTESIAN_POINT('',(-0.0142217371680877,0.0151645024294183,0.1092835));
#12619=CARTESIAN_POINT('',(-0.0141521111992487,0.0152295006685741,0.10937875));
#12620=CARTESIAN_POINT('',(0.,0.,0.1092835));
#12621=CARTESIAN_POINT('',(-0.0149013400995624,0.0144972412978184,0.1092835));
#12622=CARTESIAN_POINT('',(-0.0149676033326587,0.0144288181250643,0.10937875));
#12623=CARTESIAN_POINT('',(-0.0149676033326587,0.0144288181250643,0.10932842974551));
#12624=CARTESIAN_POINT('',(-0.01493647941116,0.0144611225065103,0.1092835));
#12625=CARTESIAN_POINT('',(-0.0149013400995624,0.0144972412978184,0.1092835));
#12626=CARTESIAN_POINT('',(-0.0149676033326587,0.0144288181250643,0.10937875));
#12627=CARTESIAN_POINT('',(-0.0149676033326587,0.0144288181250643,0.0635));
#12628=CARTESIAN_POINT('',(-0.0149676033326587,0.0144288181250643,0.11026775));
#12629=CARTESIAN_POINT('',(-0.0161053015899813,0.0131468324209957,0.11026775));
#12630=CARTESIAN_POINT('',(-0.0161053015899813,0.0131468324209957,0.110494188282462));
#12631=CARTESIAN_POINT('',(-0.0159885542655385,0.0132917233893096,0.110938868940291));
#12632=CARTESIAN_POINT('',(-0.0155530214587283,0.0138024211331146,0.111218073814187));
#12633=CARTESIAN_POINT('',(-0.015097549146476,0.0142957284756006,0.110938835631224));
#12634=CARTESIAN_POINT('',(-0.0149676033326587,0.0144288181250643,0.110494216731569));
#12635=CARTESIAN_POINT('',(-0.0149676033326587,0.0144288181250643,0.11026775));
#12636=CARTESIAN_POINT('',(-0.0161053015899814,0.0131468324209957,0.11026775));
#12637=CARTESIAN_POINT('',(-0.0161053015899814,0.0131468324209957,0.0635));
#12638=CARTESIAN_POINT('',(-0.0161053015899813,0.0131468324209957,0.10937875));
#12639=CARTESIAN_POINT('',(-0.0161653652408226,0.0130729074287553,0.1092835));
#12640=CARTESIAN_POINT('',(-0.016133723332334,0.0131120343796973,0.1092835));
#12641=CARTESIAN_POINT('',(-0.0161053015899813,0.0131468324209957,0.10932835815384));
#12642=CARTESIAN_POINT('',(-0.0161053015899813,0.0131468324209957,0.10937875));
#12643=CARTESIAN_POINT('',(-0.0161653652408226,0.0130729074287553,0.1092835));
#12644=CARTESIAN_POINT('',(0.,0.,0.1092835));
#12645=CARTESIAN_POINT('',(-0.017006670457057,0.0119579723187112,0.1092835));
#12646=CARTESIAN_POINT('',(-0.0170612778429004,0.0118799301503567,0.10937875));
#12647=CARTESIAN_POINT('',(-0.0170612778429004,0.0118799301503567,0.10932842974551));
#12648=CARTESIAN_POINT('',(-0.017035654931189,0.0119167504972522,0.1092835));
#12649=CARTESIAN_POINT('',(-0.017006670457057,0.0119579723187112,0.1092835));
#12650=CARTESIAN_POINT('',(-0.0170612778429004,0.0118799301503567,0.10937875));
#12651=CARTESIAN_POINT('',(-0.0170612778429004,0.0118799301503567,0.0635));
#12652=CARTESIAN_POINT('',(-0.0170612778429004,0.0118799301503567,0.11026775));
#12653=CARTESIAN_POINT('',(-0.0143830343269538,0.0150116043632806,0.11176));
#12654=CARTESIAN_POINT('',(-0.014594323897508,0.0148091619678734,0.112148214292037));
#12655=CARTESIAN_POINT('',(-0.015184250377051,0.0142262577640466,0.112741128928074));
#12656=CARTESIAN_POINT('',(-0.0161925816656957,0.0130660759082465,0.112691209697083));
#12657=CARTESIAN_POINT('',(-0.0169006590376311,0.0121159342425677,0.111722998578294));
#12658=CARTESIAN_POINT('',(-0.0170612778429004,0.0118799301503567,0.110753893422653));
#12659=CARTESIAN_POINT('',(-0.0170612778429004,0.0118799301503567,0.11026775));
#12660=CARTESIAN_POINT('',(-0.0143830343269539,0.0150116043632806,0.11176));
#12661=CARTESIAN_POINT('',(-0.0119839306767394,0.0169883886094327,0.1099185));
#12662=CARTESIAN_POINT('',(-0.0119839306767394,0.0169883886094327,0.110310068003716));
#12663=CARTESIAN_POINT('',(-0.0121136944852854,0.0168976854322902,0.111090750606898));
#12664=CARTESIAN_POINT('',(-0.0127046942901444,0.016466801971419,0.112062802645238));
#12665=CARTESIAN_POINT('',(-0.0136389042278932,0.0157071448916692,0.112413939415493));
#12666=CARTESIAN_POINT('',(-0.0141800148687181,0.0152061229347924,0.112032696544118));
#12667=CARTESIAN_POINT('',(-0.0143830343269539,0.0150116043632806,0.11176));
#12668=CARTESIAN_POINT('',(-0.0119839306767394,0.0169883886094327,0.1099185));
#12669=CARTESIAN_POINT('',(-0.0119839306767394,0.0169883886094327,0.0635));
#12670=CARTESIAN_POINT('',(-0.0119839306767394,0.0169883886094327,0.10753725));
#12671=CARTESIAN_POINT('',(-0.012061637808961,0.0169333055064698,0.107442));
#12672=CARTESIAN_POINT('',(-0.012020652121105,0.0169624997191463,0.107442));
#12673=CARTESIAN_POINT('',(-0.0119839306767394,0.0169883886094327,0.10748685815384));
#12674=CARTESIAN_POINT('',(-0.0119839306767394,0.0169883886094327,0.10753725));
#12675=CARTESIAN_POINT('',(-0.012061637808961,0.0169333055064698,0.107442));
#12676=CARTESIAN_POINT('',(0.,0.,0.107442));
#12677=CARTESIAN_POINT('',(-0.0161853111152987,0.0130482047083492,0.107442));
#12678=CARTESIAN_POINT('',(-0.0162449220600411,0.0129739141847474,0.10753725));
#12679=CARTESIAN_POINT('',(-0.0162449220600411,0.0129739141847474,0.10748692974551));
#12680=CARTESIAN_POINT('',(-0.0162169381622393,0.013008973748548,0.107442));
#12681=CARTESIAN_POINT('',(-0.0161853111152987,0.0130482047083492,0.107442));
#12682=CARTESIAN_POINT('',(-0.0162449220600411,0.0129739141847474,0.10753725));
#12683=CARTESIAN_POINT('',(-0.0162449220600411,0.0129739141847474,0.0635));
#12684=CARTESIAN_POINT('',(-0.0162449220600411,0.0129739141847474,0.10893425));
#12685=CARTESIAN_POINT('',(-0.0161853111152987,0.0130482047083492,0.1090295));
#12686=CARTESIAN_POINT('',(-0.016216893232863,0.0130090294800413,0.1090295));
#12687=CARTESIAN_POINT('',(-0.0162449220600411,0.0129739141847474,0.10898464184616));
#12688=CARTESIAN_POINT('',(-0.0162449220600411,0.0129739141847474,0.10893425));
#12689=CARTESIAN_POINT('',(-0.0161853111152987,0.0130482047083492,0.1090295));
#12690=CARTESIAN_POINT('',(0.,0.,0.1090295));
#12691=CARTESIAN_POINT('',(-0.0133182482221142,0.0159638405875326,0.1090295));
#12692=CARTESIAN_POINT('',(-0.0132449695394328,0.0160246910706415,0.10912475));
#12693=CARTESIAN_POINT('',(-0.0132449695394328,0.0160246910706415,0.10907440187708));
#12694=CARTESIAN_POINT('',(-0.0132795606083032,0.0159961167331775,0.1090295));
#12695=CARTESIAN_POINT('',(-0.0133182482221142,0.0159638405875326,0.1090295));
#12696=CARTESIAN_POINT('',(-0.0132449695394328,0.0160246910706415,0.10912475));
#12697=CARTESIAN_POINT('',(-0.0132449695394328,0.0160246910706415,0.0635));
#12698=CARTESIAN_POINT('',(-0.0132449695394328,0.0160246910706415,0.1099185));
#12699=CARTESIAN_POINT('',(-0.0141521111992487,0.0152295006685741,0.1099185));
#12700=CARTESIAN_POINT('',(-0.0141521111992487,0.0152295006685741,0.110077860523041));
#12701=CARTESIAN_POINT('',(-0.0140568525617317,0.0153188201251051,0.110390253038291));
#12702=CARTESIAN_POINT('',(-0.0137061052326856,0.015635009525023,0.110587377846726));
#12703=CARTESIAN_POINT('',(-0.0133461801657549,0.0159418015658928,0.110390733033339));
#12704=CARTESIAN_POINT('',(-0.0132449695394328,0.0160246910706415,0.110077922092561));
#12705=CARTESIAN_POINT('',(-0.0132449695394328,0.0160246910706415,0.1099185));
#12706=CARTESIAN_POINT('',(-0.0141521111992487,0.0152295006685741,0.1099185));
#12707=CARTESIAN_POINT('',(-0.0141521111992487,0.0152295006685741,0.0635));
#12708=CARTESIAN_POINT('',(0.,0.,0.0635));
#12709=CARTESIAN_POINT('',(-0.0161053015899814,0.0131468324209957,0.0635));
#12710=CARTESIAN_POINT('',(-0.0161053015899814,0.0131468324209957,0.115220750000001));
#12711=CARTESIAN_POINT('',(-0.0161053015899813,0.0131468324209957,0.11712575));
#12712=CARTESIAN_POINT('',(-0.0156962995492016,0.0136325391058208,0.114585750000001));
#12713=CARTESIAN_POINT('',(-0.0159161265500033,0.0133794336185155,0.114585750000001));
#12714=CARTESIAN_POINT('',(-0.0161053015899814,0.0131468324209957,0.114885440527394));
#12715=CARTESIAN_POINT('',(-0.0161053015899814,0.0131468324209957,0.115220750000001));
#12716=CARTESIAN_POINT('',(-0.0156962995492016,0.0136325391058208,0.11458575));
#12717=CARTESIAN_POINT('',(-0.0152726553141604,0.0141055287623274,0.1156335));
#12718=CARTESIAN_POINT('',(-0.0152726553141605,0.0141055287623274,0.115409329690412));
#12719=CARTESIAN_POINT('',(-0.0153194287686536,0.014055608412774,0.114972344071803));
#12720=CARTESIAN_POINT('',(-0.0155474935732178,0.013803872058224,0.11458575));
#12721=CARTESIAN_POINT('',(-0.0156962995492016,0.0136325391058208,0.11458575));
#12722=CARTESIAN_POINT('',(-0.0152726553141604,0.0141055287623274,0.1156335));
#12723=CARTESIAN_POINT('',(-0.0152726553141604,0.0141055287623274,0.0635));
#12724=CARTESIAN_POINT('',(-0.0152726553141604,0.0141055287623274,0.1172845));
#12725=CARTESIAN_POINT('',(-0.0152078700411768,0.0141753529346072,0.11737975));
#12726=CARTESIAN_POINT('',(-0.0152421803292895,0.0141385435228698,0.11737975));
#12727=CARTESIAN_POINT('',(-0.0152726553141604,0.0141055287623274,0.11733489184616));
#12728=CARTESIAN_POINT('',(-0.0152726553141604,0.0141055287623274,0.1172845));
#12729=CARTESIAN_POINT('',(-0.0152078700411768,0.0141753529346072,0.11737975));
#12730=CARTESIAN_POINT('',(0.,0.,0.11737975));
#12731=CARTESIAN_POINT('',(-0.0142679887247767,0.015120993345665,0.11737975));
#12732=CARTESIAN_POINT('',(-0.01419856160893,0.0151862039446143,0.1172845));
#12733=CARTESIAN_POINT('',(-0.01419856160893,0.0151862039446143,0.11733482025449));
#12734=CARTESIAN_POINT('',(-0.0142313375243226,0.0151555769806733,0.11737975));
#12735=CARTESIAN_POINT('',(-0.0142679887247767,0.015120993345665,0.11737975));
#12736=CARTESIAN_POINT('',(-0.01419856160893,0.0151862039446143,0.1172845));
#12737=CARTESIAN_POINT('',(-0.01419856160893,0.0151862039446143,0.0635));
#12738=CARTESIAN_POINT('',(-0.01419856160893,0.0151862039446143,0.115411250000001));
#12739=CARTESIAN_POINT('',(-0.0132449695394328,0.0160246910706415,0.115411250000001));
#12740=CARTESIAN_POINT('',(-0.0132449695394328,0.0160246910706415,0.115243531933459));
#12741=CARTESIAN_POINT('',(-0.0133515239228809,0.0159374608607467,0.114914353403569));
#12742=CARTESIAN_POINT('',(-0.0137294889560025,0.0156147927173432,0.114707225354956));
#12743=CARTESIAN_POINT('',(-0.0140984729219917,0.0152806776115598,0.114914246650936));
#12744=CARTESIAN_POINT('',(-0.01419856160893,0.0151862039446143,0.115243458028218));
#12745=CARTESIAN_POINT('',(-0.01419856160893,0.0151862039446143,0.115411250000001));
#12746=CARTESIAN_POINT('',(-0.0132449695394328,0.0160246910706415,0.115411250000001));
#12747=CARTESIAN_POINT('',(-0.0132449695394328,0.0160246910706415,0.0635));
#12748=CARTESIAN_POINT('',(-0.0132449695394328,0.0160246910706415,0.1172845));
#12749=CARTESIAN_POINT('',(-0.0131714128371782,0.0160852051862143,0.11737975));
#12750=CARTESIAN_POINT('',(-0.013210345767232,0.0160533248534015,0.11737975));
#12751=CARTESIAN_POINT('',(-0.0132449695394328,0.0160246910706415,0.11733489184616));
#12752=CARTESIAN_POINT('',(-0.0132449695394328,0.0160246910706415,0.1172845));
#12753=CARTESIAN_POINT('',(-0.0131714128371782,0.0160852051862143,0.11737975));
#12754=CARTESIAN_POINT('',(0.,0.,0.11737975));
#12755=CARTESIAN_POINT('',(-0.012061637808961,0.0169333055064698,0.11737975));
#12756=CARTESIAN_POINT('',(-0.0119839306767394,0.0169883886094327,0.1172845));
#12757=CARTESIAN_POINT('',(-0.0119839306767394,0.0169883886094327,0.11733482025449));
#12758=CARTESIAN_POINT('',(-0.0120205938140144,0.0169625412514394,0.11737975));
#12759=CARTESIAN_POINT('',(-0.012061637808961,0.0169333055064698,0.11737975));
#12760=CARTESIAN_POINT('',(-0.0119839306767394,0.0169883886094327,0.1172845));
#12761=CARTESIAN_POINT('',(-0.0119839306767394,0.0169883886094327,0.0635));
#12762=CARTESIAN_POINT('',(-0.0119839306767394,0.0169883886094328,0.1156335));
#12763=CARTESIAN_POINT('',(-0.0147231127586414,0.0146782114954898,0.11376025));
#12764=CARTESIAN_POINT('',(-0.0144999867034106,0.01490202010266,0.113463618496821));
#12765=CARTESIAN_POINT('',(-0.0139140589728226,0.015467380474227,0.113056505060323));
#12766=CARTESIAN_POINT('',(-0.0128854772125863,0.0163295186016148,0.113338497418411));
#12767=CARTESIAN_POINT('',(-0.0121526199018454,0.0168712142397017,0.114335917718395));
#12768=CARTESIAN_POINT('',(-0.0119839306767394,0.0169883886094328,0.115200207508218));
#12769=CARTESIAN_POINT('',(-0.0119839306767394,0.0169883886094328,0.1156335));
#12770=CARTESIAN_POINT('',(-0.0147231127586414,0.0146782114954899,0.11376025));
#12771=CARTESIAN_POINT('',(-0.0170612778429004,0.0118799301503567,0.1146175));
#12772=CARTESIAN_POINT('',(-0.0170612778429004,0.0118799301503567,0.11421427977261));
#12773=CARTESIAN_POINT('',(-0.0168582548818365,0.012176752985007,0.113436230207562));
#12774=CARTESIAN_POINT('',(-0.0161771413733894,0.0130783409652075,0.112874228776601));
#12775=CARTESIAN_POINT('',(-0.0153664508470356,0.0140201298897258,0.112949998376948));
#12776=CARTESIAN_POINT('',(-0.0148847732616538,0.0145160564662343,0.11342861445641));
#12777=CARTESIAN_POINT('',(-0.0147231127586414,0.0146782114954899,0.11376025));
#12778=CARTESIAN_POINT('',(-0.0170612778429004,0.0118799301503567,0.1146175));
#12779=CARTESIAN_POINT('',(-0.0170612778429004,0.0118799301503567,0.0635));
#12780=CARTESIAN_POINT('',(-0.0170612778429004,0.0118799301503567,0.11712575));
#12781=CARTESIAN_POINT('',(-0.017006670457057,0.0119579723187112,0.117221));
#12782=CARTESIAN_POINT('',(-0.0170356137558511,0.0119168090569631,0.117221));
#12783=CARTESIAN_POINT('',(-0.0170612778429004,0.0118799301503567,0.11717614184616));
#12784=CARTESIAN_POINT('',(-0.0170612778429004,0.0118799301503567,0.11712575));
#12785=CARTESIAN_POINT('',(-0.017006670457057,0.0119579723187112,0.117221));
#12786=CARTESIAN_POINT('',(0.,0.,0.117221));
#12787=CARTESIAN_POINT('',(-0.0161653652408226,0.0130729074287553,0.117221));
#12788=CARTESIAN_POINT('',(-0.0161053015899813,0.0131468324209957,0.11712575));
#12789=CARTESIAN_POINT('',(-0.0161053015899813,0.0131468324209957,0.11717607025449));
#12790=CARTESIAN_POINT('',(-0.0161336783178979,0.0131120900425103,0.117221));
#12791=CARTESIAN_POINT('',(-0.0161653652408226,0.0130729074287553,0.117221));
#12792=CARTESIAN_POINT('',(0.,0.,0.0635));
#12793=CARTESIAN_POINT('',(0.0128245177127679,0.0163631197344792,0.0536311621634923));
#12794=CARTESIAN_POINT('',(0.0134825755896695,0.0158473699853303,0.0550793037032734));
#12795=CARTESIAN_POINT('',(0.0141094779622163,0.0152918805781641,0.0565274370617951));
#12796=CARTESIAN_POINT('',(0.0147006792701902,0.0147006792701902,0.0579755786015769));
#12797=CARTESIAN_POINT('',(0.0128245177127679,0.0163631197344792,0.0536311621634923));
#12798=CARTESIAN_POINT('',(0.0147006792701902,0.0147006792701902,0.0579755786015769));
#12799=CARTESIAN_POINT('',(0.0104341416192775,0.017981897304758,0.0586354899592607));
#12800=CARTESIAN_POINT('',(0.011267146967235,0.0174985392017226,0.0569673775840441));
#12801=CARTESIAN_POINT('',(0.0120665016915947,0.0169572112065115,0.0552992745387099));
#12802=CARTESIAN_POINT('',(0.0128245177127679,0.0163631197344792,0.0536311621634923));
#12803=CARTESIAN_POINT('',(0.0104341416192775,0.017981897304758,0.0586354899592607));
#12804=CARTESIAN_POINT('',(0.,0.,0.0586354899592607));
#12805=CARTESIAN_POINT('',(0.0144288181250643,0.0149676033326587,0.0586354899592607));
#12806=CARTESIAN_POINT('',(0.0125225070912237,0.0165953836400443,0.0629799063973453));
#12807=CARTESIAN_POINT('',(0.0131899056742411,0.0160917795252024,0.0615317648575642));
#12808=CARTESIAN_POINT('',(0.0138268822209564,0.0155478714951887,0.0600836314990425));
#12809=CARTESIAN_POINT('',(0.0144288181250643,0.0149676033326587,0.0586354899592607));
#12810=CARTESIAN_POINT('',(0.0125225070912237,0.0165953836400443,0.0629799063973453));
#12811=CARTESIAN_POINT('',(0.,0.,0.0629799063973453));
#12812=CARTESIAN_POINT('',(0.0165953836400443,0.0125225070912237,0.0629799063973453));
#12813=CARTESIAN_POINT('',(0.0149676033326587,0.0144288181250643,0.0586354899592607));
#12814=CARTESIAN_POINT('',(0.0155478714951884,0.0138268822209567,0.0600836314990418));
#12815=CARTESIAN_POINT('',(0.0160917795252021,0.0131899056742414,0.0615317648575635));
#12816=CARTESIAN_POINT('',(0.0165953836400443,0.0125225070912237,0.0629799063973453));
#12817=CARTESIAN_POINT('',(0.0149676033326587,0.0144288181250643,0.0586354899592607));
#12818=CARTESIAN_POINT('',(0.,0.,0.0586354899592607));
#12819=CARTESIAN_POINT('',(0.017981897304758,0.0104341416192775,0.0586354899592607));
#12820=CARTESIAN_POINT('',(0.0163631197344792,0.0128245177127679,0.0536311621634923));
#12821=CARTESIAN_POINT('',(0.0169572112065111,0.0120665016915952,0.0552992745387089));
#12822=CARTESIAN_POINT('',(0.0174985392017223,0.0112671469672355,0.0569673775840431));
#12823=CARTESIAN_POINT('',(0.017981897304758,0.0104341416192775,0.0586354899592607));
#12824=CARTESIAN_POINT('',(0.0163631197344792,0.0128245177127679,0.0536311621634923));
#12825=CARTESIAN_POINT('',(0.0147006792701902,0.0147006792701902,0.0579755786015769));
#12826=CARTESIAN_POINT('',(0.0152918805781638,0.0141094779622166,0.0565274370617958));
#12827=CARTESIAN_POINT('',(0.0158473699853301,0.0134825755896698,0.0550793037032741));
#12828=CARTESIAN_POINT('',(0.0163631197344792,0.0128245177127679,0.0536311621634923));
#12829=CARTESIAN_POINT('',(0.,0.,0.0635));
#12830=CARTESIAN_POINT('',(0.,0.,0.066802));
#12831=CARTESIAN_POINT('',(0.0130220921898857,0.0162063276842139,0.066802));
#12832=CARTESIAN_POINT('',(0.0142221136235433,0.0151641493691214,0.066802));
#12833=CARTESIAN_POINT('',(0.012951088207667,0.0162631256604389,0.0668688779410836));
#12834=CARTESIAN_POINT('',(0.0129605478838861,0.0162555924774772,0.0668301233416386));
#12835=CARTESIAN_POINT('',(0.0129904457921013,0.0162317561660672,0.066802));
#12836=CARTESIAN_POINT('',(0.0130220921898857,0.0162063276842139,0.066802));
#12837=CARTESIAN_POINT('',(0.0129510882076671,0.0162631256604389,0.0668688779410836));
#12838=CARTESIAN_POINT('',(0.0158282425187794,0.0134791201781387,0.0696132314143758));
#12839=CARTESIAN_POINT('',(0.0155475856570236,0.0138086895278975,0.0699235250927906));
#12840=CARTESIAN_POINT('',(0.0148393297138934,0.0145931944440731,0.0702663008554021));
#12841=CARTESIAN_POINT('',(0.0136662340754613,0.0156877242845049,0.0698045327234874));
#12842=CARTESIAN_POINT('',(0.0128501500787034,0.0163451183735021,0.0684941971406219));
#12843=CARTESIAN_POINT('',(0.0128269871001571,0.0163619531812728,0.0673772979333195));
#12844=CARTESIAN_POINT('',(0.0129510882076671,0.0162631256604389,0.0668688779410836));
#12845=CARTESIAN_POINT('',(0.0158282425187793,0.0134791201781386,0.0696132314143758));
#12846=CARTESIAN_POINT('',(0.0163573285754594,0.0128319033617177,0.0690139665027705));
#12847=CARTESIAN_POINT('',(0.016185325899869,0.013051161892676,0.0692137239277184));
#12848=CARTESIAN_POINT('',(0.0160089206824071,0.0132669536751361,0.0694134739894279));
#12849=CARTESIAN_POINT('',(0.0158282425187793,0.0134791201781386,0.0696132314143758));
#12850=CARTESIAN_POINT('',(0.0163573285754594,0.0128319033617176,0.0690139665027706));
#12851=CARTESIAN_POINT('',(0.0169356356123574,0.0120583659098342,0.0687089234916756));
#12852=CARTESIAN_POINT('',(0.0167372878623231,0.0123369397434888,0.0687233577155745));
#12853=CARTESIAN_POINT('',(0.0165290382216746,0.0126130183667529,0.0688145493910883));
#12854=CARTESIAN_POINT('',(0.0163573285754594,0.0128319033617176,0.0690139665027706));
#12855=CARTESIAN_POINT('',(0.0169356356123574,0.0120583659098342,0.0687089234916752));
#12856=CARTESIAN_POINT('',(0.0169883886094327,0.0119839306767394,0.0686137582260443));
#12857=CARTESIAN_POINT('',(0.0169883886094327,0.0119839306767394,0.0686627171163171));
#12858=CARTESIAN_POINT('',(0.0169640488370837,0.0120184603352203,0.0687068557956911));
#12859=CARTESIAN_POINT('',(0.0169356356123574,0.0120583659098342,0.0687089234916752));
#12860=CARTESIAN_POINT('',(0.0169883886094327,0.0119839306767394,0.0686137582260443));
#12861=CARTESIAN_POINT('',(0.0169883886094327,0.0119839306767394,0.0635));
#12862=CARTESIAN_POINT('',(0.0169883886094327,0.0119839306767394,0.0672159971566502));
#12863=CARTESIAN_POINT('',(0.0169318583580498,0.012063669199416,0.067120779817293));
#12864=CARTESIAN_POINT('',(0.0169615397533884,0.0120220101342149,0.0671194399435584));
#12865=CARTESIAN_POINT('',(0.0169883886094327,0.0119839306767394,0.0671647597287595));
#12866=CARTESIAN_POINT('',(0.0169883886094327,0.0119839306767394,0.0672159971566502));
#12867=CARTESIAN_POINT('',(0.0169318583580498,0.012063669199416,0.0671207798172934));
#12868=CARTESIAN_POINT('',(0.0157706671414281,0.0135464386435801,0.0677238601930513));
#12869=CARTESIAN_POINT('',(0.0161254100735069,0.0131334494550718,0.0673336061369239));
#12870=CARTESIAN_POINT('',(0.0165434101673254,0.0126088722911176,0.067138315095607));
#12871=CARTESIAN_POINT('',(0.0169318583580498,0.012063669199416,0.0671207798172934));
#12872=CARTESIAN_POINT('',(0.015770667141428,0.0135464386435802,0.0677238601930511));
#12873=CARTESIAN_POINT('',(0.0152133299090605,0.014169493113308,0.0683231251046562));
#12874=CARTESIAN_POINT('',(0.0154032620382658,0.0139655690830817,0.0681233676797084));
#12875=CARTESIAN_POINT('',(0.0155890866209288,0.0137578333889819,0.0679236176179989));
#12876=CARTESIAN_POINT('',(0.015770667141428,0.0135464386435802,0.0677238601930511));
#12877=CARTESIAN_POINT('',(0.0152132709293888,0.014169556437624,0.068323001207869));
#12878=CARTESIAN_POINT('',(0.0142707366472905,0.0151183999667187,0.0669651863850311));
#12879=CARTESIAN_POINT('',(0.0141458922380342,0.0152362445594207,0.0671338979220311));
#12880=CARTESIAN_POINT('',(0.0139941482770137,0.0153744106177559,0.0676088532356138));
#12881=CARTESIAN_POINT('',(0.0142389917674767,0.0151515997091996,0.0683123754837817));
#12882=CARTESIAN_POINT('',(0.0147467840420858,0.0146611198467935,0.0685954801860583));
#12883=CARTESIAN_POINT('',(0.0150789204646741,0.0143138030150092,0.068460774026321));
#12884=CARTESIAN_POINT('',(0.0152132709293888,0.014169556437624,0.068323001207869));
#12885=CARTESIAN_POINT('',(0.0142707366472905,0.0151183999667187,0.0669651863850312));
#12886=CARTESIAN_POINT('',(0.0142221136235433,0.0151641493691214,0.066802));
#12887=CARTESIAN_POINT('',(0.0142773562933887,0.0151123385152261,0.066802));
#12888=CARTESIAN_POINT('',(0.0143100264636365,0.015081313064452,0.0669120911396874));
#12889=CARTESIAN_POINT('',(0.0142707366472905,0.0151183999667187,0.0669651863850312));
#12890=CARTESIAN_POINT('',(0.,0.,0.0635));
#12891=CARTESIAN_POINT('',(0.0165492928946088,0.0126242100002819,0.0754552469974201));
#12892=CARTESIAN_POINT('',(0.0150396305313408,0.014432025889968,0.0764294595149684));
#12893=CARTESIAN_POINT('',(0.0132958882933454,0.0160146436760969,0.075455414942706));
#12894=CARTESIAN_POINT('',(0.0125137848436112,0.0165959905843456,0.0731044681460155));
#12895=CARTESIAN_POINT('',(0.0132958461854844,0.0160146788665622,0.0707533512377431));
#12896=CARTESIAN_POINT('',(0.0150395323956781,0.0144321114666334,0.069779388928742));
#12897=CARTESIAN_POINT('',(0.0165490193714448,0.0126245704906024,0.0707530928879281));
#12898=CARTESIAN_POINT('',(0.0170977201021501,0.0118190308469406,0.0731041771818405));
#12899=CARTESIAN_POINT('',(0.0165492928946088,0.0126242100002819,0.0754552469974201));
#12900=CARTESIAN_POINT('',(0.0150396305313408,0.014432025889968,0.0764294595149684));
#12901=CARTESIAN_POINT('',(0.0132958882933454,0.0160146436760969,0.075455414942706));
#12902=CARTESIAN_POINT('',(0.0150006172188862,0.0143944928727084,0.07610475));
#12903=CARTESIAN_POINT('',(0.0143686377120203,0.0150303322612385,0.0722100448496192));
#12904=CARTESIAN_POINT('',(0.014095812384043,0.0152806846493861,0.0731036356514864));
#12905=CARTESIAN_POINT('',(0.0143698811985053,0.0150291776815268,0.0740016625444353));
#12906=CARTESIAN_POINT('',(0.015007682940518,0.0143984761304127,0.0743709351841161));
#12907=CARTESIAN_POINT('',(0.015610012379655,0.0137366609542704,0.0739988443990583));
#12908=CARTESIAN_POINT('',(0.0158487877736334,0.0134538971047397,0.0731031186171401));
#12909=CARTESIAN_POINT('',(0.015608493369515,0.0137384256825357,0.0722073670536267));
#12910=CARTESIAN_POINT('',(0.0150052801929421,0.0144009699860243,0.0718377096825625));
#12911=CARTESIAN_POINT('',(0.0143686377120203,0.0150303322612385,0.0722100448496192));
#12912=CARTESIAN_POINT('',(0.014095812384043,0.0152806846493861,0.0731036356514864));
#12913=CARTESIAN_POINT('',(0.0143698811985053,0.0150291776815268,0.0740016625444353));
#12914=CARTESIAN_POINT('',(0.0141869614077829,0.015197041423385,0.073104375));
#12915=CARTESIAN_POINT('',(0.,0.,0.0635));
#12916=CARTESIAN_POINT('',(0.,0.,0.0635));
#12917=CARTESIAN_POINT('',(0.,0.,0.07610475));
#12918=CARTESIAN_POINT('',(0.0119579723187112,0.017006670457057,0.07610475));
#12919=CARTESIAN_POINT('',(0.0118799301503567,0.0170612778429004,0.0762));
#12920=CARTESIAN_POINT('',(0.0118799301503567,0.0170612778429004,0.0761496797455098));
#12921=CARTESIAN_POINT('',(0.0119167504972522,0.017035654931189,0.07610475));
#12922=CARTESIAN_POINT('',(0.0119579723187112,0.017006670457057,0.07610475));
#12923=CARTESIAN_POINT('',(0.0118799301503567,0.0170612778429004,0.0762));
#12924=CARTESIAN_POINT('',(0.0118799301503567,0.0170612778429004,0.0635));
#12925=CARTESIAN_POINT('',(0.0118799301503567,0.0170612778429004,0.0805815));
#12926=CARTESIAN_POINT('',(0.0119579723187112,0.017006670457057,0.08067675));
#12927=CARTESIAN_POINT('',(0.0119168090569632,0.0170356137558511,0.08067675));
#12928=CARTESIAN_POINT('',(0.0118799301503567,0.0170612778429004,0.0806318918461597));
#12929=CARTESIAN_POINT('',(0.0118799301503567,0.0170612778429004,0.0805815));
#12930=CARTESIAN_POINT('',(0.0119579723187112,0.017006670457057,0.08067675));
#12931=CARTESIAN_POINT('',(0.,0.,0.08067675));
#12932=CARTESIAN_POINT('',(0.0130729074287553,0.0161653652408226,0.08067675));
#12933=CARTESIAN_POINT('',(0.0131468324209957,0.0161053015899813,0.0805815));
#12934=CARTESIAN_POINT('',(0.0131468324209957,0.0161053015899813,0.0806318202544902));
#12935=CARTESIAN_POINT('',(0.0131120900425102,0.0161336783178979,0.08067675));
#12936=CARTESIAN_POINT('',(0.0130729074287553,0.0161653652408226,0.08067675));
#12937=CARTESIAN_POINT('',(0.0131468324209957,0.0161053015899814,0.0805815));
#12938=CARTESIAN_POINT('',(0.0131468324209957,0.0161053015899814,0.0635));
#12939=CARTESIAN_POINT('',(0.0131468324209957,0.0161053015899813,0.07788275));
#12940=CARTESIAN_POINT('',(0.0132204814536179,0.0160448998795426,0.0777875));
#12941=CARTESIAN_POINT('',(0.013181624575432,0.0160769166974261,0.0777875));
#12942=CARTESIAN_POINT('',(0.0131468324209957,0.0161053015899813,0.0778323666716103));
#12943=CARTESIAN_POINT('',(0.0131468324209957,0.0161053015899813,0.07788275));
#12944=CARTESIAN_POINT('',(0.0132204814536179,0.0160448998795426,0.0777875));
#12945=CARTESIAN_POINT('',(0.,0.,0.0777875));
#12946=CARTESIAN_POINT('',(0.0169333055064698,0.012061637808961,0.0777875));
#12947=CARTESIAN_POINT('',(0.0169883886094327,0.0119839306767394,0.07769225));
#12948=CARTESIAN_POINT('',(0.0169883886094327,0.0119839306767394,0.0777425702544902));
#12949=CARTESIAN_POINT('',(0.0169625412514395,0.0120205938140143,0.0777875));
#12950=CARTESIAN_POINT('',(0.0169333055064699,0.012061637808961,0.0777875));
#12951=CARTESIAN_POINT('',(0.0169883886094327,0.0119839306767394,0.07769225));
#12952=CARTESIAN_POINT('',(0.0169883886094327,0.0119839306767394,0.0635));
#12953=CARTESIAN_POINT('',(0.0169883886094328,0.0119839306767394,0.0762));
#12954=CARTESIAN_POINT('',(0.0169333055064699,0.012061637808961,0.07610475));
#12955=CARTESIAN_POINT('',(0.0169624997191463,0.012020652121105,0.07610475));
#12956=CARTESIAN_POINT('',(0.0169883886094328,0.0119839306767394,0.0761496081538404));
#12957=CARTESIAN_POINT('',(0.0169883886094328,0.0119839306767394,0.0762));
#12958=CARTESIAN_POINT('',(0.0169333055064698,0.012061637808961,0.07610475));
#12959=CARTESIAN_POINT('',(0.,0.,0.07610475));
#12960=CARTESIAN_POINT('',(0.,0.,0.0635));
#12961=CARTESIAN_POINT('',(0.015120993345665,0.0142679887247767,0.081534));
#12962=CARTESIAN_POINT('',(0.015120993345665,0.0142679887247767,0.0815843202544902));
#12963=CARTESIAN_POINT('',(0.0150902165391399,0.0143006239776512,0.08162925));
#12964=CARTESIAN_POINT('',(0.0150554653483175,0.0143371163472858,0.08162925));
#12965=CARTESIAN_POINT('',(0.015120993345665,0.0142679887247767,0.081534));
#12966=CARTESIAN_POINT('',(0.0150554653483175,0.0143371163472858,0.08162925));
#12967=CARTESIAN_POINT('',(0.015120993345665,0.0142679887247767,0.0635));
#12968=CARTESIAN_POINT('',(0.015120993345665,0.0142679887247767,0.08013065));
#12969=CARTESIAN_POINT('',(0.0151862039446143,0.01419856160893,0.0800354));
#12970=CARTESIAN_POINT('',(0.0151518184524644,0.0142353389326411,0.0800354));
#12971=CARTESIAN_POINT('',(0.015120993345665,0.0142679887247767,0.0800802666716103));
#12972=CARTESIAN_POINT('',(0.015120993345665,0.0142679887247767,0.08013065));
#12973=CARTESIAN_POINT('',(0.0151862039446143,0.01419856160893,0.0800354));
#12974=CARTESIAN_POINT('',(0.,0.,0.0800354));
#12975=CARTESIAN_POINT('',(0.0153777812162911,0.0139908465388583,0.0800354));
#12976=CARTESIAN_POINT('',(0.0153777812162911,0.0139908465388583,0.08188325));
#12977=CARTESIAN_POINT('',(0.0155420359204707,0.0138103090068652,0.08188325));
#12978=CARTESIAN_POINT('',(0.0158569182000663,0.01344892461411,0.0816827398002025));
#12979=CARTESIAN_POINT('',(0.0160477903315774,0.0132163084646714,0.0809591822652746));
#12980=CARTESIAN_POINT('',(0.0158568889266622,0.0134489591843133,0.0802359418632576));
#12981=CARTESIAN_POINT('',(0.0155420265431433,0.0138103193137819,0.0800354));
#12982=CARTESIAN_POINT('',(0.0153777812162911,0.0139908465388583,0.0800354));
#12983=CARTESIAN_POINT('',(0.0153777812162911,0.0139908465388583,0.08188325));
#12984=CARTESIAN_POINT('',(0.,0.,0.08188325));
#12985=CARTESIAN_POINT('',(0.0119579723187112,0.017006670457057,0.08188325));
#12986=CARTESIAN_POINT('',(0.0118799301503567,0.0170612778429004,0.0819785));
#12987=CARTESIAN_POINT('',(0.0118799301503567,0.0170612778429004,0.0819281797455098));
#12988=CARTESIAN_POINT('',(0.0119167504972522,0.017035654931189,0.08188325));
#12989=CARTESIAN_POINT('',(0.0119579723187112,0.017006670457057,0.08188325));
#12990=CARTESIAN_POINT('',(0.0118799301503567,0.0170612778429004,0.0819785));
#12991=CARTESIAN_POINT('',(0.0118799301503567,0.0170612778429004,0.0635));
#12992=CARTESIAN_POINT('',(0.0118799301503567,0.0170612778429004,0.0833755));
#12993=CARTESIAN_POINT('',(0.0119579723187112,0.017006670457057,0.08347075));
#12994=CARTESIAN_POINT('',(0.0119168090569632,0.0170356137558511,0.08347075));
#12995=CARTESIAN_POINT('',(0.0118799301503567,0.0170612778429004,0.0834258918461596));
#12996=CARTESIAN_POINT('',(0.0118799301503567,0.0170612778429004,0.0833755));
#12997=CARTESIAN_POINT('',(0.0119579723187112,0.017006670457057,0.08347075));
#12998=CARTESIAN_POINT('',(0.,0.,0.08347075));
#12999=CARTESIAN_POINT('',(0.0156545876095985,0.0136804177123143,0.08347075));
#13000=CARTESIAN_POINT('',(0.0169883886094327,0.0119839306767394,0.0812419));
#13001=CARTESIAN_POINT('',(0.0169883886094327,0.0119839306767394,0.0818209910896309));
#13002=CARTESIAN_POINT('',(0.0167356759074163,0.0123552522878692,0.0829631665415497));
#13003=CARTESIAN_POINT('',(0.0160355585830362,0.0132444702430331,0.08347075));
#13004=CARTESIAN_POINT('',(0.0156545876095985,0.0136804177123143,0.08347075));
#13005=CARTESIAN_POINT('',(0.0169883886094327,0.0119839306767394,0.0812419));
#13006=CARTESIAN_POINT('',(0.015120993345665,0.0142679887247767,0.0784479));
#13007=CARTESIAN_POINT('',(0.015638113307455,0.0137199530028562,0.0784479));
#13008=CARTESIAN_POINT('',(0.0166020992216903,0.0125539529596213,0.0790104557152142));
#13009=CARTESIAN_POINT('',(0.0169883886094327,0.0119839306767394,0.0804882021962237));
#13010=CARTESIAN_POINT('',(0.0169883886094327,0.0119839306767394,0.0812419));
#13011=CARTESIAN_POINT('',(0.015120993345665,0.0142679887247767,0.0784479));
#13012=CARTESIAN_POINT('',(0.,0.,0.0784479));
#13013=CARTESIAN_POINT('',(0.0140588147327409,0.015315667478777,0.0784479));
#13014=CARTESIAN_POINT('',(0.0139884979057663,0.0153799176964758,0.07854315));
#13015=CARTESIAN_POINT('',(0.0139884979057663,0.0153799176964759,0.0784928297455098));
#13016=CARTESIAN_POINT('',(0.0140216916690624,0.0153497441049045,0.0784479));
#13017=CARTESIAN_POINT('',(0.0140588147327409,0.015315667478777,0.0784479));
#13018=CARTESIAN_POINT('',(0.0139884979057663,0.0153799176964758,0.07854315));
#13019=CARTESIAN_POINT('',(0.0139884979057663,0.0153799176964758,0.0635));
#13020=CARTESIAN_POINT('',(0.0139884979057663,0.0153799176964758,0.081534));
#13021=CARTESIAN_POINT('',(0.0140588147327409,0.015315667478777,0.08162925));
#13022=CARTESIAN_POINT('',(0.014021744406079,0.0153496956956565,0.08162925));
#13023=CARTESIAN_POINT('',(0.0139884979057663,0.0153799176964758,0.0815843918461596));
#13024=CARTESIAN_POINT('',(0.0139884979057663,0.0153799176964758,0.081534));
#13025=CARTESIAN_POINT('',(0.0140588147327409,0.015315667478777,0.08162925));
#13026=CARTESIAN_POINT('',(0.,0.,0.08162925));
#13027=CARTESIAN_POINT('',(0.,0.,0.0635));
#13028=CARTESIAN_POINT('',(0.0118799301503567,0.0170612778429004,0.087718899999999));
#13029=CARTESIAN_POINT('',(0.0118799301503567,0.0170612778429004,0.0876685797455088));
#13030=CARTESIAN_POINT('',(0.0119167504972522,0.017035654931189,0.0876236499999989));
#13031=CARTESIAN_POINT('',(0.0119579723187112,0.017006670457057,0.0876236499999989));
#13032=CARTESIAN_POINT('',(0.0118799301503567,0.0170612778429004,0.087718899999999));
#13033=CARTESIAN_POINT('',(0.0119579723187112,0.017006670457057,0.0876236499999989));
#13034=CARTESIAN_POINT('',(0.0118799301503567,0.0170612778429004,0.0635));
#13035=CARTESIAN_POINT('',(0.0118799301503567,0.0170612778429004,0.0891158999999989));
#13036=CARTESIAN_POINT('',(0.0119579723187112,0.017006670457057,0.0892111499999989));
#13037=CARTESIAN_POINT('',(0.0119168090569632,0.0170356137558511,0.0892111499999989));
#13038=CARTESIAN_POINT('',(0.0118799301503567,0.0170612778429004,0.0891662918461585));
#13039=CARTESIAN_POINT('',(0.0118799301503567,0.0170612778429004,0.0891158999999989));
#13040=CARTESIAN_POINT('',(0.0119579723187112,0.017006670457057,0.0892111499999989));
#13041=CARTESIAN_POINT('',(0.,0.,0.0892111499999989));
#13042=CARTESIAN_POINT('',(0.0133095644638688,0.0159710812342846,0.0892111499999979));
#13043=CARTESIAN_POINT('',(0.0145199814693484,0.0148791827779545,0.0884206059916165));
#13044=CARTESIAN_POINT('',(0.0142339519425168,0.015158307209132,0.0889063928777854));
#13045=CARTESIAN_POINT('',(0.0137934512648582,0.0155678322321345,0.0892111499999979));
#13046=CARTESIAN_POINT('',(0.0133095644638688,0.0159710812342846,0.0892111499999979));
#13047=CARTESIAN_POINT('',(0.0145199814694898,0.0148791827778165,0.0884206059917791));
#13048=CARTESIAN_POINT('',(0.0156411275001951,0.0136958049245979,0.0892111499999979));
#13049=CARTESIAN_POINT('',(0.0152269614250376,0.01416879825529,0.0892111499999979));
#13050=CARTESIAN_POINT('',(0.0148056444412978,0.0146004160525798,0.0889057703289392));
#13051=CARTESIAN_POINT('',(0.0145199814694898,0.0148791827778165,0.0884206059917791));
#13052=CARTESIAN_POINT('',(0.0156411275001951,0.0136958049245979,0.0892111499999979));
#13053=CARTESIAN_POINT('',(0.0169883886094327,0.0119839306767394,0.0868616499999988));
#13054=CARTESIAN_POINT('',(0.0169883886094327,0.0119839306767394,0.0874577094017674));
#13055=CARTESIAN_POINT('',(0.0167483528025298,0.0123380499771649,0.0886481463410529));
#13056=CARTESIAN_POINT('',(0.0160342377513202,0.0132468581417449,0.0892111499999979));
#13057=CARTESIAN_POINT('',(0.0156411275001951,0.0136958049245979,0.0892111499999979));
#13058=CARTESIAN_POINT('',(0.0169883886094327,0.0119839306767394,0.0868616499999988));
#13059=CARTESIAN_POINT('',(0.0169883886094327,0.0119839306767394,0.0635));
#13060=CARTESIAN_POINT('',(0.0169883886094327,0.0119839306767394,0.0842263999999989));
#13061=CARTESIAN_POINT('',(0.0169333055064698,0.012061637808961,0.084131149999999));
#13062=CARTESIAN_POINT('',(0.0169624997191462,0.012020652121105,0.084131149999999));
#13063=CARTESIAN_POINT('',(0.0169883886094327,0.0119839306767394,0.0841760081538392));
#13064=CARTESIAN_POINT('',(0.0169883886094327,0.0119839306767394,0.0842263999999989));
#13065=CARTESIAN_POINT('',(0.0169333055064698,0.012061637808961,0.0841311499999989));
#13066=CARTESIAN_POINT('',(0.,0.,0.0841311499999989));
#13067=CARTESIAN_POINT('',(0.0134155179997577,0.0158821855803342,0.084131149999999));
#13068=CARTESIAN_POINT('',(0.0133426124015234,0.0159434825653843,0.0842263999999989));
#13069=CARTESIAN_POINT('',(0.0133426124015234,0.0159434825653843,0.0841760797455087));
#13070=CARTESIAN_POINT('',(0.0133770217744075,0.0159147029439865,0.084131149999999));
#13071=CARTESIAN_POINT('',(0.0134155179997577,0.0158821855803342,0.084131149999999));
#13072=CARTESIAN_POINT('',(0.0133426124015234,0.0159434825653843,0.0842263999999989));
#13073=CARTESIAN_POINT('',(0.0133426124015234,0.0159434825653843,0.0635));
#13074=CARTESIAN_POINT('',(0.0133426124015234,0.0159434825653842,0.0856233999999989));
#13075=CARTESIAN_POINT('',(0.0134155179997577,0.0158821855803342,0.0857186499999989));
#13076=CARTESIAN_POINT('',(0.0133770764621372,0.0159146567498264,0.0857186499999989));
#13077=CARTESIAN_POINT('',(0.0133426124015234,0.0159434825653842,0.0856737918461585));
#13078=CARTESIAN_POINT('',(0.0133426124015234,0.0159434825653842,0.0856233999999989));
#13079=CARTESIAN_POINT('',(0.0134155179997577,0.0158821855803342,0.0857186499999989));
#13080=CARTESIAN_POINT('',(0.,0.,0.0857186499999989));
#13081=CARTESIAN_POINT('',(0.0159638405875326,0.0133182482221142,0.0857186499999989));
#13082=CARTESIAN_POINT('',(0.0160246910706415,0.0132449695394328,0.0858138999999989));
#13083=CARTESIAN_POINT('',(0.0160246910706415,0.0132449695394328,0.085763551877079));
#13084=CARTESIAN_POINT('',(0.0159961167331775,0.0132795606083033,0.0857186499999989));
#13085=CARTESIAN_POINT('',(0.0159638405875326,0.0133182482221142,0.0857186499999989));
#13086=CARTESIAN_POINT('',(0.0160246910706415,0.0132449695394328,0.0858138999999989));
#13087=CARTESIAN_POINT('',(0.0160246910706415,0.0132449695394328,0.0635));
#13088=CARTESIAN_POINT('',(0.0160246910706414,0.0132449695394328,0.08686165));
#13089=CARTESIAN_POINT('',(0.0150116043632806,0.0143830343269539,0.08686165));
#13090=CARTESIAN_POINT('',(0.0150116043632806,0.0143830343269539,0.0870629072688824));
#13091=CARTESIAN_POINT('',(0.0151266864697247,0.014264272472758,0.0874581212618366));
#13092=CARTESIAN_POINT('',(0.0155310072415243,0.0138257974037,0.0877064202690641));
#13093=CARTESIAN_POINT('',(0.0159201503229233,0.0133729242518233,0.0874580969290169));
#13094=CARTESIAN_POINT('',(0.0160246910706414,0.0132449695394328,0.0870629753317564));
#13095=CARTESIAN_POINT('',(0.0160246910706414,0.0132449695394328,0.08686165));
#13096=CARTESIAN_POINT('',(0.0150116043632806,0.0143830343269538,0.08686165));
#13097=CARTESIAN_POINT('',(0.0150116043632806,0.0143830343269538,0.0635));
#13098=CARTESIAN_POINT('',(0.0150116043632806,0.0143830343269538,0.0860678999999989));
#13099=CARTESIAN_POINT('',(0.0149455504284813,0.01445165957251,0.0859726499999989));
#13100=CARTESIAN_POINT('',(0.0149805294943237,0.0144154850840462,0.0859726499999989));
#13101=CARTESIAN_POINT('',(0.0150116043632806,0.0143830343269538,0.0860175081538392));
#13102=CARTESIAN_POINT('',(0.0150116043632806,0.0143830343269538,0.0860678999999989));
#13103=CARTESIAN_POINT('',(0.0149455504284813,0.01445165957251,0.0859726499999989));
#13104=CARTESIAN_POINT('',(0.,0.,0.0859726499999989));
#13105=CARTESIAN_POINT('',(0.0139414568038278,0.0154225719060409,0.0859726499999989));
#13106=CARTESIAN_POINT('',(0.0138706514221204,0.0154862833222187,0.0860678999999989));
#13107=CARTESIAN_POINT('',(0.0138706514221204,0.0154862833222187,0.0860175797455087));
#13108=CARTESIAN_POINT('',(0.0139040746185755,0.0154563640727497,0.0859726499999989));
#13109=CARTESIAN_POINT('',(0.0139414568038278,0.0154225719060409,0.0859726499999989));
#13110=CARTESIAN_POINT('',(0.0138706514221204,0.0154862833222187,0.0860678999999989));
#13111=CARTESIAN_POINT('',(0.0138706514221204,0.0154862833222187,0.0635));
#13112=CARTESIAN_POINT('',(0.0138706514221204,0.0154862833222187,0.0868820936024381));
#13113=CARTESIAN_POINT('',(0.0133095644638688,0.0159710812342846,0.0876236499999989));
#13114=CARTESIAN_POINT('',(0.013610332760019,0.0157204347709941,0.0876236499999989));
#13115=CARTESIAN_POINT('',(0.0138706514221204,0.0154862833222187,0.0872735697578731));
#13116=CARTESIAN_POINT('',(0.0138706514221204,0.0154862833222187,0.0868820936024381));
#13117=CARTESIAN_POINT('',(0.0133095644638688,0.0159710812342846,0.0876236499999989));
#13118=CARTESIAN_POINT('',(0.,0.,0.0876236499999989));
#13119=CARTESIAN_POINT('',(0.,0.,0.0635));
#13120=CARTESIAN_POINT('',(0.0149455504284813,0.01445165957251,0.0917225749999995));
#13121=CARTESIAN_POINT('',(0.0149805294943237,0.0144154850840462,0.0917225749999995));
#13122=CARTESIAN_POINT('',(0.0150116043632806,0.0143830343269538,0.0917674331538399));
#13123=CARTESIAN_POINT('',(0.0150116043632806,0.0143830343269538,0.0918178249999995));
#13124=CARTESIAN_POINT('',(0.0149455504284813,0.01445165957251,0.0917225749999995));
#13125=CARTESIAN_POINT('',(0.0150116043632806,0.0143830343269539,0.0918178249999995));
#13126=CARTESIAN_POINT('',(0.,0.,0.0917225749999995));
#13127=CARTESIAN_POINT('',(0.0139414568038278,0.0154225719060409,0.0917225749999995));
#13128=CARTESIAN_POINT('',(0.0138706514221204,0.0154862833222187,0.0918178249999995));
#13129=CARTESIAN_POINT('',(0.0138706514221204,0.0154862833222187,0.0917675047455093));
#13130=CARTESIAN_POINT('',(0.0139040746185756,0.0154563640727497,0.0917225749999995));
#13131=CARTESIAN_POINT('',(0.0139414568038278,0.0154225719060409,0.0917225749999995));
#13132=CARTESIAN_POINT('',(0.0138706514221204,0.0154862833222187,0.0918178249999995));
#13133=CARTESIAN_POINT('',(0.0138706514221204,0.0154862833222187,0.0635));
#13134=CARTESIAN_POINT('',(0.0138706514221203,0.0154862833222187,0.092611575));
#13135=CARTESIAN_POINT('',(0.0169883886094328,0.0119839306767394,0.092611575));
#13136=CARTESIAN_POINT('',(0.0169883886094328,0.0119839306767394,0.0932315010149894));
#13137=CARTESIAN_POINT('',(0.0167039808376704,0.0124029155163412,0.0944484810107613));
#13138=CARTESIAN_POINT('',(0.0155511219338454,0.0138477882425688,0.0952160596305307));
#13139=CARTESIAN_POINT('',(0.0142588461258248,0.0151503067546287,0.0944537276774844));
#13140=CARTESIAN_POINT('',(0.0138706514221203,0.0154862833222188,0.0932312241567102));
#13141=CARTESIAN_POINT('',(0.0138706514221203,0.0154862833222188,0.092611575));
#13142=CARTESIAN_POINT('',(0.0169883886094327,0.0119839306767394,0.092611575));
#13143=CARTESIAN_POINT('',(0.0169883886094327,0.0119839306767394,0.0635));
#13144=CARTESIAN_POINT('',(0.0169883886094327,0.0119839306767394,0.0899763249999995));
#13145=CARTESIAN_POINT('',(0.0169333055064699,0.012061637808961,0.0898810749999995));
#13146=CARTESIAN_POINT('',(0.0169624997191462,0.012020652121105,0.0898810749999995));
#13147=CARTESIAN_POINT('',(0.0169883886094327,0.0119839306767394,0.0899259331538399));
#13148=CARTESIAN_POINT('',(0.0169883886094327,0.0119839306767394,0.0899763249999995));
#13149=CARTESIAN_POINT('',(0.0169333055064698,0.012061637808961,0.0898810749999995));
#13150=CARTESIAN_POINT('',(0.,0.,0.0898810749999995));
#13151=CARTESIAN_POINT('',(0.0119579723187112,0.017006670457057,0.0898810749999995));
#13152=CARTESIAN_POINT('',(0.0118799301503567,0.0170612778429004,0.0899763249999995));
#13153=CARTESIAN_POINT('',(0.0118799301503567,0.0170612778429004,0.0899260047455093));
#13154=CARTESIAN_POINT('',(0.0119167504972522,0.017035654931189,0.0898810749999995));
#13155=CARTESIAN_POINT('',(0.0119579723187112,0.017006670457057,0.0898810749999995));
#13156=CARTESIAN_POINT('',(0.0118799301503567,0.0170612778429004,0.0899763249999995));
#13157=CARTESIAN_POINT('',(0.0118799301503567,0.0170612778429004,0.0635));
#13158=CARTESIAN_POINT('',(0.0118799301503567,0.0170612778429004,0.0913733249999995));
#13159=CARTESIAN_POINT('',(0.0119579723187112,0.017006670457057,0.0914685749999995));
#13160=CARTESIAN_POINT('',(0.0119168090569632,0.0170356137558511,0.0914685749999995));
#13161=CARTESIAN_POINT('',(0.0118799301503567,0.0170612778429004,0.0914237168461591));
#13162=CARTESIAN_POINT('',(0.0118799301503567,0.0170612778429004,0.0913733249999995));
#13163=CARTESIAN_POINT('',(0.0119579723187112,0.017006670457057,0.0914685749999995));
#13164=CARTESIAN_POINT('',(0.,0.,0.0914685749999995));
#13165=CARTESIAN_POINT('',(0.0150116043632806,0.0143830343269538,0.0914685749999995));
#13166=CARTESIAN_POINT('',(0.,0.,0.0914685749999995));
#13167=CARTESIAN_POINT('',(0.0159638405875326,0.0133182482221142,0.0914685749999995));
#13168=CARTESIAN_POINT('',(0.0160246910706415,0.0132449695394328,0.0915638249999995));
#13169=CARTESIAN_POINT('',(0.0160246910706415,0.0132449695394328,0.0915134768770796));
#13170=CARTESIAN_POINT('',(0.0159961167331775,0.0132795606083033,0.0914685749999995));
#13171=CARTESIAN_POINT('',(0.0159638405875326,0.0133182482221142,0.0914685749999995));
#13172=CARTESIAN_POINT('',(0.0160246910706414,0.0132449695394328,0.0915638249999995));
#13173=CARTESIAN_POINT('',(0.0160246910706414,0.0132449695394328,0.0635));
#13174=CARTESIAN_POINT('',(0.0160246910706415,0.0132449695394327,0.092611575));
#13175=CARTESIAN_POINT('',(0.0150116043632806,0.0143830343269539,0.092611575));
#13176=CARTESIAN_POINT('',(0.0150116043632806,0.0143830343269539,0.0928128322688825));
#13177=CARTESIAN_POINT('',(0.0151266864697244,0.0142642724727583,0.0932080462618369));
#13178=CARTESIAN_POINT('',(0.0155310072415241,0.0138257974037003,0.0934563452690647));
#13179=CARTESIAN_POINT('',(0.0159201503229233,0.0133729242518233,0.0932080219290179));
#13180=CARTESIAN_POINT('',(0.0160246910706415,0.0132449695394327,0.0928129003317565));
#13181=CARTESIAN_POINT('',(0.0160246910706415,0.0132449695394327,0.092611575));
#13182=CARTESIAN_POINT('',(0.0150116043632806,0.0143830343269539,0.092611575));
#13183=CARTESIAN_POINT('',(0.0150116043632806,0.0143830343269539,0.0635));
#13184=CARTESIAN_POINT('',(0.,0.,0.0635));
#13185=CARTESIAN_POINT('',(0.0150116043632805,0.0143830343269539,0.0983615));
#13186=CARTESIAN_POINT('',(0.0150116043632805,0.0143830343269539,0.0985627572688822));
#13187=CARTESIAN_POINT('',(0.0151266864697238,0.014264272472759,0.0989579712618359));
#13188=CARTESIAN_POINT('',(0.0155310072415237,0.0138257974037008,0.0992062702690648));
#13189=CARTESIAN_POINT('',(0.0159201503229232,0.0133729242518234,0.0989579469290181));
#13190=CARTESIAN_POINT('',(0.0160246910706415,0.0132449695394328,0.0985628253317565));
#13191=CARTESIAN_POINT('',(0.0160246910706415,0.0132449695394328,0.0983615));
#13192=CARTESIAN_POINT('',(0.0150116043632806,0.0143830343269539,0.0983615));
#13193=CARTESIAN_POINT('',(0.0160246910706414,0.0132449695394328,0.0983615));
#13194=CARTESIAN_POINT('',(0.0150116043632806,0.0143830343269539,0.0635));
#13195=CARTESIAN_POINT('',(0.0150116043632806,0.0143830343269538,0.09756775));
#13196=CARTESIAN_POINT('',(0.0149455504284813,0.01445165957251,0.0974725));
#13197=CARTESIAN_POINT('',(0.0149805294943237,0.0144154850840462,0.0974725));
#13198=CARTESIAN_POINT('',(0.0150116043632806,0.0143830343269538,0.0975173581538404));
#13199=CARTESIAN_POINT('',(0.0150116043632806,0.0143830343269538,0.09756775));
#13200=CARTESIAN_POINT('',(0.0149455504284813,0.01445165957251,0.0974725));
#13201=CARTESIAN_POINT('',(0.,0.,0.0974725));
#13202=CARTESIAN_POINT('',(0.0139414568038278,0.0154225719060409,0.0974725));
#13203=CARTESIAN_POINT('',(0.0138706514221204,0.0154862833222187,0.09756775));
#13204=CARTESIAN_POINT('',(0.0138706514221204,0.0154862833222187,0.0975174297455098));
#13205=CARTESIAN_POINT('',(0.0139040746185756,0.0154563640727497,0.0974725));
#13206=CARTESIAN_POINT('',(0.0139414568038278,0.0154225719060409,0.0974725));
#13207=CARTESIAN_POINT('',(0.0138706514221204,0.0154862833222187,0.09756775));
#13208=CARTESIAN_POINT('',(0.0138706514221204,0.0154862833222187,0.0635));
#13209=CARTESIAN_POINT('',(0.0138706514221204,0.0154862833222187,0.0983819436024392));
#13210=CARTESIAN_POINT('',(0.0133095644638688,0.0159710812342846,0.0991235));
#13211=CARTESIAN_POINT('',(0.0136103327600191,0.0157204347709941,0.0991235));
#13212=CARTESIAN_POINT('',(0.0138706514221204,0.0154862833222187,0.0987734197578742));
#13213=CARTESIAN_POINT('',(0.0138706514221204,0.0154862833222187,0.0983819436024392));
#13214=CARTESIAN_POINT('',(0.0133095644638688,0.0159710812342846,0.0991235));
#13215=CARTESIAN_POINT('',(0.,0.,0.0991235));
#13216=CARTESIAN_POINT('',(0.0119579723187112,0.017006670457057,0.0991235));
#13217=CARTESIAN_POINT('',(0.0118799301503567,0.0170612778429004,0.09921875));
#13218=CARTESIAN_POINT('',(0.0118799301503567,0.0170612778429004,0.0991684297455098));
#13219=CARTESIAN_POINT('',(0.0119167504972522,0.017035654931189,0.0991235));
#13220=CARTESIAN_POINT('',(0.0119579723187112,0.017006670457057,0.0991235));
#13221=CARTESIAN_POINT('',(0.0118799301503567,0.0170612778429004,0.09921875));
#13222=CARTESIAN_POINT('',(0.0118799301503567,0.0170612778429004,0.0635));
#13223=CARTESIAN_POINT('',(0.0118799301503568,0.0170612778429004,0.10061575));
#13224=CARTESIAN_POINT('',(0.0119579723187112,0.017006670457057,0.100711));
#13225=CARTESIAN_POINT('',(0.0119168090569632,0.0170356137558511,0.100711));
#13226=CARTESIAN_POINT('',(0.0118799301503568,0.0170612778429004,0.10066614184616));
#13227=CARTESIAN_POINT('',(0.0118799301503568,0.0170612778429004,0.10061575));
#13228=CARTESIAN_POINT('',(0.0119579723187112,0.017006670457057,0.100711));
#13229=CARTESIAN_POINT('',(0.,0.,0.100711));
#13230=CARTESIAN_POINT('',(0.0133095644638688,0.0159710812342846,0.100711));
#13231=CARTESIAN_POINT('',(0.0145199814693712,0.0148791827779322,0.0999204559915797));
#13232=CARTESIAN_POINT('',(0.01423395194254,0.0151583072091101,0.10040624287777));
#13233=CARTESIAN_POINT('',(0.0137934512648713,0.0155678322321237,0.100711));
#13234=CARTESIAN_POINT('',(0.0133095644638688,0.0159710812342846,0.100711));
#13235=CARTESIAN_POINT('',(0.0145199814693712,0.0148791827779322,0.0999204559915797));
#13236=CARTESIAN_POINT('',(0.0156411275001951,0.0136958049245979,0.100711));
#13237=CARTESIAN_POINT('',(0.01522696142498,0.0141687982553557,0.100711));
#13238=CARTESIAN_POINT('',(0.0148056444411819,0.0146004160526973,0.100405620328853));
#13239=CARTESIAN_POINT('',(0.0145199814693712,0.0148791827779322,0.0999204559915797));
#13240=CARTESIAN_POINT('',(0.0156411275001951,0.0136958049245979,0.100711));
#13241=CARTESIAN_POINT('',(0.0169883886094327,0.0119839306767394,0.0983615));
#13242=CARTESIAN_POINT('',(0.0169883886094327,0.0119839306767394,0.0989575594017686));
#13243=CARTESIAN_POINT('',(0.0167483528025298,0.0123380499771648,0.100147996341054));
#13244=CARTESIAN_POINT('',(0.0160342377513211,0.0132468581417438,0.100711));
#13245=CARTESIAN_POINT('',(0.0156411275001951,0.0136958049245979,0.100711));
#13246=CARTESIAN_POINT('',(0.0169883886094327,0.0119839306767394,0.0983615));
#13247=CARTESIAN_POINT('',(0.0169883886094327,0.0119839306767394,0.0635));
#13248=CARTESIAN_POINT('',(0.0169883886094327,0.0119839306767394,0.09572625));
#13249=CARTESIAN_POINT('',(0.0169333055064698,0.012061637808961,0.095631));
#13250=CARTESIAN_POINT('',(0.0169624997191462,0.012020652121105,0.095631));
#13251=CARTESIAN_POINT('',(0.0169883886094327,0.0119839306767394,0.0956758581538403));
#13252=CARTESIAN_POINT('',(0.0169883886094327,0.0119839306767394,0.09572625));
#13253=CARTESIAN_POINT('',(0.0169333055064698,0.012061637808961,0.095631));
#13254=CARTESIAN_POINT('',(0.,0.,0.095631));
#13255=CARTESIAN_POINT('',(0.0134155179997577,0.0158821855803342,0.095631));
#13256=CARTESIAN_POINT('',(0.0133426124015234,0.0159434825653842,0.09572625));
#13257=CARTESIAN_POINT('',(0.0133426124015234,0.0159434825653842,0.0956759297455098));
#13258=CARTESIAN_POINT('',(0.0133770217744075,0.0159147029439865,0.095631));
#13259=CARTESIAN_POINT('',(0.0134155179997577,0.0158821855803342,0.095631));
#13260=CARTESIAN_POINT('',(0.0133426124015234,0.0159434825653843,0.09572625));
#13261=CARTESIAN_POINT('',(0.0133426124015234,0.0159434825653843,0.0635));
#13262=CARTESIAN_POINT('',(0.0133426124015234,0.0159434825653842,0.09712325));
#13263=CARTESIAN_POINT('',(0.0134155179997577,0.0158821855803342,0.0972185));
#13264=CARTESIAN_POINT('',(0.0133770764621372,0.0159146567498265,0.0972185));
#13265=CARTESIAN_POINT('',(0.0133426124015234,0.0159434825653842,0.0971736418461597));
#13266=CARTESIAN_POINT('',(0.0133426124015234,0.0159434825653842,0.09712325));
#13267=CARTESIAN_POINT('',(0.0134155179997577,0.0158821855803342,0.0972185));
#13268=CARTESIAN_POINT('',(0.,0.,0.0972185));
#13269=CARTESIAN_POINT('',(0.0159638405875326,0.0133182482221142,0.0972185));
#13270=CARTESIAN_POINT('',(0.0160246910706415,0.0132449695394328,0.09731375));
#13271=CARTESIAN_POINT('',(0.0160246910706415,0.0132449695394328,0.0972634018770801));
#13272=CARTESIAN_POINT('',(0.0159961167331775,0.0132795606083032,0.0972185));
#13273=CARTESIAN_POINT('',(0.0159638405875326,0.0133182482221142,0.0972185));
#13274=CARTESIAN_POINT('',(0.0160246910706414,0.0132449695394328,0.09731375));
#13275=CARTESIAN_POINT('',(0.0160246910706414,0.0132449695394328,0.0635));
#13276=CARTESIAN_POINT('',(0.,0.,0.0635));
#13277=CARTESIAN_POINT('',(0.0130994948268258,0.0161756925526978,0.106427967822534));
#13278=CARTESIAN_POINT('',(0.0123099908978263,0.0167477156367508,0.104076431567029));
#13279=CARTESIAN_POINT('',(0.0130993636102231,0.0161757925841258,0.101725305909349));
#13280=CARTESIAN_POINT('',(0.0148621630397554,0.0146146923306123,0.100751547499647));
#13281=CARTESIAN_POINT('',(0.0163935502258843,0.012825804835705,0.10172525402765));
#13282=CARTESIAN_POINT('',(0.0169520788373469,0.012026999161863,0.10407630363127));
#13283=CARTESIAN_POINT('',(0.016393703841062,0.0128256001288653,0.106427519885663));
#13284=CARTESIAN_POINT('',(0.014862366508707,0.0146144891829377,0.107401440618126));
#13285=CARTESIAN_POINT('',(0.0130994948268258,0.0161756925526978,0.106427967822534));
#13286=CARTESIAN_POINT('',(0.0123099908978263,0.0167477156367508,0.104076431567029));
#13287=CARTESIAN_POINT('',(0.0130993636102231,0.0161757925841258,0.101725305909349));
#13288=CARTESIAN_POINT('',(0.0125731370047257,0.0165570579473045,0.1040765));
#13289=CARTESIAN_POINT('',(0.0141839372665923,0.0152047545590152,0.103182169849619));
#13290=CARTESIAN_POINT('',(0.0139080737032703,0.0154517551101654,0.104075760651486));
#13291=CARTESIAN_POINT('',(0.0141851947659661,0.0152036152573547,0.104973787544435));
#13292=CARTESIAN_POINT('',(0.0148306542935269,0.0145807529074142,0.105343060184116));
#13293=CARTESIAN_POINT('',(0.0154410242859484,0.0139263458834796,0.104970969399058));
#13294=CARTESIAN_POINT('',(0.0156832364327362,0.0136465202961593,0.10407524361714));
#13295=CARTESIAN_POINT('',(0.0154394838291954,0.0139280919220388,0.103179492053627));
#13296=CARTESIAN_POINT('',(0.0148282212574229,0.0145832172221353,0.102809834682562));
#13297=CARTESIAN_POINT('',(0.0141839372665923,0.0152047545590152,0.103182169849619));
#13298=CARTESIAN_POINT('',(0.0139080737032703,0.0154517551101654,0.104075760651486));
#13299=CARTESIAN_POINT('',(0.0141851947659661,0.0152036152573547,0.104973787544435));
#13300=CARTESIAN_POINT('',(0.0140002378076066,0.0153692317095053,0.1040765));
#13301=CARTESIAN_POINT('',(0.,0.,0.0635));
#13302=CARTESIAN_POINT('',(0.,0.,0.0635));
#13303=CARTESIAN_POINT('',(0.0151645024294183,0.0142217371680877,0.1092835));
#13304=CARTESIAN_POINT('',(0.0151989249867931,0.0141850327241251,0.1092835));
#13305=CARTESIAN_POINT('',(0.0152295006685741,0.0141521111992487,0.10932835815384));
#13306=CARTESIAN_POINT('',(0.0152295006685741,0.0141521111992487,0.10937875));
#13307=CARTESIAN_POINT('',(0.0151645024294183,0.0142217371680877,0.1092835));
#13308=CARTESIAN_POINT('',(0.0152295006685741,0.0141521111992487,0.10937875));
#13309=CARTESIAN_POINT('',(0.,0.,0.1092835));
#13310=CARTESIAN_POINT('',(0.0144972412978184,0.0149013400995624,0.1092835));
#13311=CARTESIAN_POINT('',(0.0144288181250643,0.0149676033326587,0.10937875));
#13312=CARTESIAN_POINT('',(0.0144288181250643,0.0149676033326587,0.10932842974551));
#13313=CARTESIAN_POINT('',(0.0144611225065103,0.01493647941116,0.1092835));
#13314=CARTESIAN_POINT('',(0.0144972412978184,0.0149013400995624,0.1092835));
#13315=CARTESIAN_POINT('',(0.0144288181250643,0.0149676033326587,0.10937875));
#13316=CARTESIAN_POINT('',(0.0144288181250643,0.0149676033326587,0.0635));
#13317=CARTESIAN_POINT('',(0.0144288181250643,0.0149676033326587,0.11026775));
#13318=CARTESIAN_POINT('',(0.0131468324209957,0.0161053015899813,0.11026775));
#13319=CARTESIAN_POINT('',(0.0131468324209957,0.0161053015899813,0.110494188282462));
#13320=CARTESIAN_POINT('',(0.0132917233893097,0.0159885542655385,0.110938868940291));
#13321=CARTESIAN_POINT('',(0.0138024211331146,0.0155530214587283,0.111218073814187));
#13322=CARTESIAN_POINT('',(0.0142957284756005,0.0150975491464762,0.110938835631224));
#13323=CARTESIAN_POINT('',(0.0144288181250643,0.0149676033326587,0.110494216731569));
#13324=CARTESIAN_POINT('',(0.0144288181250643,0.0149676033326587,0.11026775));
#13325=CARTESIAN_POINT('',(0.0131468324209957,0.0161053015899814,0.11026775));
#13326=CARTESIAN_POINT('',(0.0131468324209957,0.0161053015899814,0.0635));
#13327=CARTESIAN_POINT('',(0.0131468324209957,0.0161053015899813,0.10937875));
#13328=CARTESIAN_POINT('',(0.0130729074287553,0.0161653652408226,0.1092835));
#13329=CARTESIAN_POINT('',(0.0131120343796973,0.016133723332334,0.1092835));
#13330=CARTESIAN_POINT('',(0.0131468324209957,0.0161053015899813,0.10932835815384));
#13331=CARTESIAN_POINT('',(0.0131468324209957,0.0161053015899813,0.10937875));
#13332=CARTESIAN_POINT('',(0.0130729074287553,0.0161653652408226,0.1092835));
#13333=CARTESIAN_POINT('',(0.,0.,0.1092835));
#13334=CARTESIAN_POINT('',(0.0119579723187112,0.017006670457057,0.1092835));
#13335=CARTESIAN_POINT('',(0.0118799301503567,0.0170612778429004,0.10937875));
#13336=CARTESIAN_POINT('',(0.0118799301503567,0.0170612778429004,0.10932842974551));
#13337=CARTESIAN_POINT('',(0.0119167504972522,0.017035654931189,0.1092835));
#13338=CARTESIAN_POINT('',(0.0119579723187112,0.017006670457057,0.1092835));
#13339=CARTESIAN_POINT('',(0.0118799301503567,0.0170612778429004,0.10937875));
#13340=CARTESIAN_POINT('',(0.0118799301503567,0.0170612778429004,0.0635));
#13341=CARTESIAN_POINT('',(0.0118799301503567,0.0170612778429004,0.11026775));
#13342=CARTESIAN_POINT('',(0.0150116043632806,0.0143830343269538,0.11176));
#13343=CARTESIAN_POINT('',(0.0148091619678734,0.014594323897508,0.112148214292037));
#13344=CARTESIAN_POINT('',(0.0142262577640466,0.0151842503770511,0.112741128928074));
#13345=CARTESIAN_POINT('',(0.0130660759082465,0.0161925816656957,0.112691209697083));
#13346=CARTESIAN_POINT('',(0.0121159342425676,0.0169006590376312,0.111722998578294));
#13347=CARTESIAN_POINT('',(0.0118799301503567,0.0170612778429004,0.110753893422653));
#13348=CARTESIAN_POINT('',(0.0118799301503567,0.0170612778429004,0.11026775));
#13349=CARTESIAN_POINT('',(0.0150116043632806,0.0143830343269539,0.11176));
#13350=CARTESIAN_POINT('',(0.0169883886094327,0.0119839306767394,0.1099185));
#13351=CARTESIAN_POINT('',(0.0169883886094327,0.0119839306767394,0.110310068003716));
#13352=CARTESIAN_POINT('',(0.0168976854322902,0.0121136944852854,0.111090750606898));
#13353=CARTESIAN_POINT('',(0.016466801971419,0.0127046942901445,0.112062802645238));
#13354=CARTESIAN_POINT('',(0.0157071448916691,0.0136389042278933,0.112413939415493));
#13355=CARTESIAN_POINT('',(0.0152061229347923,0.0141800148687181,0.112032696544118));
#13356=CARTESIAN_POINT('',(0.0150116043632806,0.0143830343269539,0.11176));
#13357=CARTESIAN_POINT('',(0.0169883886094327,0.0119839306767394,0.1099185));
#13358=CARTESIAN_POINT('',(0.0169883886094327,0.0119839306767394,0.0635));
#13359=CARTESIAN_POINT('',(0.0169883886094328,0.0119839306767394,0.10753725));
#13360=CARTESIAN_POINT('',(0.0169333055064698,0.012061637808961,0.107442));
#13361=CARTESIAN_POINT('',(0.0169624997191463,0.012020652121105,0.107442));
#13362=CARTESIAN_POINT('',(0.0169883886094328,0.0119839306767394,0.10748685815384));
#13363=CARTESIAN_POINT('',(0.0169883886094328,0.0119839306767394,0.10753725));
#13364=CARTESIAN_POINT('',(0.0169333055064698,0.012061637808961,0.107442));
#13365=CARTESIAN_POINT('',(0.,0.,0.107442));
#13366=CARTESIAN_POINT('',(0.0130482047083492,0.0161853111152987,0.107442));
#13367=CARTESIAN_POINT('',(0.0129739141847474,0.0162449220600411,0.10753725));
#13368=CARTESIAN_POINT('',(0.0129739141847474,0.0162449220600411,0.10748692974551));
#13369=CARTESIAN_POINT('',(0.013008973748548,0.0162169381622393,0.107442));
#13370=CARTESIAN_POINT('',(0.0130482047083492,0.0161853111152987,0.107442));
#13371=CARTESIAN_POINT('',(0.0129739141847474,0.0162449220600411,0.10753725));
#13372=CARTESIAN_POINT('',(0.0129739141847474,0.0162449220600411,0.0635));
#13373=CARTESIAN_POINT('',(0.0129739141847474,0.0162449220600411,0.10893425));
#13374=CARTESIAN_POINT('',(0.0130482047083492,0.0161853111152987,0.1090295));
#13375=CARTESIAN_POINT('',(0.0130090294800413,0.016216893232863,0.1090295));
#13376=CARTESIAN_POINT('',(0.0129739141847474,0.0162449220600411,0.10898464184616));
#13377=CARTESIAN_POINT('',(0.0129739141847474,0.0162449220600411,0.10893425));
#13378=CARTESIAN_POINT('',(0.0130482047083492,0.0161853111152987,0.1090295));
#13379=CARTESIAN_POINT('',(0.,0.,0.1090295));
#13380=CARTESIAN_POINT('',(0.0159638405875326,0.0133182482221142,0.1090295));
#13381=CARTESIAN_POINT('',(0.0160246910706415,0.0132449695394328,0.10912475));
#13382=CARTESIAN_POINT('',(0.0160246910706415,0.0132449695394328,0.10907440187708));
#13383=CARTESIAN_POINT('',(0.0159961167331775,0.0132795606083032,0.1090295));
#13384=CARTESIAN_POINT('',(0.0159638405875326,0.0133182482221142,0.1090295));
#13385=CARTESIAN_POINT('',(0.0160246910706415,0.0132449695394328,0.10912475));
#13386=CARTESIAN_POINT('',(0.0160246910706415,0.0132449695394328,0.0635));
#13387=CARTESIAN_POINT('',(0.0160246910706415,0.0132449695394328,0.1099185));
#13388=CARTESIAN_POINT('',(0.0152295006685741,0.0141521111992487,0.1099185));
#13389=CARTESIAN_POINT('',(0.0152295006685741,0.0141521111992487,0.110077860523041));
#13390=CARTESIAN_POINT('',(0.0153188201251051,0.0140568525617317,0.110390253038291));
#13391=CARTESIAN_POINT('',(0.0156350095250229,0.0137061052326857,0.110587377846725));
#13392=CARTESIAN_POINT('',(0.0159418015658929,0.0133461801657548,0.110390733033339));
#13393=CARTESIAN_POINT('',(0.0160246910706415,0.0132449695394328,0.110077922092561));
#13394=CARTESIAN_POINT('',(0.0160246910706415,0.0132449695394328,0.1099185));
#13395=CARTESIAN_POINT('',(0.0152295006685741,0.0141521111992487,0.1099185));
#13396=CARTESIAN_POINT('',(0.0152295006685741,0.0141521111992487,0.0635));
#13397=CARTESIAN_POINT('',(0.,0.,0.0635));
#13398=CARTESIAN_POINT('',(0.0131468324209957,0.0161053015899814,0.0635));
#13399=CARTESIAN_POINT('',(0.0131468324209957,0.0161053015899814,0.115220750000001));
#13400=CARTESIAN_POINT('',(0.0131468324209957,0.0161053015899813,0.11712575));
#13401=CARTESIAN_POINT('',(0.0136325391058208,0.0156962995492016,0.114585750000001));
#13402=CARTESIAN_POINT('',(0.0133794336185155,0.0159161265500034,0.114585750000001));
#13403=CARTESIAN_POINT('',(0.0131468324209957,0.0161053015899814,0.114885440527394));
#13404=CARTESIAN_POINT('',(0.0131468324209957,0.0161053015899814,0.115220750000001));
#13405=CARTESIAN_POINT('',(0.0136325391058208,0.0156962995492016,0.11458575));
#13406=CARTESIAN_POINT('',(0.0141055287623274,0.0152726553141604,0.1156335));
#13407=CARTESIAN_POINT('',(0.0141055287623274,0.0152726553141604,0.115409329690412));
#13408=CARTESIAN_POINT('',(0.014055608412774,0.0153194287686536,0.114972344071803));
#13409=CARTESIAN_POINT('',(0.013803872058224,0.0155474935732179,0.11458575));
#13410=CARTESIAN_POINT('',(0.0136325391058208,0.0156962995492016,0.11458575));
#13411=CARTESIAN_POINT('',(0.0141055287623274,0.0152726553141604,0.1156335));
#13412=CARTESIAN_POINT('',(0.0141055287623274,0.0152726553141604,0.0635));
#13413=CARTESIAN_POINT('',(0.0141055287623274,0.0152726553141604,0.1172845));
#13414=CARTESIAN_POINT('',(0.0141753529346072,0.0152078700411768,0.11737975));
#13415=CARTESIAN_POINT('',(0.0141385435228698,0.0152421803292895,0.11737975));
#13416=CARTESIAN_POINT('',(0.0141055287623274,0.0152726553141604,0.11733489184616));
#13417=CARTESIAN_POINT('',(0.0141055287623274,0.0152726553141604,0.1172845));
#13418=CARTESIAN_POINT('',(0.0141753529346072,0.0152078700411768,0.11737975));
#13419=CARTESIAN_POINT('',(0.,0.,0.11737975));
#13420=CARTESIAN_POINT('',(0.015120993345665,0.0142679887247767,0.11737975));
#13421=CARTESIAN_POINT('',(0.0151862039446143,0.01419856160893,0.1172845));
#13422=CARTESIAN_POINT('',(0.0151862039446143,0.01419856160893,0.11733482025449));
#13423=CARTESIAN_POINT('',(0.0151555769806733,0.0142313375243226,0.11737975));
#13424=CARTESIAN_POINT('',(0.015120993345665,0.0142679887247767,0.11737975));
#13425=CARTESIAN_POINT('',(0.0151862039446143,0.01419856160893,0.1172845));
#13426=CARTESIAN_POINT('',(0.0151862039446143,0.01419856160893,0.0635));
#13427=CARTESIAN_POINT('',(0.0151862039446143,0.01419856160893,0.115411250000001));
#13428=CARTESIAN_POINT('',(0.0160246910706415,0.0132449695394328,0.115411250000001));
#13429=CARTESIAN_POINT('',(0.0160246910706415,0.0132449695394328,0.115243531933459));
#13430=CARTESIAN_POINT('',(0.0159374608607466,0.013351523922881,0.114914353403569));
#13431=CARTESIAN_POINT('',(0.0156147927173432,0.0137294889560026,0.114707225354956));
#13432=CARTESIAN_POINT('',(0.0152806776115598,0.0140984729219917,0.114914246650936));
#13433=CARTESIAN_POINT('',(0.0151862039446143,0.01419856160893,0.115243458028218));
#13434=CARTESIAN_POINT('',(0.0151862039446143,0.01419856160893,0.115411250000001));
#13435=CARTESIAN_POINT('',(0.0160246910706415,0.0132449695394328,0.115411250000001));
#13436=CARTESIAN_POINT('',(0.0160246910706415,0.0132449695394328,0.0635));
#13437=CARTESIAN_POINT('',(0.0160246910706415,0.0132449695394328,0.1172845));
#13438=CARTESIAN_POINT('',(0.0160852051862143,0.0131714128371782,0.11737975));
#13439=CARTESIAN_POINT('',(0.0160533248534015,0.013210345767232,0.11737975));
#13440=CARTESIAN_POINT('',(0.0160246910706415,0.0132449695394328,0.11733489184616));
#13441=CARTESIAN_POINT('',(0.0160246910706415,0.0132449695394328,0.1172845));
#13442=CARTESIAN_POINT('',(0.0160852051862143,0.0131714128371782,0.11737975));
#13443=CARTESIAN_POINT('',(0.,0.,0.11737975));
#13444=CARTESIAN_POINT('',(0.0169333055064698,0.012061637808961,0.11737975));
#13445=CARTESIAN_POINT('',(0.0169883886094327,0.0119839306767394,0.1172845));
#13446=CARTESIAN_POINT('',(0.0169883886094327,0.0119839306767394,0.11733482025449));
#13447=CARTESIAN_POINT('',(0.0169625412514395,0.0120205938140143,0.11737975));
#13448=CARTESIAN_POINT('',(0.0169333055064698,0.012061637808961,0.11737975));
#13449=CARTESIAN_POINT('',(0.0169883886094327,0.0119839306767394,0.1172845));
#13450=CARTESIAN_POINT('',(0.0169883886094327,0.0119839306767394,0.0635));
#13451=CARTESIAN_POINT('',(0.0169883886094328,0.0119839306767394,0.1156335));
#13452=CARTESIAN_POINT('',(0.0146782114954898,0.0147231127586414,0.11376025));
#13453=CARTESIAN_POINT('',(0.01490202010266,0.0144999867034106,0.113463618496821));
#13454=CARTESIAN_POINT('',(0.0154673804742269,0.0139140589728227,0.113056505060323));
#13455=CARTESIAN_POINT('',(0.0163295186016148,0.0128854772125864,0.113338497418411));
#13456=CARTESIAN_POINT('',(0.0168712142397015,0.0121526199018457,0.114335917718395));
#13457=CARTESIAN_POINT('',(0.0169883886094328,0.0119839306767394,0.115200207508218));
#13458=CARTESIAN_POINT('',(0.0169883886094328,0.0119839306767394,0.1156335));
#13459=CARTESIAN_POINT('',(0.0146782114954898,0.0147231127586414,0.11376025));
#13460=CARTESIAN_POINT('',(0.0118799301503567,0.0170612778429004,0.1146175));
#13461=CARTESIAN_POINT('',(0.0118799301503567,0.0170612778429004,0.11421427977261));
#13462=CARTESIAN_POINT('',(0.0121767529850075,0.0168582548818361,0.113436230207561));
#13463=CARTESIAN_POINT('',(0.0130783409652078,0.0161771413733891,0.112874228776601));
#13464=CARTESIAN_POINT('',(0.014020129889726,0.0153664508470354,0.112949998376948));
#13465=CARTESIAN_POINT('',(0.0145160564662343,0.0148847732616538,0.11342861445641));
#13466=CARTESIAN_POINT('',(0.0146782114954898,0.0147231127586414,0.11376025));
#13467=CARTESIAN_POINT('',(0.0118799301503567,0.0170612778429004,0.1146175));
#13468=CARTESIAN_POINT('',(0.0118799301503567,0.0170612778429004,0.0635));
#13469=CARTESIAN_POINT('',(0.0118799301503567,0.0170612778429004,0.11712575));
#13470=CARTESIAN_POINT('',(0.0119579723187112,0.017006670457057,0.117221));
#13471=CARTESIAN_POINT('',(0.0119168090569632,0.0170356137558511,0.117221));
#13472=CARTESIAN_POINT('',(0.0118799301503567,0.0170612778429004,0.11717614184616));
#13473=CARTESIAN_POINT('',(0.0118799301503567,0.0170612778429004,0.11712575));
#13474=CARTESIAN_POINT('',(0.0119579723187112,0.017006670457057,0.117221));
#13475=CARTESIAN_POINT('',(0.,0.,0.117221));
#13476=CARTESIAN_POINT('',(0.0130729074287553,0.0161653652408226,0.117221));
#13477=CARTESIAN_POINT('',(0.0131468324209957,0.0161053015899813,0.11712575));
#13478=CARTESIAN_POINT('',(0.0131468324209957,0.0161053015899813,0.11717607025449));
#13479=CARTESIAN_POINT('',(0.0131120900425103,0.0161336783178979,0.117221));
#13480=CARTESIAN_POINT('',(0.0130729074287553,0.0161653652408226,0.117221));
#13481=CARTESIAN_POINT('',(0.,0.,0.0635));
#13482=CARTESIAN_POINT('',(0.0163631197344792,-0.0128245177127679,0.0536311621634923));
#13483=CARTESIAN_POINT('',(0.0158473699853303,-0.0134825755896695,0.0550793037032734));
#13484=CARTESIAN_POINT('',(0.0152918805781641,-0.0141094779622163,0.0565274370617951));
#13485=CARTESIAN_POINT('',(0.0147006792701902,-0.0147006792701902,0.0579755786015769));
#13486=CARTESIAN_POINT('',(0.0163631197344792,-0.0128245177127679,0.0536311621634923));
#13487=CARTESIAN_POINT('',(0.0147006792701902,-0.0147006792701902,0.0579755786015769));
#13488=CARTESIAN_POINT('',(0.017981897304758,-0.0104341416192775,0.0586354899592607));
#13489=CARTESIAN_POINT('',(0.0174985392017226,-0.011267146967235,0.0569673775840441));
#13490=CARTESIAN_POINT('',(0.0169572112065115,-0.0120665016915947,0.0552992745387099));
#13491=CARTESIAN_POINT('',(0.0163631197344792,-0.0128245177127679,0.0536311621634923));
#13492=CARTESIAN_POINT('',(0.017981897304758,-0.0104341416192775,0.0586354899592607));
#13493=CARTESIAN_POINT('',(0.,0.,0.0586354899592607));
#13494=CARTESIAN_POINT('',(0.0149676033326587,-0.0144288181250643,0.0586354899592607));
#13495=CARTESIAN_POINT('',(0.0165953836400443,-0.0125225070912237,0.0629799063973453));
#13496=CARTESIAN_POINT('',(0.0160917795252024,-0.0131899056742411,0.0615317648575642));
#13497=CARTESIAN_POINT('',(0.0155478714951887,-0.0138268822209564,0.0600836314990425));
#13498=CARTESIAN_POINT('',(0.0149676033326587,-0.0144288181250643,0.0586354899592607));
#13499=CARTESIAN_POINT('',(0.0165953836400443,-0.0125225070912237,0.0629799063973453));
#13500=CARTESIAN_POINT('',(0.,0.,0.0629799063973453));
#13501=CARTESIAN_POINT('',(0.0125225070912237,-0.0165953836400443,0.0629799063973453));
#13502=CARTESIAN_POINT('',(0.0144288181250643,-0.0149676033326587,0.0586354899592607));
#13503=CARTESIAN_POINT('',(0.0138268822209567,-0.0155478714951884,0.0600836314990418));
#13504=CARTESIAN_POINT('',(0.0131899056742414,-0.0160917795252021,0.0615317648575634));
#13505=CARTESIAN_POINT('',(0.0125225070912237,-0.0165953836400443,0.0629799063973453));
#13506=CARTESIAN_POINT('',(0.0144288181250643,-0.0149676033326587,0.0586354899592607));
#13507=CARTESIAN_POINT('',(0.,0.,0.0586354899592607));
#13508=CARTESIAN_POINT('',(0.0104341416192775,-0.017981897304758,0.0586354899592607));
#13509=CARTESIAN_POINT('',(0.0128245177127679,-0.0163631197344792,0.0536311621634923));
#13510=CARTESIAN_POINT('',(0.0120665016915952,-0.0169572112065111,0.0552992745387089));
#13511=CARTESIAN_POINT('',(0.0112671469672355,-0.0174985392017223,0.0569673775840431));
#13512=CARTESIAN_POINT('',(0.0104341416192775,-0.017981897304758,0.0586354899592607));
#13513=CARTESIAN_POINT('',(0.0128245177127679,-0.0163631197344792,0.0536311621634923));
#13514=CARTESIAN_POINT('',(0.0147006792701902,-0.0147006792701902,0.0579755786015769));
#13515=CARTESIAN_POINT('',(0.0141094779622166,-0.0152918805781638,0.0565274370617958));
#13516=CARTESIAN_POINT('',(0.0134825755896698,-0.0158473699853301,0.0550793037032742));
#13517=CARTESIAN_POINT('',(0.0128245177127679,-0.0163631197344792,0.0536311621634923));
#13518=CARTESIAN_POINT('',(0.,0.,0.0635));
#13519=CARTESIAN_POINT('',(0.,0.,0.066802));
#13520=CARTESIAN_POINT('',(0.0162063276842139,-0.0130220921898857,0.066802));
#13521=CARTESIAN_POINT('',(0.0151641493691214,-0.0142221136235433,0.066802));
#13522=CARTESIAN_POINT('',(0.0162631256604389,-0.012951088207667,0.0668688779410836));
#13523=CARTESIAN_POINT('',(0.0162555924774772,-0.0129605478838861,0.0668301233416386));
#13524=CARTESIAN_POINT('',(0.0162317561660672,-0.0129904457921013,0.066802));
#13525=CARTESIAN_POINT('',(0.0162063276842139,-0.0130220921898857,0.066802));
#13526=CARTESIAN_POINT('',(0.0162631256604389,-0.012951088207667,0.0668688779410836));
#13527=CARTESIAN_POINT('',(0.0134791201781387,-0.0158282425187794,0.0696132314143758));
#13528=CARTESIAN_POINT('',(0.0138086895278975,-0.0155475856570236,0.0699235250927906));
#13529=CARTESIAN_POINT('',(0.0145931944440731,-0.0148393297138934,0.0702663008554021));
#13530=CARTESIAN_POINT('',(0.0156877242845049,-0.0136662340754612,0.0698045327234874));
#13531=CARTESIAN_POINT('',(0.0163451183735022,-0.0128501500787034,0.0684941971406219));
#13532=CARTESIAN_POINT('',(0.0163619531812727,-0.0128269871001571,0.0673772979333195));
#13533=CARTESIAN_POINT('',(0.0162631256604389,-0.012951088207667,0.0668688779410836));
#13534=CARTESIAN_POINT('',(0.0134791201781386,-0.0158282425187793,0.0696132314143758));
#13535=CARTESIAN_POINT('',(0.0128319033617177,-0.0163573285754594,0.0690139665027705));
#13536=CARTESIAN_POINT('',(0.013051161892676,-0.016185325899869,0.0692137239277184));
#13537=CARTESIAN_POINT('',(0.0132669536751361,-0.0160089206824071,0.0694134739894279));
#13538=CARTESIAN_POINT('',(0.0134791201781386,-0.0158282425187794,0.0696132314143758));
#13539=CARTESIAN_POINT('',(0.0128319033617176,-0.0163573285754594,0.0690139665027706));
#13540=CARTESIAN_POINT('',(0.0120583659098342,-0.0169356356123574,0.0687089234916756));
#13541=CARTESIAN_POINT('',(0.0123369397434888,-0.0167372878623231,0.0687233577155745));
#13542=CARTESIAN_POINT('',(0.0126130183667529,-0.0165290382216745,0.0688145493910883));
#13543=CARTESIAN_POINT('',(0.0128319033617176,-0.0163573285754594,0.0690139665027706));
#13544=CARTESIAN_POINT('',(0.0120583659098342,-0.0169356356123574,0.0687089234916752));
#13545=CARTESIAN_POINT('',(0.0119839306767394,-0.0169883886094328,0.0686137582260443));
#13546=CARTESIAN_POINT('',(0.0119839306767394,-0.0169883886094328,0.0686627171163171));
#13547=CARTESIAN_POINT('',(0.0120184603352203,-0.0169640488370837,0.0687068557956911));
#13548=CARTESIAN_POINT('',(0.0120583659098342,-0.0169356356123574,0.0687089234916752));
#13549=CARTESIAN_POINT('',(0.0119839306767394,-0.0169883886094327,0.0686137582260443));
#13550=CARTESIAN_POINT('',(0.0119839306767394,-0.0169883886094327,0.0635));
#13551=CARTESIAN_POINT('',(0.0119839306767394,-0.0169883886094328,0.0672159971566502));
#13552=CARTESIAN_POINT('',(0.012063669199416,-0.0169318583580498,0.067120779817293));
#13553=CARTESIAN_POINT('',(0.0120220101342149,-0.0169615397533884,0.0671194399435584));
#13554=CARTESIAN_POINT('',(0.0119839306767394,-0.0169883886094328,0.0671647597287595));
#13555=CARTESIAN_POINT('',(0.0119839306767394,-0.0169883886094328,0.0672159971566502));
#13556=CARTESIAN_POINT('',(0.012063669199416,-0.0169318583580498,0.0671207798172934));
#13557=CARTESIAN_POINT('',(0.0135464386435801,-0.0157706671414281,0.0677238601930513));
#13558=CARTESIAN_POINT('',(0.0131334494550718,-0.0161254100735069,0.067333606136924));
#13559=CARTESIAN_POINT('',(0.0126088722911176,-0.0165434101673254,0.0671383150956069));
#13560=CARTESIAN_POINT('',(0.012063669199416,-0.0169318583580498,0.0671207798172934));
#13561=CARTESIAN_POINT('',(0.0135464386435802,-0.015770667141428,0.0677238601930511));
#13562=CARTESIAN_POINT('',(0.014169493113308,-0.0152133299090605,0.0683231251046562));
#13563=CARTESIAN_POINT('',(0.0139655690830817,-0.0154032620382658,0.0681233676797084));
#13564=CARTESIAN_POINT('',(0.0137578333889819,-0.0155890866209288,0.0679236176179989));
#13565=CARTESIAN_POINT('',(0.0135464386435802,-0.015770667141428,0.0677238601930511));
#13566=CARTESIAN_POINT('',(0.014169556437624,-0.0152132709293888,0.068323001207869));
#13567=CARTESIAN_POINT('',(0.0151183999667187,-0.0142707366472905,0.0669651863850311));
#13568=CARTESIAN_POINT('',(0.0152362445594207,-0.0141458922380341,0.0671338979220311));
#13569=CARTESIAN_POINT('',(0.0153744106177559,-0.0139941482770137,0.0676088532356141));
#13570=CARTESIAN_POINT('',(0.0151515997091996,-0.0142389917674767,0.0683123754837818));
#13571=CARTESIAN_POINT('',(0.0146611198467931,-0.0147467840420862,0.0685954801860583));
#13572=CARTESIAN_POINT('',(0.0143138030150093,-0.0150789204646741,0.068460774026321));
#13573=CARTESIAN_POINT('',(0.014169556437624,-0.0152132709293888,0.068323001207869));
#13574=CARTESIAN_POINT('',(0.0151183999667187,-0.0142707366472905,0.0669651863850312));
#13575=CARTESIAN_POINT('',(0.0151641493691214,-0.0142221136235433,0.066802));
#13576=CARTESIAN_POINT('',(0.0151123385152261,-0.0142773562933887,0.066802));
#13577=CARTESIAN_POINT('',(0.015081313064452,-0.0143100264636365,0.0669120911396874));
#13578=CARTESIAN_POINT('',(0.0151183999667187,-0.0142707366472905,0.0669651863850312));
#13579=CARTESIAN_POINT('',(0.,0.,0.0635));
#13580=CARTESIAN_POINT('',(0.012624210000282,-0.0165492928946086,0.0754552469974202));
#13581=CARTESIAN_POINT('',(0.0144320258899679,-0.0150396305313408,0.0764294595149685));
#13582=CARTESIAN_POINT('',(0.0160146436760969,-0.0132958882933453,0.0754554149427059));
#13583=CARTESIAN_POINT('',(0.0165959905843456,-0.0125137848436112,0.0731044681460157));
#13584=CARTESIAN_POINT('',(0.0160146788665622,-0.0132958461854844,0.070753351237743));
#13585=CARTESIAN_POINT('',(0.0144321114666333,-0.0150395323956783,0.069779388928742));
#13586=CARTESIAN_POINT('',(0.0126245704906022,-0.016549019371445,0.0707530928879282));
#13587=CARTESIAN_POINT('',(0.0118190308469406,-0.0170977201021501,0.0731041771818409));
#13588=CARTESIAN_POINT('',(0.012624210000282,-0.0165492928946086,0.0754552469974202));
#13589=CARTESIAN_POINT('',(0.0144320258899679,-0.0150396305313408,0.0764294595149685));
#13590=CARTESIAN_POINT('',(0.0160146436760969,-0.0132958882933453,0.0754554149427059));
#13591=CARTESIAN_POINT('',(0.0143944928727084,-0.0150006172188862,0.07610475));
#13592=CARTESIAN_POINT('',(0.0150303322612384,-0.0143686377120204,0.072210044849619));
#13593=CARTESIAN_POINT('',(0.0152806846493861,-0.014095812384043,0.0731036356514865));
#13594=CARTESIAN_POINT('',(0.0150291776815269,-0.0143698811985052,0.0740016625444349));
#13595=CARTESIAN_POINT('',(0.0143984761304132,-0.0150076829405175,0.074370935184116));
#13596=CARTESIAN_POINT('',(0.0137366609542709,-0.0156100123796545,0.0739988443990591));
#13597=CARTESIAN_POINT('',(0.0134538971047396,-0.0158487877736334,0.0731031186171409));
#13598=CARTESIAN_POINT('',(0.0137384256825354,-0.0156084933695153,0.072207367053627));
#13599=CARTESIAN_POINT('',(0.014400969986024,-0.0150052801929423,0.0718377096825624));
#13600=CARTESIAN_POINT('',(0.0150303322612384,-0.0143686377120204,0.072210044849619));
#13601=CARTESIAN_POINT('',(0.0152806846493861,-0.014095812384043,0.0731036356514865));
#13602=CARTESIAN_POINT('',(0.0150291776815269,-0.0143698811985052,0.0740016625444349));
#13603=CARTESIAN_POINT('',(0.015197041423385,-0.0141869614077829,0.073104375));
#13604=CARTESIAN_POINT('',(0.,0.,0.0635));
#13605=CARTESIAN_POINT('',(0.,0.,0.07610475));
#13606=CARTESIAN_POINT('',(0.017006670457057,-0.0119579723187112,0.07610475));
#13607=CARTESIAN_POINT('',(0.0170612778429004,-0.0118799301503567,0.0762));
#13608=CARTESIAN_POINT('',(0.0170612778429004,-0.0118799301503567,0.0761496797455098));
#13609=CARTESIAN_POINT('',(0.017035654931189,-0.0119167504972522,0.07610475));
#13610=CARTESIAN_POINT('',(0.017006670457057,-0.0119579723187112,0.07610475));
#13611=CARTESIAN_POINT('',(0.0170612778429004,-0.0118799301503567,0.0762));
#13612=CARTESIAN_POINT('',(0.0170612778429004,-0.0118799301503567,0.0635));
#13613=CARTESIAN_POINT('',(0.0170612778429004,-0.0118799301503567,0.0805815));
#13614=CARTESIAN_POINT('',(0.017006670457057,-0.0119579723187112,0.08067675));
#13615=CARTESIAN_POINT('',(0.0170356137558511,-0.0119168090569632,0.08067675));
#13616=CARTESIAN_POINT('',(0.0170612778429004,-0.0118799301503567,0.0806318918461597));
#13617=CARTESIAN_POINT('',(0.0170612778429004,-0.0118799301503567,0.0805815));
#13618=CARTESIAN_POINT('',(0.017006670457057,-0.0119579723187112,0.08067675));
#13619=CARTESIAN_POINT('',(0.,0.,0.08067675));
#13620=CARTESIAN_POINT('',(0.0161653652408226,-0.0130729074287553,0.08067675));
#13621=CARTESIAN_POINT('',(0.0161053015899813,-0.0131468324209957,0.0805815));
#13622=CARTESIAN_POINT('',(0.0161053015899813,-0.0131468324209957,0.0806318202544902));
#13623=CARTESIAN_POINT('',(0.0161336783178979,-0.0131120900425102,0.08067675));
#13624=CARTESIAN_POINT('',(0.0161653652408226,-0.0130729074287553,0.08067675));
#13625=CARTESIAN_POINT('',(0.0161053015899814,-0.0131468324209957,0.0805815));
#13626=CARTESIAN_POINT('',(0.0161053015899814,-0.0131468324209957,0.0635));
#13627=CARTESIAN_POINT('',(0.0161053015899813,-0.0131468324209957,0.07788275));
#13628=CARTESIAN_POINT('',(0.0160448998795426,-0.0132204814536179,0.0777875));
#13629=CARTESIAN_POINT('',(0.0160769166974261,-0.013181624575432,0.0777875));
#13630=CARTESIAN_POINT('',(0.0161053015899813,-0.0131468324209957,0.0778323666716102));
#13631=CARTESIAN_POINT('',(0.0161053015899813,-0.0131468324209957,0.07788275));
#13632=CARTESIAN_POINT('',(0.0160448998795426,-0.0132204814536179,0.0777875));
#13633=CARTESIAN_POINT('',(0.,0.,0.0777875));
#13634=CARTESIAN_POINT('',(0.012061637808961,-0.0169333055064698,0.0777875));
#13635=CARTESIAN_POINT('',(0.0119839306767394,-0.0169883886094327,0.07769225));
#13636=CARTESIAN_POINT('',(0.0119839306767394,-0.0169883886094327,0.0777425702544902));
#13637=CARTESIAN_POINT('',(0.0120205938140143,-0.0169625412514395,0.0777875));
#13638=CARTESIAN_POINT('',(0.012061637808961,-0.0169333055064698,0.0777875));
#13639=CARTESIAN_POINT('',(0.0119839306767394,-0.0169883886094327,0.07769225));
#13640=CARTESIAN_POINT('',(0.0119839306767394,-0.0169883886094327,0.0635));
#13641=CARTESIAN_POINT('',(0.0119839306767394,-0.0169883886094328,0.0762));
#13642=CARTESIAN_POINT('',(0.012061637808961,-0.0169333055064698,0.07610475));
#13643=CARTESIAN_POINT('',(0.012020652121105,-0.0169624997191463,0.07610475));
#13644=CARTESIAN_POINT('',(0.0119839306767394,-0.0169883886094328,0.0761496081538404));
#13645=CARTESIAN_POINT('',(0.0119839306767394,-0.0169883886094328,0.0762));
#13646=CARTESIAN_POINT('',(0.012061637808961,-0.0169333055064698,0.07610475));
#13647=CARTESIAN_POINT('',(0.,0.,0.07610475));
#13648=CARTESIAN_POINT('',(0.,0.,0.0635));
#13649=CARTESIAN_POINT('',(0.,0.,0.0635));
#13650=CARTESIAN_POINT('',(0.0142679887247767,-0.015120993345665,0.081534));
#13651=CARTESIAN_POINT('',(0.0142679887247767,-0.015120993345665,0.0815843202544902));
#13652=CARTESIAN_POINT('',(0.0143006239776512,-0.0150902165391399,0.08162925));
#13653=CARTESIAN_POINT('',(0.0143371163472858,-0.0150554653483175,0.08162925));
#13654=CARTESIAN_POINT('',(0.0142679887247767,-0.015120993345665,0.081534));
#13655=CARTESIAN_POINT('',(0.0143371163472858,-0.0150554653483175,0.08162925));
#13656=CARTESIAN_POINT('',(0.0142679887247767,-0.015120993345665,0.0635));
#13657=CARTESIAN_POINT('',(0.0142679887247767,-0.015120993345665,0.08013065));
#13658=CARTESIAN_POINT('',(0.01419856160893,-0.0151862039446143,0.0800354));
#13659=CARTESIAN_POINT('',(0.0142353389326411,-0.0151518184524644,0.0800354));
#13660=CARTESIAN_POINT('',(0.0142679887247767,-0.015120993345665,0.0800802666716103));
#13661=CARTESIAN_POINT('',(0.0142679887247767,-0.015120993345665,0.08013065));
#13662=CARTESIAN_POINT('',(0.01419856160893,-0.0151862039446143,0.0800354));
#13663=CARTESIAN_POINT('',(0.,0.,0.0800354));
#13664=CARTESIAN_POINT('',(0.0139908465388583,-0.0153777812162911,0.0800354));
#13665=CARTESIAN_POINT('',(0.0139908465388583,-0.0153777812162911,0.08188325));
#13666=CARTESIAN_POINT('',(0.0138103090068651,-0.0155420359204707,0.08188325));
#13667=CARTESIAN_POINT('',(0.0134489246141099,-0.0158569182000664,0.0816827398002024));
#13668=CARTESIAN_POINT('',(0.0132163084646714,-0.0160477903315774,0.0809591822652741));
#13669=CARTESIAN_POINT('',(0.0134489591843134,-0.0158568889266621,0.0802359418632575));
#13670=CARTESIAN_POINT('',(0.0138103193137819,-0.0155420265431432,0.0800354));
#13671=CARTESIAN_POINT('',(0.0139908465388583,-0.0153777812162911,0.0800354));
#13672=CARTESIAN_POINT('',(0.0139908465388583,-0.0153777812162911,0.08188325));
#13673=CARTESIAN_POINT('',(0.,0.,0.08188325));
#13674=CARTESIAN_POINT('',(0.017006670457057,-0.0119579723187112,0.08188325));
#13675=CARTESIAN_POINT('',(0.0170612778429004,-0.0118799301503567,0.0819785));
#13676=CARTESIAN_POINT('',(0.0170612778429004,-0.0118799301503567,0.0819281797455098));
#13677=CARTESIAN_POINT('',(0.017035654931189,-0.0119167504972522,0.08188325));
#13678=CARTESIAN_POINT('',(0.017006670457057,-0.0119579723187112,0.08188325));
#13679=CARTESIAN_POINT('',(0.0170612778429004,-0.0118799301503567,0.0819785));
#13680=CARTESIAN_POINT('',(0.0170612778429004,-0.0118799301503567,0.0635));
#13681=CARTESIAN_POINT('',(0.0170612778429004,-0.0118799301503567,0.0833755));
#13682=CARTESIAN_POINT('',(0.017006670457057,-0.0119579723187112,0.08347075));
#13683=CARTESIAN_POINT('',(0.0170356137558511,-0.0119168090569632,0.08347075));
#13684=CARTESIAN_POINT('',(0.0170612778429004,-0.0118799301503567,0.0834258918461597));
#13685=CARTESIAN_POINT('',(0.0170612778429004,-0.0118799301503567,0.0833755));
#13686=CARTESIAN_POINT('',(0.017006670457057,-0.0119579723187112,0.08347075));
#13687=CARTESIAN_POINT('',(0.,0.,0.08347075));
#13688=CARTESIAN_POINT('',(0.0136804177123143,-0.0156545876095985,0.08347075));
#13689=CARTESIAN_POINT('',(0.0119839306767394,-0.0169883886094327,0.0812419));
#13690=CARTESIAN_POINT('',(0.0119839306767394,-0.0169883886094327,0.0818209910896309));
#13691=CARTESIAN_POINT('',(0.0123552522878692,-0.0167356759074163,0.0829631665415497));
#13692=CARTESIAN_POINT('',(0.0132444702430331,-0.0160355585830361,0.08347075));
#13693=CARTESIAN_POINT('',(0.0136804177123143,-0.0156545876095986,0.08347075));
#13694=CARTESIAN_POINT('',(0.0119839306767394,-0.0169883886094328,0.0812419));
#13695=CARTESIAN_POINT('',(0.0142679887247767,-0.015120993345665,0.0784479));
#13696=CARTESIAN_POINT('',(0.0137199530028562,-0.015638113307455,0.0784479));
#13697=CARTESIAN_POINT('',(0.0125539529596213,-0.0166020992216902,0.0790104557152142));
#13698=CARTESIAN_POINT('',(0.0119839306767394,-0.0169883886094328,0.0804882021962238));
#13699=CARTESIAN_POINT('',(0.0119839306767394,-0.0169883886094328,0.0812419));
#13700=CARTESIAN_POINT('',(0.0142679887247767,-0.015120993345665,0.0784479));
#13701=CARTESIAN_POINT('',(0.,0.,0.0784479));
#13702=CARTESIAN_POINT('',(0.015315667478777,-0.0140588147327409,0.0784479));
#13703=CARTESIAN_POINT('',(0.0153799176964758,-0.0139884979057663,0.07854315));
#13704=CARTESIAN_POINT('',(0.0153799176964758,-0.0139884979057663,0.0784928297455098));
#13705=CARTESIAN_POINT('',(0.0153497441049045,-0.0140216916690624,0.0784479));
#13706=CARTESIAN_POINT('',(0.015315667478777,-0.0140588147327409,0.0784479));
#13707=CARTESIAN_POINT('',(0.0153799176964758,-0.0139884979057663,0.07854315));
#13708=CARTESIAN_POINT('',(0.0153799176964758,-0.0139884979057663,0.0635));
#13709=CARTESIAN_POINT('',(0.0153799176964758,-0.0139884979057663,0.081534));
#13710=CARTESIAN_POINT('',(0.015315667478777,-0.0140588147327409,0.08162925));
#13711=CARTESIAN_POINT('',(0.0153496956956565,-0.014021744406079,0.08162925));
#13712=CARTESIAN_POINT('',(0.0153799176964759,-0.0139884979057663,0.0815843918461596));
#13713=CARTESIAN_POINT('',(0.0153799176964758,-0.0139884979057663,0.081534));
#13714=CARTESIAN_POINT('',(0.015315667478777,-0.0140588147327409,0.08162925));
#13715=CARTESIAN_POINT('',(0.,0.,0.08162925));
#13716=CARTESIAN_POINT('',(0.,0.,0.0635));
#13717=CARTESIAN_POINT('',(0.01445165957251,-0.0149455504284813,0.0917225749999995));
#13718=CARTESIAN_POINT('',(0.0144154850840462,-0.0149805294943237,0.0917225749999995));
#13719=CARTESIAN_POINT('',(0.0143830343269538,-0.0150116043632806,0.0917674331538399));
#13720=CARTESIAN_POINT('',(0.0143830343269538,-0.0150116043632806,0.0918178249999995));
#13721=CARTESIAN_POINT('',(0.01445165957251,-0.0149455504284813,0.0917225749999995));
#13722=CARTESIAN_POINT('',(0.0143830343269539,-0.0150116043632806,0.0918178249999995));
#13723=CARTESIAN_POINT('',(0.,0.,0.0917225749999995));
#13724=CARTESIAN_POINT('',(0.0154225719060409,-0.0139414568038278,0.0917225749999994));
#13725=CARTESIAN_POINT('',(0.0154862833222187,-0.0138706514221204,0.0918178249999995));
#13726=CARTESIAN_POINT('',(0.0154862833222187,-0.0138706514221204,0.0917675047455093));
#13727=CARTESIAN_POINT('',(0.0154563640727497,-0.0139040746185755,0.0917225749999994));
#13728=CARTESIAN_POINT('',(0.0154225719060409,-0.0139414568038278,0.0917225749999994));
#13729=CARTESIAN_POINT('',(0.0154862833222187,-0.0138706514221204,0.0918178249999995));
#13730=CARTESIAN_POINT('',(0.0154862833222187,-0.0138706514221204,0.0635));
#13731=CARTESIAN_POINT('',(0.0154862833222187,-0.0138706514221203,0.092611575));
#13732=CARTESIAN_POINT('',(0.0119839306767394,-0.0169883886094328,0.092611575));
#13733=CARTESIAN_POINT('',(0.0119839306767394,-0.0169883886094328,0.0932315010149894));
#13734=CARTESIAN_POINT('',(0.0124029155163411,-0.0167039808376704,0.0944484810107612));
#13735=CARTESIAN_POINT('',(0.0138477882425688,-0.0155511219338454,0.0952160596305308));
#13736=CARTESIAN_POINT('',(0.0151503067546287,-0.0142588461258248,0.0944537276774843));
#13737=CARTESIAN_POINT('',(0.0154862833222188,-0.0138706514221203,0.0932312241567102));
#13738=CARTESIAN_POINT('',(0.0154862833222187,-0.0138706514221203,0.092611575));
#13739=CARTESIAN_POINT('',(0.0119839306767394,-0.0169883886094327,0.092611575));
#13740=CARTESIAN_POINT('',(0.0119839306767394,-0.0169883886094327,0.0635));
#13741=CARTESIAN_POINT('',(0.0119839306767394,-0.0169883886094327,0.0899763249999995));
#13742=CARTESIAN_POINT('',(0.012061637808961,-0.0169333055064698,0.0898810749999995));
#13743=CARTESIAN_POINT('',(0.012020652121105,-0.0169624997191462,0.0898810749999995));
#13744=CARTESIAN_POINT('',(0.0119839306767394,-0.0169883886094327,0.0899259331538399));
#13745=CARTESIAN_POINT('',(0.0119839306767394,-0.0169883886094327,0.0899763249999995));
#13746=CARTESIAN_POINT('',(0.012061637808961,-0.0169333055064698,0.0898810749999995));
#13747=CARTESIAN_POINT('',(0.,0.,0.0898810749999995));
#13748=CARTESIAN_POINT('',(0.017006670457057,-0.0119579723187112,0.0898810749999995));
#13749=CARTESIAN_POINT('',(0.0170612778429004,-0.0118799301503567,0.0899763249999995));
#13750=CARTESIAN_POINT('',(0.0170612778429004,-0.0118799301503567,0.0899260047455093));
#13751=CARTESIAN_POINT('',(0.017035654931189,-0.0119167504972522,0.0898810749999995));
#13752=CARTESIAN_POINT('',(0.017006670457057,-0.0119579723187112,0.0898810749999995));
#13753=CARTESIAN_POINT('',(0.0170612778429004,-0.0118799301503567,0.0899763249999995));
#13754=CARTESIAN_POINT('',(0.0170612778429004,-0.0118799301503567,0.0635));
#13755=CARTESIAN_POINT('',(0.0170612778429004,-0.0118799301503567,0.0913733249999995));
#13756=CARTESIAN_POINT('',(0.017006670457057,-0.0119579723187112,0.0914685749999995));
#13757=CARTESIAN_POINT('',(0.0170356137558511,-0.0119168090569632,0.0914685749999995));
#13758=CARTESIAN_POINT('',(0.0170612778429004,-0.0118799301503567,0.0914237168461592));
#13759=CARTESIAN_POINT('',(0.0170612778429004,-0.0118799301503567,0.0913733249999995));
#13760=CARTESIAN_POINT('',(0.017006670457057,-0.0119579723187112,0.0914685749999995));
#13761=CARTESIAN_POINT('',(0.,0.,0.0914685749999995));
#13762=CARTESIAN_POINT('',(0.0143830343269538,-0.0150116043632806,0.0914685749999995));
#13763=CARTESIAN_POINT('',(0.,0.,0.0914685749999995));
#13764=CARTESIAN_POINT('',(0.0133182482221142,-0.0159638405875326,0.0914685749999995));
#13765=CARTESIAN_POINT('',(0.0132449695394328,-0.0160246910706415,0.0915638249999995));
#13766=CARTESIAN_POINT('',(0.0132449695394328,-0.0160246910706415,0.0915134768770796));
#13767=CARTESIAN_POINT('',(0.0132795606083033,-0.0159961167331775,0.0914685749999995));
#13768=CARTESIAN_POINT('',(0.0133182482221142,-0.0159638405875326,0.0914685749999995));
#13769=CARTESIAN_POINT('',(0.0132449695394328,-0.0160246910706414,0.0915638249999995));
#13770=CARTESIAN_POINT('',(0.0132449695394328,-0.0160246910706414,0.0635));
#13771=CARTESIAN_POINT('',(0.0132449695394327,-0.0160246910706415,0.092611575));
#13772=CARTESIAN_POINT('',(0.0143830343269539,-0.0150116043632806,0.092611575));
#13773=CARTESIAN_POINT('',(0.0143830343269539,-0.0150116043632806,0.0928128322688825));
#13774=CARTESIAN_POINT('',(0.0142642724727583,-0.0151266864697244,0.093208046261837));
#13775=CARTESIAN_POINT('',(0.0138257974037003,-0.0155310072415241,0.0934563452690646));
#13776=CARTESIAN_POINT('',(0.0133729242518234,-0.0159201503229232,0.0932080219290182));
#13777=CARTESIAN_POINT('',(0.0132449695394327,-0.0160246910706416,0.0928129003317564));
#13778=CARTESIAN_POINT('',(0.0132449695394327,-0.0160246910706416,0.092611575));
#13779=CARTESIAN_POINT('',(0.0143830343269539,-0.0150116043632806,0.092611575));
#13780=CARTESIAN_POINT('',(0.0143830343269539,-0.0150116043632806,0.0635));
#13781=CARTESIAN_POINT('',(0.,0.,0.0635));
#13782=CARTESIAN_POINT('',(0.0143830343269539,-0.0150116043632806,0.0983615));
#13783=CARTESIAN_POINT('',(0.0143830343269539,-0.0150116043632806,0.0985627572688822));
#13784=CARTESIAN_POINT('',(0.014264272472759,-0.0151266864697238,0.0989579712618359));
#13785=CARTESIAN_POINT('',(0.0138257974037009,-0.0155310072415236,0.0992062702690648));
#13786=CARTESIAN_POINT('',(0.0133729242518236,-0.015920150322923,0.0989579469290185));
#13787=CARTESIAN_POINT('',(0.0132449695394328,-0.0160246910706415,0.0985628253317564));
#13788=CARTESIAN_POINT('',(0.0132449695394328,-0.0160246910706415,0.0983615));
#13789=CARTESIAN_POINT('',(0.0143830343269539,-0.0150116043632806,0.0983615));
#13790=CARTESIAN_POINT('',(0.0132449695394328,-0.0160246910706414,0.0983615));
#13791=CARTESIAN_POINT('',(0.0143830343269539,-0.0150116043632806,0.0635));
#13792=CARTESIAN_POINT('',(0.0143830343269538,-0.0150116043632806,0.09756775));
#13793=CARTESIAN_POINT('',(0.01445165957251,-0.0149455504284813,0.0974725));
#13794=CARTESIAN_POINT('',(0.0144154850840462,-0.0149805294943237,0.0974725));
#13795=CARTESIAN_POINT('',(0.0143830343269538,-0.0150116043632806,0.0975173581538404));
#13796=CARTESIAN_POINT('',(0.0143830343269538,-0.0150116043632806,0.09756775));
#13797=CARTESIAN_POINT('',(0.01445165957251,-0.0149455504284813,0.0974725));
#13798=CARTESIAN_POINT('',(0.,0.,0.0974725));
#13799=CARTESIAN_POINT('',(0.0154225719060409,-0.0139414568038278,0.0974725));
#13800=CARTESIAN_POINT('',(0.0154862833222187,-0.0138706514221204,0.09756775));
#13801=CARTESIAN_POINT('',(0.0154862833222187,-0.0138706514221204,0.0975174297455098));
#13802=CARTESIAN_POINT('',(0.0154563640727497,-0.0139040746185756,0.0974725));
#13803=CARTESIAN_POINT('',(0.0154225719060409,-0.0139414568038278,0.0974725));
#13804=CARTESIAN_POINT('',(0.0154862833222187,-0.0138706514221204,0.09756775));
#13805=CARTESIAN_POINT('',(0.0154862833222187,-0.0138706514221204,0.0635));
#13806=CARTESIAN_POINT('',(0.0154862833222187,-0.0138706514221204,0.0983819436024392));
#13807=CARTESIAN_POINT('',(0.0159710812342846,-0.0133095644638688,0.0991235));
#13808=CARTESIAN_POINT('',(0.015720434770994,-0.0136103327600191,0.0991235));
#13809=CARTESIAN_POINT('',(0.0154862833222187,-0.0138706514221204,0.0987734197578742));
#13810=CARTESIAN_POINT('',(0.0154862833222187,-0.0138706514221204,0.0983819436024392));
#13811=CARTESIAN_POINT('',(0.0159710812342846,-0.0133095644638688,0.0991235));
#13812=CARTESIAN_POINT('',(0.,0.,0.0991235));
#13813=CARTESIAN_POINT('',(0.017006670457057,-0.0119579723187112,0.0991235));
#13814=CARTESIAN_POINT('',(0.0170612778429004,-0.0118799301503567,0.09921875));
#13815=CARTESIAN_POINT('',(0.0170612778429004,-0.0118799301503567,0.0991684297455098));
#13816=CARTESIAN_POINT('',(0.017035654931189,-0.0119167504972522,0.0991235));
#13817=CARTESIAN_POINT('',(0.017006670457057,-0.0119579723187112,0.0991235));
#13818=CARTESIAN_POINT('',(0.0170612778429004,-0.0118799301503567,0.09921875));
#13819=CARTESIAN_POINT('',(0.0170612778429004,-0.0118799301503567,0.0635));
#13820=CARTESIAN_POINT('',(0.0170612778429004,-0.0118799301503567,0.10061575));
#13821=CARTESIAN_POINT('',(0.017006670457057,-0.0119579723187112,0.100711));
#13822=CARTESIAN_POINT('',(0.0170356137558511,-0.0119168090569632,0.100711));
#13823=CARTESIAN_POINT('',(0.0170612778429004,-0.0118799301503567,0.10066614184616));
#13824=CARTESIAN_POINT('',(0.0170612778429004,-0.0118799301503567,0.10061575));
#13825=CARTESIAN_POINT('',(0.017006670457057,-0.0119579723187112,0.100711));
#13826=CARTESIAN_POINT('',(0.,0.,0.100711));
#13827=CARTESIAN_POINT('',(0.0159710812342846,-0.0133095644638688,0.100711));
#13828=CARTESIAN_POINT('',(0.0148791827779322,-0.0145199814693712,0.0999204559915797));
#13829=CARTESIAN_POINT('',(0.0151583072091102,-0.01423395194254,0.10040624287777));
#13830=CARTESIAN_POINT('',(0.0155678322321236,-0.0137934512648713,0.100711));
#13831=CARTESIAN_POINT('',(0.0159710812342847,-0.0133095644638688,0.100711));
#13832=CARTESIAN_POINT('',(0.0148791827779322,-0.0145199814693712,0.0999204559915797));
#13833=CARTESIAN_POINT('',(0.0136958049245979,-0.0156411275001951,0.100711));
#13834=CARTESIAN_POINT('',(0.0141687982553557,-0.01522696142498,0.100711));
#13835=CARTESIAN_POINT('',(0.0146004160526973,-0.0148056444411819,0.100405620328852));
#13836=CARTESIAN_POINT('',(0.0148791827779322,-0.0145199814693712,0.0999204559915797));
#13837=CARTESIAN_POINT('',(0.0136958049245979,-0.0156411275001951,0.100711));
#13838=CARTESIAN_POINT('',(0.0119839306767394,-0.0169883886094327,0.0983615));
#13839=CARTESIAN_POINT('',(0.0119839306767394,-0.0169883886094327,0.0989575594017686));
#13840=CARTESIAN_POINT('',(0.0123380499771648,-0.0167483528025298,0.100147996341054));
#13841=CARTESIAN_POINT('',(0.0132468581417437,-0.0160342377513212,0.100711));
#13842=CARTESIAN_POINT('',(0.0136958049245979,-0.0156411275001951,0.100711));
#13843=CARTESIAN_POINT('',(0.0119839306767394,-0.0169883886094327,0.0983615));
#13844=CARTESIAN_POINT('',(0.0119839306767394,-0.0169883886094327,0.0635));
#13845=CARTESIAN_POINT('',(0.0119839306767394,-0.0169883886094327,0.09572625));
#13846=CARTESIAN_POINT('',(0.012061637808961,-0.0169333055064698,0.095631));
#13847=CARTESIAN_POINT('',(0.012020652121105,-0.0169624997191463,0.095631));
#13848=CARTESIAN_POINT('',(0.0119839306767394,-0.0169883886094327,0.0956758581538403));
#13849=CARTESIAN_POINT('',(0.0119839306767394,-0.0169883886094327,0.09572625));
#13850=CARTESIAN_POINT('',(0.012061637808961,-0.0169333055064698,0.095631));
#13851=CARTESIAN_POINT('',(0.,0.,0.095631));
#13852=CARTESIAN_POINT('',(0.0158821855803342,-0.0134155179997577,0.095631));
#13853=CARTESIAN_POINT('',(0.0159434825653842,-0.0133426124015234,0.09572625));
#13854=CARTESIAN_POINT('',(0.0159434825653842,-0.0133426124015234,0.0956759297455098));
#13855=CARTESIAN_POINT('',(0.0159147029439865,-0.0133770217744075,0.095631));
#13856=CARTESIAN_POINT('',(0.0158821855803342,-0.0134155179997577,0.095631));
#13857=CARTESIAN_POINT('',(0.0159434825653843,-0.0133426124015234,0.09572625));
#13858=CARTESIAN_POINT('',(0.0159434825653843,-0.0133426124015234,0.0635));
#13859=CARTESIAN_POINT('',(0.0159434825653842,-0.0133426124015234,0.09712325));
#13860=CARTESIAN_POINT('',(0.0158821855803342,-0.0134155179997577,0.0972185));
#13861=CARTESIAN_POINT('',(0.0159146567498265,-0.0133770764621372,0.0972185));
#13862=CARTESIAN_POINT('',(0.0159434825653842,-0.0133426124015234,0.0971736418461597));
#13863=CARTESIAN_POINT('',(0.0159434825653842,-0.0133426124015234,0.09712325));
#13864=CARTESIAN_POINT('',(0.0158821855803342,-0.0134155179997577,0.0972185));
#13865=CARTESIAN_POINT('',(0.,0.,0.0972185));
#13866=CARTESIAN_POINT('',(0.0133182482221142,-0.0159638405875326,0.0972185));
#13867=CARTESIAN_POINT('',(0.0132449695394328,-0.0160246910706415,0.09731375));
#13868=CARTESIAN_POINT('',(0.0132449695394328,-0.0160246910706415,0.0972634018770801));
#13869=CARTESIAN_POINT('',(0.0132795606083033,-0.0159961167331775,0.0972185));
#13870=CARTESIAN_POINT('',(0.0133182482221142,-0.0159638405875326,0.0972185));
#13871=CARTESIAN_POINT('',(0.0132449695394328,-0.0160246910706414,0.09731375));
#13872=CARTESIAN_POINT('',(0.0132449695394328,-0.0160246910706414,0.0635));
#13873=CARTESIAN_POINT('',(0.,0.,0.0635));
#13874=CARTESIAN_POINT('',(0.0142217371680877,-0.0151645024294183,0.1092835));
#13875=CARTESIAN_POINT('',(0.0141850327241251,-0.0151989249867931,0.1092835));
#13876=CARTESIAN_POINT('',(0.0141521111992487,-0.0152295006685741,0.10932835815384));
#13877=CARTESIAN_POINT('',(0.0141521111992487,-0.0152295006685741,0.10937875));
#13878=CARTESIAN_POINT('',(0.0142217371680877,-0.0151645024294183,0.1092835));
#13879=CARTESIAN_POINT('',(0.0141521111992487,-0.0152295006685741,0.10937875));
#13880=CARTESIAN_POINT('',(0.,0.,0.1092835));
#13881=CARTESIAN_POINT('',(0.0149013400995624,-0.0144972412978184,0.1092835));
#13882=CARTESIAN_POINT('',(0.0149676033326587,-0.0144288181250643,0.10937875));
#13883=CARTESIAN_POINT('',(0.0149676033326587,-0.0144288181250643,0.10932842974551));
#13884=CARTESIAN_POINT('',(0.01493647941116,-0.0144611225065103,0.1092835));
#13885=CARTESIAN_POINT('',(0.0149013400995624,-0.0144972412978184,0.1092835));
#13886=CARTESIAN_POINT('',(0.0149676033326587,-0.0144288181250643,0.10937875));
#13887=CARTESIAN_POINT('',(0.0149676033326587,-0.0144288181250643,0.0635));
#13888=CARTESIAN_POINT('',(0.0149676033326587,-0.0144288181250643,0.11026775));
#13889=CARTESIAN_POINT('',(0.0161053015899813,-0.0131468324209957,0.11026775));
#13890=CARTESIAN_POINT('',(0.0161053015899813,-0.0131468324209957,0.110494188282462));
#13891=CARTESIAN_POINT('',(0.0159885542655384,-0.0132917233893097,0.110938868940291));
#13892=CARTESIAN_POINT('',(0.0155530214587283,-0.0138024211331146,0.111218073814187));
#13893=CARTESIAN_POINT('',(0.0150975491464761,-0.0142957284756006,0.110938835631224));
#13894=CARTESIAN_POINT('',(0.0149676033326587,-0.0144288181250643,0.110494216731569));
#13895=CARTESIAN_POINT('',(0.0149676033326587,-0.0144288181250643,0.11026775));
#13896=CARTESIAN_POINT('',(0.0161053015899813,-0.0131468324209957,0.11026775));
#13897=CARTESIAN_POINT('',(0.0161053015899813,-0.0131468324209957,0.0635));
#13898=CARTESIAN_POINT('',(0.0161053015899813,-0.0131468324209957,0.10937875));
#13899=CARTESIAN_POINT('',(0.0161653652408226,-0.0130729074287553,0.1092835));
#13900=CARTESIAN_POINT('',(0.016133723332334,-0.0131120343796973,0.1092835));
#13901=CARTESIAN_POINT('',(0.0161053015899814,-0.0131468324209957,0.10932835815384));
#13902=CARTESIAN_POINT('',(0.0161053015899814,-0.0131468324209957,0.10937875));
#13903=CARTESIAN_POINT('',(0.0161653652408226,-0.0130729074287553,0.1092835));
#13904=CARTESIAN_POINT('',(0.,0.,0.1092835));
#13905=CARTESIAN_POINT('',(0.017006670457057,-0.0119579723187112,0.1092835));
#13906=CARTESIAN_POINT('',(0.0170612778429004,-0.0118799301503567,0.10937875));
#13907=CARTESIAN_POINT('',(0.0170612778429004,-0.0118799301503567,0.10932842974551));
#13908=CARTESIAN_POINT('',(0.017035654931189,-0.0119167504972522,0.1092835));
#13909=CARTESIAN_POINT('',(0.017006670457057,-0.0119579723187112,0.1092835));
#13910=CARTESIAN_POINT('',(0.0170612778429004,-0.0118799301503567,0.10937875));
#13911=CARTESIAN_POINT('',(0.0170612778429004,-0.0118799301503567,0.0635));
#13912=CARTESIAN_POINT('',(0.0170612778429004,-0.0118799301503568,0.11026775));
#13913=CARTESIAN_POINT('',(0.0143830343269538,-0.0150116043632806,0.11176));
#13914=CARTESIAN_POINT('',(0.014594323897508,-0.0148091619678735,0.112148214292037));
#13915=CARTESIAN_POINT('',(0.0151842503770511,-0.0142262577640466,0.112741128928074));
#13916=CARTESIAN_POINT('',(0.0161925816656958,-0.0130660759082465,0.112691209697083));
#13917=CARTESIAN_POINT('',(0.0169006590376312,-0.0121159342425675,0.111722998578294));
#13918=CARTESIAN_POINT('',(0.0170612778429004,-0.0118799301503568,0.110753893422653));
#13919=CARTESIAN_POINT('',(0.0170612778429004,-0.0118799301503568,0.11026775));
#13920=CARTESIAN_POINT('',(0.0143830343269539,-0.0150116043632806,0.11176));
#13921=CARTESIAN_POINT('',(0.0119839306767394,-0.0169883886094328,0.1099185));
#13922=CARTESIAN_POINT('',(0.0119839306767394,-0.0169883886094328,0.110310068003716));
#13923=CARTESIAN_POINT('',(0.0121136944852854,-0.0168976854322902,0.111090750606898));
#13924=CARTESIAN_POINT('',(0.0127046942901447,-0.0164668019714189,0.112062802645238));
#13925=CARTESIAN_POINT('',(0.0136389042278932,-0.0157071448916692,0.112413939415493));
#13926=CARTESIAN_POINT('',(0.0141800148687182,-0.0152061229347923,0.112032696544118));
#13927=CARTESIAN_POINT('',(0.0143830343269539,-0.0150116043632806,0.11176));
#13928=CARTESIAN_POINT('',(0.0119839306767394,-0.0169883886094327,0.1099185));
#13929=CARTESIAN_POINT('',(0.0119839306767394,-0.0169883886094327,0.0635));
#13930=CARTESIAN_POINT('',(0.0119839306767394,-0.0169883886094328,0.10753725));
#13931=CARTESIAN_POINT('',(0.012061637808961,-0.0169333055064698,0.107442));
#13932=CARTESIAN_POINT('',(0.012020652121105,-0.0169624997191463,0.107442));
#13933=CARTESIAN_POINT('',(0.0119839306767394,-0.0169883886094328,0.10748685815384));
#13934=CARTESIAN_POINT('',(0.0119839306767394,-0.0169883886094328,0.10753725));
#13935=CARTESIAN_POINT('',(0.012061637808961,-0.0169333055064698,0.107442));
#13936=CARTESIAN_POINT('',(0.,0.,0.107442));
#13937=CARTESIAN_POINT('',(0.0161853111152987,-0.0130482047083492,0.107442));
#13938=CARTESIAN_POINT('',(0.0162449220600411,-0.0129739141847474,0.10753725));
#13939=CARTESIAN_POINT('',(0.0162449220600411,-0.0129739141847474,0.10748692974551));
#13940=CARTESIAN_POINT('',(0.0162169381622393,-0.013008973748548,0.107442));
#13941=CARTESIAN_POINT('',(0.0161853111152987,-0.0130482047083492,0.107442));
#13942=CARTESIAN_POINT('',(0.0162449220600411,-0.0129739141847474,0.10753725));
#13943=CARTESIAN_POINT('',(0.0162449220600411,-0.0129739141847474,0.0635));
#13944=CARTESIAN_POINT('',(0.0162449220600411,-0.0129739141847474,0.10893425));
#13945=CARTESIAN_POINT('',(0.0161853111152987,-0.0130482047083492,0.1090295));
#13946=CARTESIAN_POINT('',(0.016216893232863,-0.0130090294800413,0.1090295));
#13947=CARTESIAN_POINT('',(0.0162449220600411,-0.0129739141847474,0.10898464184616));
#13948=CARTESIAN_POINT('',(0.0162449220600411,-0.0129739141847474,0.10893425));
#13949=CARTESIAN_POINT('',(0.0161853111152987,-0.0130482047083492,0.1090295));
#13950=CARTESIAN_POINT('',(0.,0.,0.1090295));
#13951=CARTESIAN_POINT('',(0.0133182482221142,-0.0159638405875326,0.1090295));
#13952=CARTESIAN_POINT('',(0.0132449695394328,-0.0160246910706415,0.10912475));
#13953=CARTESIAN_POINT('',(0.0132449695394328,-0.0160246910706415,0.10907440187708));
#13954=CARTESIAN_POINT('',(0.0132795606083032,-0.0159961167331775,0.1090295));
#13955=CARTESIAN_POINT('',(0.0133182482221142,-0.0159638405875326,0.1090295));
#13956=CARTESIAN_POINT('',(0.0132449695394328,-0.0160246910706415,0.10912475));
#13957=CARTESIAN_POINT('',(0.0132449695394328,-0.0160246910706415,0.0635));
#13958=CARTESIAN_POINT('',(0.0132449695394328,-0.0160246910706415,0.1099185));
#13959=CARTESIAN_POINT('',(0.0141521111992487,-0.0152295006685741,0.1099185));
#13960=CARTESIAN_POINT('',(0.0141521111992487,-0.0152295006685741,0.110077860523041));
#13961=CARTESIAN_POINT('',(0.0140568525617317,-0.0153188201251051,0.110390253038291));
#13962=CARTESIAN_POINT('',(0.0137061052326856,-0.015635009525023,0.110587377846725));
#13963=CARTESIAN_POINT('',(0.0133461801657549,-0.0159418015658928,0.110390733033339));
#13964=CARTESIAN_POINT('',(0.0132449695394328,-0.0160246910706415,0.110077922092561));
#13965=CARTESIAN_POINT('',(0.0132449695394328,-0.0160246910706415,0.1099185));
#13966=CARTESIAN_POINT('',(0.0141521111992487,-0.0152295006685741,0.1099185));
#13967=CARTESIAN_POINT('',(0.0141521111992487,-0.0152295006685741,0.0635));
#13968=CARTESIAN_POINT('',(0.,0.,0.0635));
#13969=CARTESIAN_POINT('',(0.0161053015899813,-0.0131468324209957,0.0635));
#13970=CARTESIAN_POINT('',(0.0161053015899814,-0.0131468324209957,0.115220750000001));
#13971=CARTESIAN_POINT('',(0.0161053015899813,-0.0131468324209957,0.11712575));
#13972=CARTESIAN_POINT('',(0.0156962995492016,-0.0136325391058208,0.114585750000001));
#13973=CARTESIAN_POINT('',(0.0159161265500033,-0.0133794336185156,0.114585750000001));
#13974=CARTESIAN_POINT('',(0.0161053015899814,-0.0131468324209957,0.114885440527394));
#13975=CARTESIAN_POINT('',(0.0161053015899814,-0.0131468324209957,0.115220750000001));
#13976=CARTESIAN_POINT('',(0.0156962995492016,-0.0136325391058208,0.11458575));
#13977=CARTESIAN_POINT('',(0.0152726553141604,-0.0141055287623274,0.1156335));
#13978=CARTESIAN_POINT('',(0.0152726553141604,-0.0141055287623274,0.115409329690412));
#13979=CARTESIAN_POINT('',(0.0153194287686537,-0.0140556084127739,0.114972344071803));
#13980=CARTESIAN_POINT('',(0.0155474935732178,-0.013803872058224,0.11458575));
#13981=CARTESIAN_POINT('',(0.0156962995492016,-0.0136325391058208,0.11458575));
#13982=CARTESIAN_POINT('',(0.0152726553141604,-0.0141055287623274,0.1156335));
#13983=CARTESIAN_POINT('',(0.0152726553141604,-0.0141055287623274,0.0635));
#13984=CARTESIAN_POINT('',(0.0152726553141604,-0.0141055287623274,0.1172845));
#13985=CARTESIAN_POINT('',(0.0152078700411768,-0.0141753529346072,0.11737975));
#13986=CARTESIAN_POINT('',(0.0152421803292895,-0.0141385435228698,0.11737975));
#13987=CARTESIAN_POINT('',(0.0152726553141604,-0.0141055287623274,0.11733489184616));
#13988=CARTESIAN_POINT('',(0.0152726553141604,-0.0141055287623274,0.1172845));
#13989=CARTESIAN_POINT('',(0.0152078700411768,-0.0141753529346072,0.11737975));
#13990=CARTESIAN_POINT('',(0.,0.,0.11737975));
#13991=CARTESIAN_POINT('',(0.0142679887247767,-0.015120993345665,0.11737975));
#13992=CARTESIAN_POINT('',(0.01419856160893,-0.0151862039446143,0.1172845));
#13993=CARTESIAN_POINT('',(0.01419856160893,-0.0151862039446143,0.11733482025449));
#13994=CARTESIAN_POINT('',(0.0142313375243226,-0.0151555769806733,0.11737975));
#13995=CARTESIAN_POINT('',(0.0142679887247767,-0.015120993345665,0.11737975));
#13996=CARTESIAN_POINT('',(0.01419856160893,-0.0151862039446143,0.1172845));
#13997=CARTESIAN_POINT('',(0.01419856160893,-0.0151862039446143,0.0635));
#13998=CARTESIAN_POINT('',(0.01419856160893,-0.0151862039446143,0.115411250000001));
#13999=CARTESIAN_POINT('',(0.0132449695394328,-0.0160246910706415,0.115411250000001));
#14000=CARTESIAN_POINT('',(0.0132449695394328,-0.0160246910706415,0.115243531933459));
#14001=CARTESIAN_POINT('',(0.0133515239228809,-0.0159374608607467,0.114914353403569));
#14002=CARTESIAN_POINT('',(0.0137294889560024,-0.0156147927173433,0.114707225354956));
#14003=CARTESIAN_POINT('',(0.0140984729219915,-0.01528067761156,0.114914246650935));
#14004=CARTESIAN_POINT('',(0.01419856160893,-0.0151862039446143,0.115243458028219));
#14005=CARTESIAN_POINT('',(0.01419856160893,-0.0151862039446143,0.115411250000001));
#14006=CARTESIAN_POINT('',(0.0132449695394328,-0.0160246910706415,0.115411250000001));
#14007=CARTESIAN_POINT('',(0.0132449695394328,-0.0160246910706415,0.0635));
#14008=CARTESIAN_POINT('',(0.0132449695394328,-0.0160246910706415,0.1172845));
#14009=CARTESIAN_POINT('',(0.0131714128371782,-0.0160852051862143,0.11737975));
#14010=CARTESIAN_POINT('',(0.013210345767232,-0.0160533248534015,0.11737975));
#14011=CARTESIAN_POINT('',(0.0132449695394328,-0.0160246910706415,0.11733489184616));
#14012=CARTESIAN_POINT('',(0.0132449695394328,-0.0160246910706415,0.1172845));
#14013=CARTESIAN_POINT('',(0.0131714128371782,-0.0160852051862143,0.11737975));
#14014=CARTESIAN_POINT('',(0.,0.,0.11737975));
#14015=CARTESIAN_POINT('',(0.012061637808961,-0.0169333055064698,0.11737975));
#14016=CARTESIAN_POINT('',(0.0119839306767394,-0.0169883886094327,0.1172845));
#14017=CARTESIAN_POINT('',(0.0119839306767394,-0.0169883886094327,0.11733482025449));
#14018=CARTESIAN_POINT('',(0.0120205938140144,-0.0169625412514394,0.11737975));
#14019=CARTESIAN_POINT('',(0.012061637808961,-0.0169333055064698,0.11737975));
#14020=CARTESIAN_POINT('',(0.0119839306767394,-0.0169883886094327,0.1172845));
#14021=CARTESIAN_POINT('',(0.0119839306767394,-0.0169883886094327,0.0635));
#14022=CARTESIAN_POINT('',(0.0119839306767394,-0.0169883886094327,0.1156335));
#14023=CARTESIAN_POINT('',(0.0147231127586414,-0.0146782114954899,0.11376025));
#14024=CARTESIAN_POINT('',(0.0144999867034106,-0.01490202010266,0.113463618496821));
#14025=CARTESIAN_POINT('',(0.0139140589728227,-0.0154673804742269,0.113056505060323));
#14026=CARTESIAN_POINT('',(0.0128854772125864,-0.0163295186016148,0.113338497418411));
#14027=CARTESIAN_POINT('',(0.0121526199018455,-0.0168712142397017,0.114335917718395));
#14028=CARTESIAN_POINT('',(0.0119839306767394,-0.0169883886094327,0.115200207508218));
#14029=CARTESIAN_POINT('',(0.0119839306767394,-0.0169883886094327,0.1156335));
#14030=CARTESIAN_POINT('',(0.0147231127586414,-0.0146782114954898,0.11376025));
#14031=CARTESIAN_POINT('',(0.0170612778429004,-0.0118799301503567,0.1146175));
#14032=CARTESIAN_POINT('',(0.0170612778429004,-0.0118799301503567,0.11421427977261));
#14033=CARTESIAN_POINT('',(0.0168582548818364,-0.0121767529850071,0.113436230207562));
#14034=CARTESIAN_POINT('',(0.0161771413733894,-0.0130783409652074,0.112874228776601));
#14035=CARTESIAN_POINT('',(0.0153664508470358,-0.0140201298897256,0.112949998376947));
#14036=CARTESIAN_POINT('',(0.0148847732616539,-0.0145160564662342,0.11342861445641));
#14037=CARTESIAN_POINT('',(0.0147231127586414,-0.0146782114954898,0.11376025));
#14038=CARTESIAN_POINT('',(0.0170612778429004,-0.0118799301503567,0.1146175));
#14039=CARTESIAN_POINT('',(0.0170612778429004,-0.0118799301503567,0.0635));
#14040=CARTESIAN_POINT('',(0.0170612778429004,-0.0118799301503567,0.11712575));
#14041=CARTESIAN_POINT('',(0.017006670457057,-0.0119579723187112,0.117221));
#14042=CARTESIAN_POINT('',(0.0170356137558511,-0.0119168090569631,0.117221));
#14043=CARTESIAN_POINT('',(0.0170612778429004,-0.0118799301503567,0.11717614184616));
#14044=CARTESIAN_POINT('',(0.0170612778429004,-0.0118799301503567,0.11712575));
#14045=CARTESIAN_POINT('',(0.017006670457057,-0.0119579723187112,0.117221));
#14046=CARTESIAN_POINT('',(0.,0.,0.117221));
#14047=CARTESIAN_POINT('',(0.0161653652408226,-0.0130729074287553,0.117221));
#14048=CARTESIAN_POINT('',(0.0161053015899813,-0.0131468324209957,0.11712575));
#14049=CARTESIAN_POINT('',(0.0161053015899813,-0.0131468324209957,0.11717607025449));
#14050=CARTESIAN_POINT('',(0.0161336783178979,-0.0131120900425102,0.117221));
#14051=CARTESIAN_POINT('',(0.0161653652408226,-0.0130729074287553,0.117221));
#14052=CARTESIAN_POINT('',(0.,0.,0.0635));
#14053=CARTESIAN_POINT('',(0.0170612778429004,-0.0118799301503567,0.087718899999999));
#14054=CARTESIAN_POINT('',(0.0170612778429004,-0.0118799301503567,0.0876685797455088));
#14055=CARTESIAN_POINT('',(0.017035654931189,-0.0119167504972522,0.0876236499999989));
#14056=CARTESIAN_POINT('',(0.017006670457057,-0.0119579723187112,0.0876236499999989));
#14057=CARTESIAN_POINT('',(0.0170612778429004,-0.0118799301503567,0.087718899999999));
#14058=CARTESIAN_POINT('',(0.017006670457057,-0.0119579723187112,0.0876236499999989));
#14059=CARTESIAN_POINT('',(0.0170612778429004,-0.0118799301503567,0.0635));
#14060=CARTESIAN_POINT('',(0.0170612778429004,-0.0118799301503567,0.0891158999999989));
#14061=CARTESIAN_POINT('',(0.017006670457057,-0.0119579723187112,0.0892111499999989));
#14062=CARTESIAN_POINT('',(0.0170356137558511,-0.0119168090569632,0.0892111499999989));
#14063=CARTESIAN_POINT('',(0.0170612778429004,-0.0118799301503567,0.0891662918461586));
#14064=CARTESIAN_POINT('',(0.0170612778429004,-0.0118799301503567,0.0891158999999989));
#14065=CARTESIAN_POINT('',(0.017006670457057,-0.0119579723187112,0.0892111499999989));
#14066=CARTESIAN_POINT('',(0.,0.,0.0892111499999989));
#14067=CARTESIAN_POINT('',(0.0159710812342846,-0.0133095644638689,0.0892111499999979));
#14068=CARTESIAN_POINT('',(0.0148791827779545,-0.0145199814693484,0.0884206059916165));
#14069=CARTESIAN_POINT('',(0.015158307209132,-0.0142339519425168,0.0889063928777854));
#14070=CARTESIAN_POINT('',(0.0155678322321345,-0.0137934512648583,0.0892111499999979));
#14071=CARTESIAN_POINT('',(0.0159710812342846,-0.0133095644638689,0.0892111499999979));
#14072=CARTESIAN_POINT('',(0.0148791827778165,-0.0145199814694898,0.0884206059917791));
#14073=CARTESIAN_POINT('',(0.0136958049245979,-0.0156411275001951,0.0892111499999979));
#14074=CARTESIAN_POINT('',(0.0141687982552904,-0.0152269614250372,0.0892111499999979));
#14075=CARTESIAN_POINT('',(0.0146004160525795,-0.014805644441298,0.0889057703289395));
#14076=CARTESIAN_POINT('',(0.0148791827778165,-0.0145199814694898,0.0884206059917791));
#14077=CARTESIAN_POINT('',(0.0136958049245979,-0.0156411275001951,0.0892111499999979));
#14078=CARTESIAN_POINT('',(0.0119839306767394,-0.0169883886094327,0.0868616499999988));
#14079=CARTESIAN_POINT('',(0.0119839306767394,-0.0169883886094327,0.0874577094017673));
#14080=CARTESIAN_POINT('',(0.0123380499771649,-0.0167483528025298,0.0886481463410529));
#14081=CARTESIAN_POINT('',(0.0132468581417449,-0.0160342377513202,0.0892111499999979));
#14082=CARTESIAN_POINT('',(0.0136958049245979,-0.0156411275001951,0.0892111499999979));
#14083=CARTESIAN_POINT('',(0.0119839306767394,-0.0169883886094327,0.0868616499999988));
#14084=CARTESIAN_POINT('',(0.0119839306767394,-0.0169883886094327,0.0635));
#14085=CARTESIAN_POINT('',(0.0119839306767394,-0.0169883886094328,0.0842263999999989));
#14086=CARTESIAN_POINT('',(0.012061637808961,-0.0169333055064698,0.084131149999999));
#14087=CARTESIAN_POINT('',(0.012020652121105,-0.0169624997191462,0.084131149999999));
#14088=CARTESIAN_POINT('',(0.0119839306767394,-0.0169883886094328,0.0841760081538392));
#14089=CARTESIAN_POINT('',(0.0119839306767394,-0.0169883886094328,0.0842263999999989));
#14090=CARTESIAN_POINT('',(0.012061637808961,-0.0169333055064698,0.0841311499999989));
#14091=CARTESIAN_POINT('',(0.,0.,0.0841311499999989));
#14092=CARTESIAN_POINT('',(0.0158821855803342,-0.0134155179997577,0.084131149999999));
#14093=CARTESIAN_POINT('',(0.0159434825653843,-0.0133426124015234,0.0842263999999989));
#14094=CARTESIAN_POINT('',(0.0159434825653843,-0.0133426124015234,0.0841760797455087));
#14095=CARTESIAN_POINT('',(0.0159147029439865,-0.0133770217744075,0.084131149999999));
#14096=CARTESIAN_POINT('',(0.0158821855803342,-0.0134155179997577,0.084131149999999));
#14097=CARTESIAN_POINT('',(0.0159434825653843,-0.0133426124015234,0.0842263999999989));
#14098=CARTESIAN_POINT('',(0.0159434825653843,-0.0133426124015234,0.0635));
#14099=CARTESIAN_POINT('',(0.0159434825653842,-0.0133426124015234,0.0856233999999989));
#14100=CARTESIAN_POINT('',(0.0158821855803342,-0.0134155179997577,0.0857186499999989));
#14101=CARTESIAN_POINT('',(0.0159146567498265,-0.0133770764621372,0.0857186499999989));
#14102=CARTESIAN_POINT('',(0.0159434825653842,-0.0133426124015234,0.0856737918461585));
#14103=CARTESIAN_POINT('',(0.0159434825653842,-0.0133426124015234,0.0856233999999989));
#14104=CARTESIAN_POINT('',(0.0158821855803342,-0.0134155179997577,0.0857186499999989));
#14105=CARTESIAN_POINT('',(0.,0.,0.0857186499999989));
#14106=CARTESIAN_POINT('',(0.0133182482221142,-0.0159638405875326,0.0857186499999989));
#14107=CARTESIAN_POINT('',(0.0132449695394328,-0.0160246910706415,0.0858138999999989));
#14108=CARTESIAN_POINT('',(0.0132449695394328,-0.0160246910706415,0.085763551877079));
#14109=CARTESIAN_POINT('',(0.0132795606083033,-0.0159961167331775,0.0857186499999989));
#14110=CARTESIAN_POINT('',(0.0133182482221142,-0.0159638405875326,0.0857186499999989));
#14111=CARTESIAN_POINT('',(0.0132449695394328,-0.0160246910706415,0.0858138999999989));
#14112=CARTESIAN_POINT('',(0.0132449695394328,-0.0160246910706415,0.0635));
#14113=CARTESIAN_POINT('',(0.0132449695394328,-0.0160246910706414,0.08686165));
#14114=CARTESIAN_POINT('',(0.0143830343269539,-0.0150116043632806,0.08686165));
#14115=CARTESIAN_POINT('',(0.0143830343269539,-0.0150116043632806,0.0870629072688824));
#14116=CARTESIAN_POINT('',(0.014264272472758,-0.0151266864697247,0.0874581212618367));
#14117=CARTESIAN_POINT('',(0.0138257974036999,-0.0155310072415245,0.0877064202690642));
#14118=CARTESIAN_POINT('',(0.0133729242518229,-0.0159201503229236,0.0874580969290164));
#14119=CARTESIAN_POINT('',(0.0132449695394328,-0.0160246910706414,0.0870629753317565));
#14120=CARTESIAN_POINT('',(0.0132449695394328,-0.0160246910706414,0.08686165));
#14121=CARTESIAN_POINT('',(0.0143830343269538,-0.0150116043632806,0.08686165));
#14122=CARTESIAN_POINT('',(0.0143830343269538,-0.0150116043632806,0.0635));
#14123=CARTESIAN_POINT('',(0.0143830343269538,-0.0150116043632806,0.0860678999999989));
#14124=CARTESIAN_POINT('',(0.01445165957251,-0.0149455504284813,0.0859726499999989));
#14125=CARTESIAN_POINT('',(0.0144154850840462,-0.0149805294943237,0.0859726499999989));
#14126=CARTESIAN_POINT('',(0.0143830343269538,-0.0150116043632806,0.0860175081538392));
#14127=CARTESIAN_POINT('',(0.0143830343269538,-0.0150116043632806,0.0860678999999989));
#14128=CARTESIAN_POINT('',(0.01445165957251,-0.0149455504284813,0.0859726499999989));
#14129=CARTESIAN_POINT('',(0.,0.,0.0859726499999989));
#14130=CARTESIAN_POINT('',(0.0154225719060409,-0.0139414568038278,0.0859726499999989));
#14131=CARTESIAN_POINT('',(0.0154862833222187,-0.0138706514221204,0.0860678999999989));
#14132=CARTESIAN_POINT('',(0.0154862833222187,-0.0138706514221204,0.0860175797455087));
#14133=CARTESIAN_POINT('',(0.0154563640727497,-0.0139040746185756,0.0859726499999989));
#14134=CARTESIAN_POINT('',(0.0154225719060409,-0.0139414568038278,0.0859726499999989));
#14135=CARTESIAN_POINT('',(0.0154862833222187,-0.0138706514221204,0.0860678999999989));
#14136=CARTESIAN_POINT('',(0.0154862833222187,-0.0138706514221204,0.0635));
#14137=CARTESIAN_POINT('',(0.0154862833222187,-0.0138706514221204,0.0868820936024381));
#14138=CARTESIAN_POINT('',(0.0159710812342847,-0.0133095644638688,0.0876236499999989));
#14139=CARTESIAN_POINT('',(0.0157204347709941,-0.013610332760019,0.0876236499999989));
#14140=CARTESIAN_POINT('',(0.0154862833222187,-0.0138706514221204,0.087273569757873));
#14141=CARTESIAN_POINT('',(0.0154862833222187,-0.0138706514221204,0.0868820936024381));
#14142=CARTESIAN_POINT('',(0.0159710812342846,-0.0133095644638688,0.0876236499999989));
#14143=CARTESIAN_POINT('',(0.,0.,0.0876236499999989));
#14144=CARTESIAN_POINT('',(0.,0.,0.0635));
#14145=CARTESIAN_POINT('',(0.0161756925526979,-0.0130994948268256,0.106427967822533));
#14146=CARTESIAN_POINT('',(0.0167477156367507,-0.0123099908978263,0.104076431567029));
#14147=CARTESIAN_POINT('',(0.0161757925841259,-0.013099363610223,0.101725305909349));
#14148=CARTESIAN_POINT('',(0.0146146923306122,-0.0148621630397555,0.100751547499647));
#14149=CARTESIAN_POINT('',(0.0128258048357047,-0.0163935502258845,0.101725254027651));
#14150=CARTESIAN_POINT('',(0.0120269991618629,-0.0169520788373469,0.104076303631271));
#14151=CARTESIAN_POINT('',(0.0128256001288657,-0.0163937038410617,0.106427519885663));
#14152=CARTESIAN_POINT('',(0.0146144891829379,-0.0148623665087068,0.107401440618126));
#14153=CARTESIAN_POINT('',(0.0161756925526979,-0.0130994948268256,0.106427967822533));
#14154=CARTESIAN_POINT('',(0.0167477156367507,-0.0123099908978263,0.104076431567029));
#14155=CARTESIAN_POINT('',(0.0161757925841259,-0.013099363610223,0.101725305909349));
#14156=CARTESIAN_POINT('',(0.0165570579473045,-0.0125731370047257,0.1040765));
#14157=CARTESIAN_POINT('',(0.0152047545590151,-0.0141839372665923,0.103182169849619));
#14158=CARTESIAN_POINT('',(0.0154517551101654,-0.0139080737032703,0.104075760651487));
#14159=CARTESIAN_POINT('',(0.0152036152573548,-0.014185194765966,0.104973787544435));
#14160=CARTESIAN_POINT('',(0.0145807529074148,-0.0148306542935263,0.105343060184116));
#14161=CARTESIAN_POINT('',(0.0139263458834803,-0.0154410242859477,0.104970969399059));
#14162=CARTESIAN_POINT('',(0.0136465202961592,-0.0156832364327363,0.104075243617141));
#14163=CARTESIAN_POINT('',(0.0139280919220383,-0.0154394838291958,0.103179492053627));
#14164=CARTESIAN_POINT('',(0.0145832172221349,-0.0148282212574233,0.102809834682562));
#14165=CARTESIAN_POINT('',(0.0152047545590151,-0.0141839372665923,0.103182169849619));
#14166=CARTESIAN_POINT('',(0.0154517551101654,-0.0139080737032703,0.104075760651487));
#14167=CARTESIAN_POINT('',(0.0152036152573548,-0.014185194765966,0.104973787544435));
#14168=CARTESIAN_POINT('',(0.0153692317095053,-0.0140002378076066,0.1040765));
#14169=CARTESIAN_POINT('',(0.,0.,0.0635));
#14170=CARTESIAN_POINT('',(0.152947445042715,0.,0.));
#14171=CARTESIAN_POINT('',(0.,0.,0.));
#14172=CARTESIAN_POINT('',(-0.0202565,0.,0.));
#14173=CARTESIAN_POINT('',(0.,0.,0.));
#14174=CARTESIAN_POINT('',(-0.0207899,0.,0.));
#14175=CARTESIAN_POINT('',(0.,0.,0.0635));
#14176=CARTESIAN_POINT('',(0.,0.,0.127));
#14177=CARTESIAN_POINT('',(-0.0207899,0.,0.127));
#14178=CARTESIAN_POINT('',(0.152947445042715,0.,0.127));
#14179=CARTESIAN_POINT('',(0.,0.,0.127));
#14180=CARTESIAN_POINT('',(-0.0202565,0.,0.127));
#14181=CARTESIAN_POINT('',(0.,0.,0.0635));
#14182=CARTESIAN_POINT('',(0.,-1.31471319969758E-19,0.0424561255835009));
#14183=CARTESIAN_POINT('',(0.,0.,0.000372833423385907));
#14184=CARTESIAN_POINT('',(-0.00184149999999969,-0.011846527051841,0.0165861999999992));
#14185=CARTESIAN_POINT('',(-0.00186250745022964,-0.0118432615192989,0.0165861999999996));
#14186=CARTESIAN_POINT('',(-0.00188191109030666,-0.011839102044717,0.0165367095723572));
#14187=CARTESIAN_POINT('',(-0.00190662536469925,-0.0118335410004736,0.0164622725050262));
#14188=CARTESIAN_POINT('',(-0.00193604992705853,-0.0118255560593893,0.0163145721801967));
#14189=CARTESIAN_POINT('',(-0.00196518480224905,-0.0118162793302437,0.0161089145457542));
#14190=CARTESIAN_POINT('',(-0.0019925412198624,-0.0118062379792565,0.0158580515073294));
#14191=CARTESIAN_POINT('',(-0.00202300562043299,-0.0117937936899618,0.0155238416692138));
#14192=CARTESIAN_POINT('',(-0.00205395115980507,-0.0117793369529038,0.0151053436008143));
#14193=CARTESIAN_POINT('',(-0.00208486071284244,-0.0117629604471608,0.0146028628008754));
#14194=CARTESIAN_POINT('',(-0.00211156607343987,-0.0117472409465694,0.0141000798008842));
#14195=CARTESIAN_POINT('',(-0.0021431133261784,-0.0117269208028492,0.0134294486974189));
#14196=CARTESIAN_POINT('',(-0.00217673712374073,-0.0117024417049171,0.0125908011288186));
#14197=CARTESIAN_POINT('',(-0.0022109292607514,-0.0116740631451689,0.0115843157868396));
#14198=CARTESIAN_POINT('',(-0.00225041578317619,-0.0116372252944899,0.010242149086434));
#14199=CARTESIAN_POINT('',(-0.00229095917993614,-0.0115926475441038,0.00856420783796389));
#14200=CARTESIAN_POINT('',(-0.00233001289640275,-0.0115408077171305,0.00655041181681308));
#14201=CARTESIAN_POINT('',(-0.00236176003509908,-0.0114902667353938,0.00453641811149876));
#14202=CARTESIAN_POINT('',(-0.00238764960612441,-0.0114407999831347,0.00252225236046665));
#14203=CARTESIAN_POINT('',(-0.00240163406177139,-0.0114084418732281,0.00117942473801476));
#14204=CARTESIAN_POINT('',(-0.00240791862187842,-0.0113924005125822,0.000507999999945566));
#14205=CARTESIAN_POINT('',(-0.0018415,-0.011846527051841,0.0165862000000065));
#14206=CARTESIAN_POINT('',(-0.00240791862187843,-0.0113924005125821,0.00050799999994555));
#14207=CARTESIAN_POINT('',(0.,0.,0.0165862));
#14208=CARTESIAN_POINT('',(-0.0118465270518411,0.00184149999999956,0.0165862000000031));
#14209=CARTESIAN_POINT('',(-0.0115857701318849,0.00116395531692378,0.000507999999945548));
#14210=CARTESIAN_POINT('',(-0.0115991463497205,0.00117481242350848,0.00117940100850682));
#14211=CARTESIAN_POINT('',(-0.0116257316223469,0.00119795875344548,0.00252218464616921));
#14212=CARTESIAN_POINT('',(-0.0116650035815958,0.00123764071918765,0.00453626511132848));
#14213=CARTESIAN_POINT('',(-0.0117035221064026,0.00128323059163406,0.00655022877416528));
#14214=CARTESIAN_POINT('',(-0.0117410616046273,0.00133617830799806,0.00856406776081691));
#14215=CARTESIAN_POINT('',(-0.0117712283664741,0.00138833939646822,0.010241991407744));
#14216=CARTESIAN_POINT('',(-0.0117943407344719,0.00143714220849513,0.0115841050685545));
#14217=CARTESIAN_POINT('',(-0.0118109999377704,0.00147833139556638,0.0125905209759567));
#14218=CARTESIAN_POINT('',(-0.0118241162176852,0.00151779383400601,0.0134290895003757));
#14219=CARTESIAN_POINT('',(-0.0118339003509475,0.0015540135782395,0.0140996395399781));
#14220=CARTESIAN_POINT('',(-0.0118407705714136,0.00158422137692643,0.0146023215088323));
#14221=CARTESIAN_POINT('',(-0.0118469905018688,0.00161862634753512,0.0151046436024203));
#14222=CARTESIAN_POINT('',(-0.0118513708399277,0.00165247783918408,0.0155229715703672));
#14223=CARTESIAN_POINT('',(-0.0118539812637149,0.00168523673239813,0.015856920510212));
#14224=CARTESIAN_POINT('',(-0.0118552485286946,0.00171432637072347,0.0161077949622665));
#14225=CARTESIAN_POINT('',(-0.0118552517138487,0.00174492335407083,0.0163139536517349));
#14226=CARTESIAN_POINT('',(-0.0118539248411437,0.0017754750030841,0.0164621421276896));
#14227=CARTESIAN_POINT('',(-0.0118517263820059,0.00180066761276068,0.0165365074476395));
#14228=CARTESIAN_POINT('',(-0.0118497986689007,0.00182045340754707,0.0165861999999984));
#14229=CARTESIAN_POINT('',(-0.0118465270518411,0.00184149999999938,0.0165861999999992));
#14230=CARTESIAN_POINT('',(-0.0115857701318849,0.00116395531692376,0.000507999999945548));
#14231=CARTESIAN_POINT('',(-0.0115857701318849,0.00116395531692376,0.000507999999945548));
#14232=CARTESIAN_POINT('',(-0.0115848508067358,0.0011632091261,0.000461855728126722));
#14233=CARTESIAN_POINT('',(-0.0115832246934374,0.00116980098540687,0.000416804981737821));
#14234=CARTESIAN_POINT('',(-0.011580864118301,0.00118362547097188,0.000372833423385907));
#14235=CARTESIAN_POINT('',(-0.011580864118301,0.00118362547097188,0.000372833423385907));
#14236=CARTESIAN_POINT('',(0.,0.,0.000372833423385907));
#14237=CARTESIAN_POINT('',(-0.00238768738413738,-0.0113936970267651,0.000372833423385907));
#14238=CARTESIAN_POINT('',(-0.00238768738413738,-0.0113936970267651,0.000372833423385907));
#14239=CARTESIAN_POINT('',(-0.0024015761051359,-0.0113917496836683,0.000416804981737822));
#14240=CARTESIAN_POINT('',(-0.00240835053394204,-0.0113912980555787,0.000461855728126721));
#14241=CARTESIAN_POINT('',(-0.00240791862187843,-0.0113924005125821,0.000507999999945548));
#14242=CARTESIAN_POINT('',(0.,0.,0.000372833423385907));
#14243=CARTESIAN_POINT('',(-0.00116395531692377,-0.0115857701318849,0.000507999999945547));
#14244=CARTESIAN_POINT('',(-0.00117481242350847,-0.0115991463497205,0.00117940100850683));
#14245=CARTESIAN_POINT('',(-0.00119795875344547,-0.0116257316223469,0.00252218464616925));
#14246=CARTESIAN_POINT('',(-0.00123764071918765,-0.0116650035815958,0.00453626511132854));
#14247=CARTESIAN_POINT('',(-0.00128323059163405,-0.0117035221064026,0.00655022877416537));
#14248=CARTESIAN_POINT('',(-0.00133617830799806,-0.0117410616046273,0.00856406776081705));
#14249=CARTESIAN_POINT('',(-0.00138833939646822,-0.0117712283664741,0.0102419914077442));
#14250=CARTESIAN_POINT('',(-0.00143714220849513,-0.0117943407344719,0.0115841050685547));
#14251=CARTESIAN_POINT('',(-0.00147833139556639,-0.0118109999377704,0.0125905209759569));
#14252=CARTESIAN_POINT('',(-0.00151779383400601,-0.0118241162176852,0.0134290895003759));
#14253=CARTESIAN_POINT('',(-0.00155401357823951,-0.0118339003509475,0.0140996395399783));
#14254=CARTESIAN_POINT('',(-0.00158422137692644,-0.0118407705714136,0.0146023215088325));
#14255=CARTESIAN_POINT('',(-0.00161862634753514,-0.0118469905018688,0.0151046436024205));
#14256=CARTESIAN_POINT('',(-0.00165247783918411,-0.0118513708399277,0.0155229715703674));
#14257=CARTESIAN_POINT('',(-0.00168523673239814,-0.0118539812637149,0.0158569205102122));
#14258=CARTESIAN_POINT('',(-0.00171432637072351,-0.0118552485286946,0.0161077949622668));
#14259=CARTESIAN_POINT('',(-0.00174492335407081,-0.0118552517138487,0.0163139536517351));
#14260=CARTESIAN_POINT('',(-0.00177547500308419,-0.0118539248411437,0.01646214212769));
#14261=CARTESIAN_POINT('',(-0.00180066761276074,-0.0118517263820059,0.0165365074476396));
#14262=CARTESIAN_POINT('',(-0.00182045340754737,-0.0118497986689007,0.0165861999999988));
#14263=CARTESIAN_POINT('',(-0.00184149999999969,-0.011846527051841,0.0165861999999992));
#14264=CARTESIAN_POINT('',(-0.00116395531692376,-0.0115857701318849,0.000507999999945548));
#14265=CARTESIAN_POINT('',(-0.00116395531692376,-0.0115857701318849,0.000507999999945548));
#14266=CARTESIAN_POINT('',(-0.0011632091261,-0.0115848508067358,0.000461855728126722));
#14267=CARTESIAN_POINT('',(-0.00116980098540687,-0.0115832246934374,0.000416804981737821));
#14268=CARTESIAN_POINT('',(-0.00118362547097187,-0.011580864118301,0.000372833423385907));
#14269=CARTESIAN_POINT('',(-0.00118362547097187,-0.011580864118301,0.000372833423385907));
#14270=CARTESIAN_POINT('',(0.,0.,0.000372833423385907));
#14271=CARTESIAN_POINT('',(0.0113936970267651,-0.00238768738413739,0.000372833423385907));
#14272=CARTESIAN_POINT('',(0.0113936970267651,-0.00238768738413739,0.000372833423385907));
#14273=CARTESIAN_POINT('',(0.0113917496836683,-0.00240157610513591,0.000416804981737821));
#14274=CARTESIAN_POINT('',(0.0113912980555787,-0.00240835053394205,0.000461855728126721));
#14275=CARTESIAN_POINT('',(0.0113924005125821,-0.00240791862187844,0.000507999999945547));
#14276=CARTESIAN_POINT('',(0.0113924005125821,-0.00240791862187844,0.000507999999945548));
#14277=CARTESIAN_POINT('',(0.0113924005125822,-0.00240791862187843,0.000507999999945548));
#14278=CARTESIAN_POINT('',(0.0114084413062939,-0.00240163428388046,0.00117940100850682));
#14279=CARTESIAN_POINT('',(0.0114407983487463,-0.00238765032471615,0.00252218464616921));
#14280=CARTESIAN_POINT('',(0.0114902629521879,-0.00236176213832208,0.00453626511132847));
#14281=CARTESIAN_POINT('',(0.0115408030643923,-0.00233001611051794,0.00655022877416527));
#14282=CARTESIAN_POINT('',(0.0115926438779191,-0.00229096224197704,0.0085640677608169));
#14283=CARTESIAN_POINT('',(0.0116372210650934,-0.00225041983141307,0.010241991407744));
#14284=CARTESIAN_POINT('',(0.0116740573029556,-0.0022109358144396,0.0115841050685545));
#14285=CARTESIAN_POINT('',(0.011702433706418,-0.00217674725037687,0.0125905209759567));
#14286=CARTESIAN_POINT('',(0.0117269101983395,-0.00214312847304008,0.0134290895003757));
#14287=CARTESIAN_POINT('',(0.0117472274324956,-0.0021115878780508,0.0140996395399781));
#14288=CARTESIAN_POINT('',(0.0117629432798253,-0.00208489100232584,0.0146023215088322));
#14289=CARTESIAN_POINT('',(0.0117793136064587,-0.00205399760588961,0.0151046436024203));
#14290=CARTESIAN_POINT('',(0.0117937631326383,-0.00202307314887649,0.0155229715703671));
#14291=CARTESIAN_POINT('',(0.0118061945946894,-0.00199265246268718,0.0158569205102119));
#14292=CARTESIAN_POINT('',(0.0118162324467225,-0.00196532016411954,0.0161077949622665));
#14293=CARTESIAN_POINT('',(0.0118255234332937,-0.00193616792632144,0.0163139536517349));
#14294=CARTESIAN_POINT('',(0.0118335333618057,-0.00190665513428412,0.0164621421276896));
#14295=CARTESIAN_POINT('',(0.0118390860534257,-0.00188198392797654,0.0165365074476395));
#14296=CARTESIAN_POINT('',(0.0118432554347812,-0.00186254659245298,0.0165861999999984));
#14297=CARTESIAN_POINT('',(0.0118465270518409,-0.00184150000000062,0.0165861999999992));
#14298=CARTESIAN_POINT('',(0.011846527051841,-0.00184150000000046,0.016586200000003));
#14299=CARTESIAN_POINT('',(0.,0.,0.0165862));
#14300=CARTESIAN_POINT('',(0.,0.,0.000381));
#14301=CARTESIAN_POINT('',(-0.00118362547097187,-0.011580864118301,0.000372833423385907));
#14302=CARTESIAN_POINT('',(-0.00125492213080386,-0.0115686899855484,0.000146060049189999));
#14303=CARTESIAN_POINT('',(-0.00135757953784558,-0.0113353353881541,-1.34870025276024E-18));
#14304=CARTESIAN_POINT('',(-0.00151137483959219,-0.0111583902078513,4.26113018707992E-35));
#14305=CARTESIAN_POINT('',(-0.00151137483959219,-0.0111583902078513,0.));
#14306=CARTESIAN_POINT('',(0.,0.,0.));
#14307=CARTESIAN_POINT('',(0.011090649240446,-0.00194715827857365,0.));
#14308=CARTESIAN_POINT('',(0.0113936970267651,-0.00238768738413739,0.000372833423385907));
#14309=CARTESIAN_POINT('',(0.0114037400086684,-0.00231605944457491,0.000146060049189997));
#14310=CARTESIAN_POINT('',(0.0112125591581308,-0.00214740952986018,3.45620684783914E-19));
#14311=CARTESIAN_POINT('',(0.011090649240446,-0.00194715827857365,-2.34183598966314E-35));
#14312=CARTESIAN_POINT('',(0.,0.,0.000381));
#14313=CARTESIAN_POINT('',(0.,0.,0.));
#14314=CARTESIAN_POINT('',(-0.0111583902078513,0.00151137483959219,0.));
#14315=CARTESIAN_POINT('',(-0.00194715827857364,-0.011090649240446,0.));
#14316=CARTESIAN_POINT('',(-0.00238768738413738,-0.0113936970267651,0.000372833423385907));
#14317=CARTESIAN_POINT('',(-0.0023160594445749,-0.0114037400086684,0.000146060049189998));
#14318=CARTESIAN_POINT('',(-0.0021474095298601,-0.011212559158131,3.45620684783742E-19));
#14319=CARTESIAN_POINT('',(-0.00194715827857364,-0.011090649240446,-2.34183598966314E-35));
#14320=CARTESIAN_POINT('',(-0.011580864118301,0.00118362547097188,0.000372833423385907));
#14321=CARTESIAN_POINT('',(-0.0115686899855484,0.00125492213080387,0.000146060049189999));
#14322=CARTESIAN_POINT('',(-0.0113353353881541,0.00135757953784559,-1.34870025276024E-18));
#14323=CARTESIAN_POINT('',(-0.0111583902078513,0.00151137483959219,-1.50651155502532E-36));
#14324=CARTESIAN_POINT('',(0.,0.,0.000381));
#14325=CARTESIAN_POINT('',(0.,0.,0.000372833423385907));
#14326=CARTESIAN_POINT('',(0.00118362547097188,0.011580864118301,0.000372833423385907));
#14327=CARTESIAN_POINT('',(-0.0113936970267651,0.00238768738413738,0.000372833423385907));
#14328=CARTESIAN_POINT('',(0.00118362547097188,0.011580864118301,0.000372833423385907));
#14329=CARTESIAN_POINT('',(0.00125492213080387,0.0115686899855484,0.00014606004919));
#14330=CARTESIAN_POINT('',(0.00135757953784559,0.0113353353881541,-1.34870025276024E-18));
#14331=CARTESIAN_POINT('',(0.0015113748395922,0.0111583902078513,3.13783219089413E-35));
#14332=CARTESIAN_POINT('',(0.00151137483959219,0.0111583902078513,0.));
#14333=CARTESIAN_POINT('',(0.,0.,0.));
#14334=CARTESIAN_POINT('',(-0.011090649240446,0.00194715827857364,0.));
#14335=CARTESIAN_POINT('',(-0.0113936970267651,0.00238768738413738,0.000372833423385907));
#14336=CARTESIAN_POINT('',(-0.0114037400086684,0.00231605944457491,0.000146060049189997));
#14337=CARTESIAN_POINT('',(-0.0112125591581307,0.00214740952986025,3.45620684784086E-19));
#14338=CARTESIAN_POINT('',(-0.011090649240446,0.00194715827857364,-2.34183598966314E-35));
#14339=CARTESIAN_POINT('',(0.,0.,0.000372833423385907));
#14340=CARTESIAN_POINT('',(0.,0.,0.000372833423385907));
#14341=CARTESIAN_POINT('',(0.011580864118301,-0.00118362547097188,0.000372833423385907));
#14342=CARTESIAN_POINT('',(0.00238768738413739,0.0113936970267651,0.000372833423385907));
#14343=CARTESIAN_POINT('',(0.00238768738413739,0.0113936970267651,0.000372833423385907));
#14344=CARTESIAN_POINT('',(0.00240157610513591,0.0113917496836683,0.000416804981737821));
#14345=CARTESIAN_POINT('',(0.00240835053394205,0.0113912980555787,0.000461855728126721));
#14346=CARTESIAN_POINT('',(0.00240791862187844,0.0113924005125821,0.000507999999945547));
#14347=CARTESIAN_POINT('',(0.00240791862187844,0.0113924005125821,0.000507999999945548));
#14348=CARTESIAN_POINT('',(0.00240791862187843,0.0113924005125822,0.000507999999945548));
#14349=CARTESIAN_POINT('',(0.00240163428388046,0.0114084413062939,0.00117940100850682));
#14350=CARTESIAN_POINT('',(0.00238765032471615,0.0114407983487463,0.00252218464616922));
#14351=CARTESIAN_POINT('',(0.00236176213832208,0.0114902629521879,0.00453626511132849));
#14352=CARTESIAN_POINT('',(0.00233001611051794,0.0115408030643923,0.00655022877416529));
#14353=CARTESIAN_POINT('',(0.00229096224197704,0.0115926438779191,0.00856406776081694));
#14354=CARTESIAN_POINT('',(0.00225041983141307,0.0116372210650934,0.010241991407744));
#14355=CARTESIAN_POINT('',(0.0022109358144396,0.0116740573029556,0.0115841050685546));
#14356=CARTESIAN_POINT('',(0.00217674725037687,0.011702433706418,0.0125905209759567));
#14357=CARTESIAN_POINT('',(0.00214312847304007,0.0117269101983395,0.0134290895003757));
#14358=CARTESIAN_POINT('',(0.0021115878780508,0.0117472274324956,0.0140996395399782));
#14359=CARTESIAN_POINT('',(0.00208489100232583,0.0117629432798253,0.0146023215088323));
#14360=CARTESIAN_POINT('',(0.0020539976058896,0.0117793136064587,0.0151046436024203));
#14361=CARTESIAN_POINT('',(0.00202307314887649,0.0117937631326383,0.0155229715703672));
#14362=CARTESIAN_POINT('',(0.00199265246268717,0.0118061945946895,0.015856920510212));
#14363=CARTESIAN_POINT('',(0.00196532016411955,0.0118162324467225,0.0161077949622665));
#14364=CARTESIAN_POINT('',(0.0019361679263214,0.0118255234332937,0.016313953651735));
#14365=CARTESIAN_POINT('',(0.00190665513428415,0.0118335333618057,0.0164621421276897));
#14366=CARTESIAN_POINT('',(0.00188198392797651,0.0118390860534257,0.0165365074476395));
#14367=CARTESIAN_POINT('',(0.00186254659245299,0.0118432554347812,0.0165861999999984));
#14368=CARTESIAN_POINT('',(0.00184150000000062,0.0118465270518409,0.0165861999999992));
#14369=CARTESIAN_POINT('',(0.00184150000000046,0.011846527051841,0.0165862000000031));
#14370=CARTESIAN_POINT('',(0.,0.,0.0165862));
#14371=CARTESIAN_POINT('',(0.0118465270518409,-0.00184150000000061,0.0165861999999993));
#14372=CARTESIAN_POINT('',(0.011849792584383,-0.0018204925497706,0.0165862000000001));
#14373=CARTESIAN_POINT('',(0.0118517195082769,-0.00180074186772289,0.0165367095723574));
#14374=CARTESIAN_POINT('',(0.0118539230825776,-0.00177550568670967,0.0164622725050265));
#14375=CARTESIAN_POINT('',(0.0118552469808261,-0.00174504568921158,0.016314572180197));
#14376=CARTESIAN_POINT('',(0.0118552521097787,-0.00171446957713528,0.0161089145457545));
#14377=CARTESIAN_POINT('',(0.0118539888324734,-0.00168535589573402,0.0158580515073296));
#14378=CARTESIAN_POINT('',(0.011851379456561,-0.0016525514570782,0.0155238416692141));
#14379=CARTESIAN_POINT('',(0.0118469986475967,-0.00161867768896462,0.0151053436008146));
#14380=CARTESIAN_POINT('',(0.011840777734067,-0.00158425544841906,0.0146028628008756));
#14381=CARTESIAN_POINT('',(0.0118339066083744,-0.00155403845625906,0.0141000798008845));
#14382=CARTESIAN_POINT('',(0.0118241217238529,-0.00151781148521451,0.0134294486974191));
#14383=CARTESIAN_POINT('',(0.0118110044848258,-0.00147834347236383,0.0125908011288189));
#14384=CARTESIAN_POINT('',(0.0117943443115861,-0.00143715022638389,0.0115843157868398));
#14385=CARTESIAN_POINT('',(0.0117712311674246,-0.00138834453754724,0.0102421490864342));
#14386=CARTESIAN_POINT('',(0.0117410641683097,-0.00133618233844937,0.00856420783796405));
#14387=CARTESIAN_POINT('',(0.0117035255639226,-0.00128323506645971,0.00655041181681317));
#14388=CARTESIAN_POINT('',(0.011665006547834,-0.00123764387158744,0.00453641811149886));
#14389=CARTESIAN_POINT('',(0.0116257329614793,-0.00119795993426032,0.00252225236046668));
#14390=CARTESIAN_POINT('',(0.0115991468224798,-0.00117481280723414,0.00117942473801475));
#14391=CARTESIAN_POINT('',(0.0115857701318849,-0.00116395531692378,0.000507999999945545));
#14392=CARTESIAN_POINT('',(0.0115857701318849,-0.00116395531692377,0.000507999999945549));
#14393=CARTESIAN_POINT('',(0.0115857701318849,-0.00116395531692377,0.000507999999945548));
#14394=CARTESIAN_POINT('',(0.0115848508067358,-0.00116320912610001,0.000461855728126722));
#14395=CARTESIAN_POINT('',(0.0115832246934374,-0.00116980098540687,0.00041680498173782));
#14396=CARTESIAN_POINT('',(0.011580864118301,-0.00118362547097188,0.000372833423385907));
#14397=CARTESIAN_POINT('',(0.,0.,0.000381));
#14398=CARTESIAN_POINT('',(0.,0.,0.));
#14399=CARTESIAN_POINT('',(0.0111583902078513,-0.00151137483959219,0.));
#14400=CARTESIAN_POINT('',(0.00194715827857364,0.011090649240446,0.));
#14401=CARTESIAN_POINT('',(0.00238768738413739,0.0113936970267651,0.000372833423385907));
#14402=CARTESIAN_POINT('',(0.00231605944457491,0.0114037400086684,0.000146060049189995));
#14403=CARTESIAN_POINT('',(0.00214740952986018,0.0112125591581308,-1.38248273913567E-18));
#14404=CARTESIAN_POINT('',(0.00194715827857364,0.011090649240446,-5.85458997415784E-36));
#14405=CARTESIAN_POINT('',(0.011580864118301,-0.00118362547097188,0.000372833423385907));
#14406=CARTESIAN_POINT('',(0.0115686899855484,-0.00125492213080387,0.00014606004919));
#14407=CARTESIAN_POINT('',(0.0113353353881541,-0.00135757953784559,-1.34870025276024E-18));
#14408=CARTESIAN_POINT('',(0.0111583902078513,-0.00151137483959219,-1.50651155502532E-36));
#14409=CARTESIAN_POINT('',(0.,0.,0.000372833423385907));
#14410=CARTESIAN_POINT('',(0.,0.,0.0165862));
#14411=CARTESIAN_POINT('',(0.00184150000000062,0.0118465270518409,0.0165861999999992));
#14412=CARTESIAN_POINT('',(0.00182049254977062,0.011849792584383,0.0165862));
#14413=CARTESIAN_POINT('',(0.0018007418677229,0.0118517195082769,0.0165367095723575));
#14414=CARTESIAN_POINT('',(0.00177550568670969,0.0118539230825776,0.0164622725050265));
#14415=CARTESIAN_POINT('',(0.0017450456892116,0.0118552469808261,0.0163145721801971));
#14416=CARTESIAN_POINT('',(0.00171446957713527,0.0118552521097787,0.0161089145457546));
#14417=CARTESIAN_POINT('',(0.00168535589573403,0.0118539888324734,0.0158580515073297));
#14418=CARTESIAN_POINT('',(0.0016525514570782,0.011851379456561,0.0155238416692142));
#14419=CARTESIAN_POINT('',(0.00161867768896462,0.0118469986475967,0.0151053436008147));
#14420=CARTESIAN_POINT('',(0.00158425544841907,0.0118407777340671,0.0146028628008757));
#14421=CARTESIAN_POINT('',(0.00155403845625905,0.0118339066083744,0.0141000798008845));
#14422=CARTESIAN_POINT('',(0.00151781148521452,0.0118241217238529,0.0134294486974192));
#14423=CARTESIAN_POINT('',(0.00147834347236383,0.0118110044848258,0.0125908011288189));
#14424=CARTESIAN_POINT('',(0.00143715022638389,0.0117943443115861,0.0115843157868398));
#14425=CARTESIAN_POINT('',(0.00138834453754724,0.0117712311674246,0.0102421490864343));
#14426=CARTESIAN_POINT('',(0.00133618233844937,0.0117410641683097,0.00856420783796406));
#14427=CARTESIAN_POINT('',(0.00128323506645971,0.0117035255639226,0.00655041181681319));
#14428=CARTESIAN_POINT('',(0.00123764387158744,0.011665006547834,0.00453641811149886));
#14429=CARTESIAN_POINT('',(0.00119795993426032,0.0116257329614793,0.0025222523604667));
#14430=CARTESIAN_POINT('',(0.00117481280723414,0.0115991468224798,0.00117942473801474));
#14431=CARTESIAN_POINT('',(0.00116395531692378,0.0115857701318849,0.000507999999945533));
#14432=CARTESIAN_POINT('',(0.00116395531692377,0.0115857701318849,0.000507999999945549));
#14433=CARTESIAN_POINT('',(0.00116395531692376,0.0115857701318849,0.000507999999945548));
#14434=CARTESIAN_POINT('',(0.0011632091261,0.0115848508067358,0.000461855728126722));
#14435=CARTESIAN_POINT('',(0.00116980098540687,0.0115832246934374,0.000416804981737821));
#14436=CARTESIAN_POINT('',(0.00118362547097188,0.011580864118301,0.000372833423385907));
#14437=CARTESIAN_POINT('',(-0.0113936970267651,0.00238768738413738,0.000372833423385907));
#14438=CARTESIAN_POINT('',(-0.0113917496836683,0.0024015761051359,0.00041680498173782));
#14439=CARTESIAN_POINT('',(-0.0113912980555787,0.00240835053394205,0.000461855728126722));
#14440=CARTESIAN_POINT('',(-0.0113924005125821,0.00240791862187843,0.000507999999945547));
#14441=CARTESIAN_POINT('',(-0.0113924005125821,0.00240791862187843,0.000507999999945545));
#14442=CARTESIAN_POINT('',(-0.0118465270518411,0.00184149999999938,0.0165861999999992));
#14443=CARTESIAN_POINT('',(-0.011843261519299,0.00186250745022932,0.0165862));
#14444=CARTESIAN_POINT('',(-0.011839102044717,0.00188191109030659,0.0165367095723575));
#14445=CARTESIAN_POINT('',(-0.0118335410004736,0.00190662536469916,0.0164622725050266));
#14446=CARTESIAN_POINT('',(-0.0118255560593893,0.00193604992705849,0.016314572180197));
#14447=CARTESIAN_POINT('',(-0.0118162793302437,0.00196518480224903,0.0161089145457546));
#14448=CARTESIAN_POINT('',(-0.0118062379792565,0.00199254121986237,0.0158580515073297));
#14449=CARTESIAN_POINT('',(-0.0117937936899618,0.00202300562043297,0.0155238416692142));
#14450=CARTESIAN_POINT('',(-0.0117793369529038,0.00205395115980506,0.0151053436008147));
#14451=CARTESIAN_POINT('',(-0.0117629604471608,0.00208486071284243,0.0146028628008757));
#14452=CARTESIAN_POINT('',(-0.0117472409465694,0.00211156607343986,0.0141000798008845));
#14453=CARTESIAN_POINT('',(-0.0117269208028492,0.0021431133261784,0.0134294486974192));
#14454=CARTESIAN_POINT('',(-0.0117024417049172,0.00217673712374073,0.0125908011288189));
#14455=CARTESIAN_POINT('',(-0.0116740631451689,0.0022109292607514,0.0115843157868399));
#14456=CARTESIAN_POINT('',(-0.01163722529449,0.00225041578317619,0.0102421490864342));
#14457=CARTESIAN_POINT('',(-0.0115926475441038,0.00229095917993615,0.00856420783796405));
#14458=CARTESIAN_POINT('',(-0.0115408077171305,0.00233001289640275,0.00655041181681323));
#14459=CARTESIAN_POINT('',(-0.0114902667353938,0.00236176003509908,0.00453641811149885));
#14460=CARTESIAN_POINT('',(-0.0114407999831347,0.00238764960612441,0.0025222523604667));
#14461=CARTESIAN_POINT('',(-0.0114084418732281,0.00240163406177139,0.00117942473801475));
#14462=CARTESIAN_POINT('',(-0.0113924005125822,0.00240791862187843,0.000507999999945544));
#14463=CARTESIAN_POINT('',(0.,0.,0.0268478));
#14464=CARTESIAN_POINT('',(0.,0.,0.0268478));
#14465=CARTESIAN_POINT('',(0.00108025298927031,-0.0105238020833334,0.0268478));
#14466=CARTESIAN_POINT('',(0.00965400644320148,0.00432637451044454,0.0268478));
#14467=CARTESIAN_POINT('',(0.00965400644320154,0.00432637451044448,0.0268478));
#14468=CARTESIAN_POINT('',(0.00968704217445166,0.00395814429527305,0.0225329955127873));
#14469=CARTESIAN_POINT('',(0.00962661251950274,0.0034384769678971,0.0138879924735407));
#14470=CARTESIAN_POINT('',(0.00951317723180241,0.00300794571022784,0.00523943292369796));
#14471=CARTESIAN_POINT('',(0.00944612825664455,0.00280991601280561,0.000914399999999997));
#14472=CARTESIAN_POINT('',(0.00944612825664455,0.00280991601280562,0.0009144));
#14473=CARTESIAN_POINT('',(0.,0.,0.0009144));
#14474=CARTESIAN_POINT('',(0.00228960547873194,-0.009585545044063,0.0009144));
#14475=CARTESIAN_POINT('',(0.00228960547873194,-0.009585545044063,0.0009144));
#14476=CARTESIAN_POINT('',(0.0021516291401128,-0.00974262837378152,0.0052394980472305));
#14477=CARTESIAN_POINT('',(0.00183552694206738,-0.0100561150144755,0.013887591467069));
#14478=CARTESIAN_POINT('',(0.00141561298239761,-0.0103683220688456,0.0225336978057918));
#14479=CARTESIAN_POINT('',(0.00108025298927031,-0.0105238020833334,0.0268478));
#14480=CARTESIAN_POINT('',(0.,0.,0.0268478));
#14481=CARTESIAN_POINT('',(-0.00965400644320154,0.00432637451044449,0.0268478));
#14482=CARTESIAN_POINT('',(-0.00968704217445166,0.00395814429527305,0.0225329955127873));
#14483=CARTESIAN_POINT('',(-0.00962661251950274,0.0034384769678971,0.0138879924735407));
#14484=CARTESIAN_POINT('',(-0.00951317723180241,0.00300794571022784,0.00523943292369798));
#14485=CARTESIAN_POINT('',(-0.00944612825664455,0.00280991601280561,0.000914400000000011));
#14486=CARTESIAN_POINT('',(-0.0096540064432014,0.00432637451044474,0.0268478));
#14487=CARTESIAN_POINT('',(-0.00944612825664455,0.00280991601280562,0.0009144));
#14488=CARTESIAN_POINT('',(0.,0.,0.0268478));
#14489=CARTESIAN_POINT('',(-0.00108025298927031,-0.0105238020833334,0.0268478));
#14490=CARTESIAN_POINT('',(-0.00108025298927039,-0.0105238020833334,0.0268478));
#14491=CARTESIAN_POINT('',(-0.00141566757567492,-0.0103682967582429,0.0225329955127873));
#14492=CARTESIAN_POINT('',(-0.0018354978552248,-0.0100561294782272,0.0138879924735407));
#14493=CARTESIAN_POINT('',(-0.00215163121763948,-0.00974262600855853,0.00523943292369796));
#14494=CARTESIAN_POINT('',(-0.00228960547873194,-0.009585545044063,0.000914399999999997));
#14495=CARTESIAN_POINT('',(-0.00228960547873193,-0.009585545044063,0.0009144));
#14496=CARTESIAN_POINT('',(0.,0.,0.0009144));
#14497=CARTESIAN_POINT('',(0.,0.,0.0268478));
#14498=CARTESIAN_POINT('',(0.,0.,0.0009144));
#14499=CARTESIAN_POINT('',(0.00715652277791261,0.00677562903125739,0.0009144));
#14500=CARTESIAN_POINT('',(-0.00715652277791261,0.00677562903125739,0.0009144));
#14501=CARTESIAN_POINT('',(0.00715652277791261,0.00677562903125739,0.0009144));
#14502=CARTESIAN_POINT('',(0.00736154910126946,0.00673467968175132,0.0052394980472305));
#14503=CARTESIAN_POINT('',(0.00779108759488018,0.00661767046839885,0.013887591467069));
#14504=CARTESIAN_POINT('',(0.00827142381504028,0.00641011783910616,0.0225336978057918));
#14505=CARTESIAN_POINT('',(0.00857375345393118,0.00619742757288887,0.0268478));
#14506=CARTESIAN_POINT('',(0.00857375345393117,0.00619742757288888,0.0268478));
#14507=CARTESIAN_POINT('',(0.,0.,0.0268478));
#14508=CARTESIAN_POINT('',(-0.00857375345393117,0.00619742757288888,0.0268478));
#14509=CARTESIAN_POINT('',(-0.00715652277791261,0.00677562903125739,0.000914400000000002));
#14510=CARTESIAN_POINT('',(-0.00736154910126946,0.00673467968175132,0.0052394980472305));
#14511=CARTESIAN_POINT('',(-0.00779108759488018,0.00661767046839885,0.013887591467069));
#14512=CARTESIAN_POINT('',(-0.00827142381504028,0.00641011783910616,0.0225336978057918));
#14513=CARTESIAN_POINT('',(-0.00857375345393118,0.00619742757288887,0.0268478));
#14514=CARTESIAN_POINT('',(0.,0.,-0.0032512));
#14515=CARTESIAN_POINT('',(0.00338856771256869,0.0018415,-1.67893924096184E-18));
#14516=CARTESIAN_POINT('',(0.00340839212119256,0.00186885331623643,0.000304794095205889));
#14517=CARTESIAN_POINT('',(0.00342812301089194,0.00189620717146888,0.000609594196367526));
#14518=CARTESIAN_POINT('',(0.00344776510721644,0.00192356153846167,0.0009144000000015));
#14519=CARTESIAN_POINT('',(0.00338856771256868,0.0018415,-8.47566152485453E-19));
#14520=CARTESIAN_POINT('',(0.00344776510720841,0.0019235615384759,0.000914400000000744));
#14521=CARTESIAN_POINT('',(0.00317330090432882,0.00154972564102564,-0.0032512));
#14522=CARTESIAN_POINT('',(0.00324640396742079,0.00164697581796677,-0.00216755517122744));
#14523=CARTESIAN_POINT('',(0.00331807416913813,0.00174423444102835,-0.00108381622854122));
#14524=CARTESIAN_POINT('',(0.00338856771256869,0.0018415,-1.43628330387585E-18));
#14525=CARTESIAN_POINT('',(0.00317330090432882,0.00154972564102564,-0.0032512));
#14526=CARTESIAN_POINT('',(0.,0.,-0.0032512));
#14527=CARTESIAN_POINT('',(0.00317330090432882,-0.00154972564102564,-0.0032512));
#14528=CARTESIAN_POINT('',(0.00317330090432882,-0.00154972564102564,-0.0032512));
#14529=CARTESIAN_POINT('',(0.00324640396742079,-0.00164697581796677,-0.00216755517122744));
#14530=CARTESIAN_POINT('',(0.00331807416913813,-0.00174423444102835,-0.00108381622854122));
#14531=CARTESIAN_POINT('',(0.00338856771256869,-0.0018415,-1.43628330387585E-18));
#14532=CARTESIAN_POINT('',(0.00338856771256868,-0.0018415,-8.47566152485453E-19));
#14533=CARTESIAN_POINT('',(0.00338856771256869,-0.0018415,-1.67893924096184E-18));
#14534=CARTESIAN_POINT('',(0.00340839212119256,-0.00186885331623643,0.000304794095205889));
#14535=CARTESIAN_POINT('',(0.00342812301089194,-0.00189620717146888,0.000609594196367526));
#14536=CARTESIAN_POINT('',(0.00344776510721644,-0.00192356153846167,0.0009144000000015));
#14537=CARTESIAN_POINT('',(0.00344776510720841,-0.0019235615384759,0.000914400000000744));
#14538=CARTESIAN_POINT('',(0.,0.,0.0009144));
#14539=CARTESIAN_POINT('',(0.,0.,-0.0032512));
#14540=CARTESIAN_POINT('',(-0.00344776510721635,0.00192356153846154,0.0009144));
#14541=CARTESIAN_POINT('',(-0.00342812301089187,0.00189620717146879,0.000609594196366527));
#14542=CARTESIAN_POINT('',(-0.00340839212119252,0.00186885331623638,0.000304794095205392));
#14543=CARTESIAN_POINT('',(-0.00338856771256869,0.0018415,2.14127661252343E-18));
#14544=CARTESIAN_POINT('',(-0.00344776510721634,0.00192356153846154,0.0009144));
#14545=CARTESIAN_POINT('',(-0.00338856771256869,0.0018415,2.16840434497101E-18));
#14546=CARTESIAN_POINT('',(0.,0.,0.0009144));
#14547=CARTESIAN_POINT('',(-0.00344776510721634,-0.00192356153846154,0.0009144));
#14548=CARTESIAN_POINT('',(-0.00344776510721635,-0.00192356153846154,0.0009144));
#14549=CARTESIAN_POINT('',(-0.00342812301089187,-0.00189620717146879,0.000609594196366527));
#14550=CARTESIAN_POINT('',(-0.00340839212119252,-0.00186885331623638,0.000304794095205392));
#14551=CARTESIAN_POINT('',(-0.00338856771256869,-0.0018415,2.14127661252343E-18));
#14552=CARTESIAN_POINT('',(-0.00338856771256869,-0.0018415,2.16840434497101E-18));
#14553=CARTESIAN_POINT('',(-0.00338856771256869,-0.0018415,2.25898534359896E-18));
#14554=CARTESIAN_POINT('',(-0.00331807416913813,-0.00174423444102835,-0.00108381622854121));
#14555=CARTESIAN_POINT('',(-0.00324640396742079,-0.00164697581796677,-0.00216755517122744));
#14556=CARTESIAN_POINT('',(-0.00317330090432882,-0.00154972564102564,-0.0032512));
#14557=CARTESIAN_POINT('',(-0.00317330090432882,-0.00154972564102564,-0.0032512));
#14558=CARTESIAN_POINT('',(0.,0.,-0.0032512));
#14559=CARTESIAN_POINT('',(-0.00317330090432882,0.00154972564102564,-0.0032512));
#14560=CARTESIAN_POINT('',(-0.00338856771256869,0.0018415,2.25898534369994E-18));
#14561=CARTESIAN_POINT('',(-0.00331807416913813,0.00174423444102835,-0.00108381622854121));
#14562=CARTESIAN_POINT('',(-0.00324640396742079,0.00164697581796677,-0.00216755517122744));
#14563=CARTESIAN_POINT('',(-0.00317330090432882,0.00154972564102564,-0.0032512));
#14564=CARTESIAN_POINT('',(0.00182573009477643,0.,-0.0032512));
#14565=CARTESIAN_POINT('',(0.00182573009477643,-0.00154972564102564,-0.0032512));
#14566=CARTESIAN_POINT('',(0.00182573009477643,0.00154972564102564,-0.0032512));
#14567=CARTESIAN_POINT('',(0.00274876225739717,0.,-0.004953));
#14568=CARTESIAN_POINT('',(0.,0.,-0.004953));
#14569=CARTESIAN_POINT('',(0.00396478053490984,-0.001397,-0.004953));
#14570=CARTESIAN_POINT('',(0.00396478053490984,0.001397,-0.004953));
#14571=CARTESIAN_POINT('',(-0.0127,-0.001397,-0.004953));
#14572=CARTESIAN_POINT('',(-0.00396478053490984,-0.001397,-0.004953));
#14573=CARTESIAN_POINT('',(0.,0.,-0.004953));
#14574=CARTESIAN_POINT('',(-0.00396478053490984,0.001397,-0.004953));
#14575=CARTESIAN_POINT('',(-0.0127,0.001397,-0.004953));
#14576=CARTESIAN_POINT('',(0.,0.,-0.004953));
#14577=CARTESIAN_POINT('',(-0.00432313297852379,-0.0018415,2.39379794463685E-18));
#14578=CARTESIAN_POINT('',(-0.00420677670480249,-0.00169331340100754,-0.00165122210305877));
#14579=CARTESIAN_POINT('',(-0.00408760463841432,-0.00154514493888906,-0.00330224210952188));
#14580=CARTESIAN_POINT('',(-0.00396478053490985,-0.001397,-0.004953));
#14581=CARTESIAN_POINT('',(-0.0043231329785238,-0.0018415,2.16840434497101E-18));
#14582=CARTESIAN_POINT('',(0.,0.,0.));
#14583=CARTESIAN_POINT('',(-0.0043231329785238,0.0018415,2.16840434497101E-18));
#14584=CARTESIAN_POINT('',(-0.00432313297852379,0.0018415,2.39379794453587E-18));
#14585=CARTESIAN_POINT('',(-0.00420677670480249,0.00169331340100754,-0.00165122210305877));
#14586=CARTESIAN_POINT('',(-0.00408760463841432,0.00154514493888906,-0.00330224210952188));
#14587=CARTESIAN_POINT('',(-0.00396478053490985,0.001397,-0.004953));
#14588=CARTESIAN_POINT('',(0.,0.,-0.004953));
#14589=CARTESIAN_POINT('',(0.,0.,0.));
#14590=CARTESIAN_POINT('',(0.0043231329785238,-0.0018415,0.));
#14591=CARTESIAN_POINT('',(0.0043231329785238,0.0018415,0.));
#14592=CARTESIAN_POINT('',(0.00396478053490985,-0.001397,-0.004953));
#14593=CARTESIAN_POINT('',(0.00408760463841431,-0.00154514493888906,-0.00330224210952188));
#14594=CARTESIAN_POINT('',(0.00420677670480249,-0.00169331340100754,-0.00165122210305877));
#14595=CARTESIAN_POINT('',(0.00432313297852379,-0.0018415,-1.08822874593964E-18));
#14596=CARTESIAN_POINT('',(0.00396478053490985,0.001397,-0.004953));
#14597=CARTESIAN_POINT('',(0.00408760463841431,0.00154514493888906,-0.00330224210952188));
#14598=CARTESIAN_POINT('',(0.00420677670480249,0.00169331340100754,-0.00165122210305877));
#14599=CARTESIAN_POINT('',(0.00432313297852379,0.0018415,-1.08822874604062E-18));
#14600=CARTESIAN_POINT('',(0.00405031434438635,0.,0.));
#14601=CARTESIAN_POINT('',(-0.0127,-0.0018415,2.16840434497101E-18));
#14602=CARTESIAN_POINT('',(-0.0127,0.0018415,2.16840434497101E-18));
#14603=CARTESIAN_POINT('',(-3.64291929955129E-17,0.0018415,-5.93600689435814E-18));
#14604=CARTESIAN_POINT('',(-0.0127,0.0018415,2.16840434497101E-18));
#14605=CARTESIAN_POINT('',(-0.0127,-0.0018415,2.16840434497101E-18));
#14606=CARTESIAN_POINT('',(-3.64291929955129E-17,-0.0018415,-5.93600689435814E-18));
#14607=CARTESIAN_POINT('',(0.0111266534004792,-0.00172959823139038,0.));
#14608=CARTESIAN_POINT('',(-0.00172959823139037,-0.0111266534004792,0.));
#14609=CARTESIAN_POINT('',(-0.0111266534004792,0.00172959823139038,0.));
#14610=CARTESIAN_POINT('',(0.00172959823139038,0.0111266534004792,0.));
#14611=CARTESIAN_POINT('',(0.010347127634558,0.,0.0165862));
#14612=CARTESIAN_POINT('',(0.,0.,0.0165862));
#14613=CARTESIAN_POINT('',(0.0113157,0.,0.0165862));
#14614=CARTESIAN_POINT('',(0.,0.,0.0165862));
#14615=CARTESIAN_POINT('',(0.,0.,0.0268478));
#14616=CARTESIAN_POINT('',(0.011176,0.,0.0268478));
#14617=CARTESIAN_POINT('',(0.00572452363695686,0.,0.0268478));
#14618=CARTESIAN_POINT('',(0.0081829008352784,0.0047244,0.0268478));
#14619=CARTESIAN_POINT('',(4.87890977618477E-19,-0.0094488,0.0268478));
#14620=CARTESIAN_POINT('',(-0.0081829008352784,0.0047244,0.0268478));
#14621=CARTESIAN_POINT('',(0.00189021908639491,0.,0.0009144));
#14622=CARTESIAN_POINT('',(0.0081829008352784,0.0047244,0.0009144));
#14623=CARTESIAN_POINT('',(-0.0081829008352784,0.0047244,0.0009144));
#14624=CARTESIAN_POINT('',(4.87890977618477E-19,-0.0094488,0.0009144));
#14625=CARTESIAN_POINT('',(-5.20417042793042E-18,-0.00192356153846154,0.0009144));
#14626=CARTESIAN_POINT('',(-5.20417042793042E-18,0.00192356153846154,0.0009144));
#14627=CARTESIAN_POINT('',(-0.0127,0.00164463819146255,-0.00219360300941729));
#14628=CARTESIAN_POINT('',(-5.20417042793042E-18,0.00171744916474716,-0.00138228073567452));
#14629=CARTESIAN_POINT('',(-0.0127,-0.00164463819146255,-0.00219360300941729));
#14630=CARTESIAN_POINT('',(-5.20417042793042E-18,-0.00171744916474716,-0.00138228073567452));
#14631=CARTESIAN_POINT('',(4.87890977618477E-19,-0.0094488,0.0268477999999845));
#14632=CARTESIAN_POINT('',(-0.0081829008352784,0.0047244,0.0268477999999845));
#14633=CARTESIAN_POINT('',(0.0081829008352784,0.0047244,0.0268477999999845));
#14634=CARTESIAN_POINT('',(-0.0111266534004792,0.00172959823139038,500.));
#14635=CARTESIAN_POINT('',(-0.0111266534004792,0.00172959823139038,0.000507999999945548));
#14636=CARTESIAN_POINT('',(0.0111266534004792,-0.00172959823139038,500.));
#14637=CARTESIAN_POINT('',(0.0111266534004792,-0.00172959823139038,0.000507999999945548));
#14638=CARTESIAN_POINT('',(0.00172959823139038,0.0111266534004792,500.));
#14639=CARTESIAN_POINT('',(0.00172959823139038,0.0111266534004792,0.000507999999945548));
#14640=CARTESIAN_POINT('',(-0.00172959823139037,-0.0111266534004792,500.));
#14641=CARTESIAN_POINT('',(-0.00172959823139037,-0.0111266534004792,0.000507999999945548));
#14642=CARTESIAN_POINT('',(0.0111266534004792,-0.00172959823139038,0.000508000000024822));
#14643=CARTESIAN_POINT('',(0.00172959823139038,0.0111266534004792,0.000508000000024822));
#14644=CARTESIAN_POINT('',(-0.0111266534004792,0.00172959823139038,0.000508000000024822));
#14645=CARTESIAN_POINT('',(-0.00172959823139037,-0.0111266534004792,0.000508000000024822));
#14646=CARTESIAN_POINT('',(1.87730687286063E-18,-8.61277160701946E-18,0.3850513));
#14647=CARTESIAN_POINT('',(0.0130187619797451,0.,0.));
#14648=CARTESIAN_POINT('',(0.,0.,0.));
#14649=CARTESIAN_POINT('',(-0.0018796,0.,0.));
#14650=CARTESIAN_POINT('',(0.,0.,0.));
#14651=CARTESIAN_POINT('',(-0.0021717,0.,0.));
#14652=CARTESIAN_POINT('',(0.,0.,0.0301625));
#14653=CARTESIAN_POINT('',(0.,0.,0.060325));
#14654=CARTESIAN_POINT('',(-0.0021717,0.,0.060325));
#14655=CARTESIAN_POINT('',(0.0130187619797451,0.,0.060325));
#14656=CARTESIAN_POINT('',(0.,0.,0.060325));
#14657=CARTESIAN_POINT('',(-0.0018796,0.,0.060325));
#14658=CARTESIAN_POINT('',(0.,0.,0.0301625));
#14659=CARTESIAN_POINT('',(-0.00296545,0.0227693034776538,0.0456311255835009));
#14660=CARTESIAN_POINT('',(-0.0123952,-1.54448905987515E-18,-2.53327803179104E-17));
#14661=CARTESIAN_POINT('',(0.152947445042715,0.,0.));
#14662=CARTESIAN_POINT('',(0.,0.,0.));
#14663=CARTESIAN_POINT('',(-0.0123952,0.,0.));
#14664=CARTESIAN_POINT('',(0.,0.,0.));
#14665=CARTESIAN_POINT('',(-0.0124968,0.,0.));
#14666=CARTESIAN_POINT('',(0.,0.,0.0194945));
#14667=CARTESIAN_POINT('',(0.,0.,0.038989));
#14668=CARTESIAN_POINT('',(-0.0124968,0.,0.038989));
#14669=CARTESIAN_POINT('',(0.152947445042715,0.,0.038989));
#14670=CARTESIAN_POINT('',(0.,0.,0.038989));
#14671=CARTESIAN_POINT('',(-0.0123952,0.,0.038989));
#14672=CARTESIAN_POINT('',(0.,0.,0.0194945));
#14673=CARTESIAN_POINT('',(-2.76551309362143E-17,-5.4727147624197E-17,0.211912251167002));
#14674=CARTESIAN_POINT('',(-1.54448905987516E-18,0.0123952,-2.42688058230956E-17));
#14675=MECHANICAL_DESIGN_GEOMETRIC_PRESENTATION_REPRESENTATION('',(#7332,
#7333,#569,#570,#571,#572,#573,#574,#575,#576,#577,#578,#579,#580,#581,
#582,#583,#584,#585,#586,#587,#588,#589,#590,#591,#7334,#7335,#592,#593,
#594,#7336,#7337,#595,#596,#597,#7338,#598,#599,#600,#601,#602,#603,#604,
#605,#606,#607,#608,#609,#610,#7339,#611,#612,#613,#614,#615,#616,#7340,
#617,#618,#619,#620,#7341,#621,#7342,#622,#623,#624,#625,#626,#7343,#627,
#7344,#7345,#628,#629,#630,#631,#632,#633,#634,#635,#636,#637,#638,#639,
#640,#641,#642,#643,#644,#645,#646,#647,#648,#649,#650,#651,#652,#653,#654,
#655,#656,#657,#658,#659,#660,#661,#662,#663,#664,#665,#666,#667,#668,#669,
#670,#671,#672,#673,#674,#675,#676,#677,#678,#679,#680,#7346,#7347,#7348),
#14676);
#14676=(
GEOMETRIC_REPRESENTATION_CONTEXT(3)
GLOBAL_UNCERTAINTY_ASSIGNED_CONTEXT((#14695))
GLOBAL_UNIT_ASSIGNED_CONTEXT((#14716,#14715,#14714))
REPRESENTATION_CONTEXT('Estes Solar Probe (2051)',
'TOP_LEVEL_ASSEMBLY_PART')
);
#14677=(
GEOMETRIC_REPRESENTATION_CONTEXT(3)
GLOBAL_UNCERTAINTY_ASSIGNED_CONTEXT((#14696))
GLOBAL_UNIT_ASSIGNED_CONTEXT((#14716,#14715,#14714))
REPRESENTATION_CONTEXT('Part 1','COMPONENT_PART')
);
#14678=(
GEOMETRIC_REPRESENTATION_CONTEXT(3)
GLOBAL_UNCERTAINTY_ASSIGNED_CONTEXT((#14697))
GLOBAL_UNIT_ASSIGNED_CONTEXT((#14716,#14715,#14714))
REPRESENTATION_CONTEXT('Part 1','COMPONENT_PART')
);
#14679=(
GEOMETRIC_REPRESENTATION_CONTEXT(3)
GLOBAL_UNCERTAINTY_ASSIGNED_CONTEXT((#14698))
GLOBAL_UNIT_ASSIGNED_CONTEXT((#14716,#14715,#14714))
REPRESENTATION_CONTEXT('Part 1','COMPONENT_PART')
);
#14680=(
GEOMETRIC_REPRESENTATION_CONTEXT(3)
GLOBAL_UNCERTAINTY_ASSIGNED_CONTEXT((#14699))
GLOBAL_UNIT_ASSIGNED_CONTEXT((#14716,#14715,#14714))
REPRESENTATION_CONTEXT('Part 1','COMPONENT_PART')
);
#14681=(
GEOMETRIC_REPRESENTATION_CONTEXT(3)
GLOBAL_UNCERTAINTY_ASSIGNED_CONTEXT((#14700))
GLOBAL_UNIT_ASSIGNED_CONTEXT((#14716,#14715,#14714))
REPRESENTATION_CONTEXT('Part 1','COMPONENT_PART')
);
#14682=(
GEOMETRIC_REPRESENTATION_CONTEXT(3)
GLOBAL_UNCERTAINTY_ASSIGNED_CONTEXT((#14701))
GLOBAL_UNIT_ASSIGNED_CONTEXT((#14716,#14715,#14714))
REPRESENTATION_CONTEXT('Part 1','COMPONENT_PART')
);
#14683=(
GEOMETRIC_REPRESENTATION_CONTEXT(3)
GLOBAL_UNCERTAINTY_ASSIGNED_CONTEXT((#14702))
GLOBAL_UNIT_ASSIGNED_CONTEXT((#14716,#14715,#14714))
REPRESENTATION_CONTEXT('Part 1','COMPONENT_PART')
);
#14684=(
GEOMETRIC_REPRESENTATION_CONTEXT(3)
GLOBAL_UNCERTAINTY_ASSIGNED_CONTEXT((#14703))
GLOBAL_UNIT_ASSIGNED_CONTEXT((#14716,#14715,#14714))
REPRESENTATION_CONTEXT('Part 1','COMPONENT_PART')
);
#14685=(
GEOMETRIC_REPRESENTATION_CONTEXT(3)
GLOBAL_UNCERTAINTY_ASSIGNED_CONTEXT((#14704))
GLOBAL_UNIT_ASSIGNED_CONTEXT((#14716,#14715,#14714))
REPRESENTATION_CONTEXT('Part 1','COMPONENT_PART')
);
#14686=(
GEOMETRIC_REPRESENTATION_CONTEXT(3)
GLOBAL_UNCERTAINTY_ASSIGNED_CONTEXT((#14705))
GLOBAL_UNIT_ASSIGNED_CONTEXT((#14716,#14715,#14714))
REPRESENTATION_CONTEXT('Estes Solar Prob part <1>','COMPONENT_PART')
);
#14687=(
GEOMETRIC_REPRESENTATION_CONTEXT(3)
GLOBAL_UNCERTAINTY_ASSIGNED_CONTEXT((#14706))
GLOBAL_UNIT_ASSIGNED_CONTEXT((#14716,#14715,#14714))
REPRESENTATION_CONTEXT('Part 1','COMPONENT_PART')
);
#14688=(
GEOMETRIC_REPRESENTATION_CONTEXT(3)
GLOBAL_UNCERTAINTY_ASSIGNED_CONTEXT((#14707))
GLOBAL_UNIT_ASSIGNED_CONTEXT((#14716,#14715,#14714))
REPRESENTATION_CONTEXT('Part 1','COMPONENT_PART')
);
#14689=(
GEOMETRIC_REPRESENTATION_CONTEXT(3)
GLOBAL_UNCERTAINTY_ASSIGNED_CONTEXT((#14708))
GLOBAL_UNIT_ASSIGNED_CONTEXT((#14716,#14715,#14714))
REPRESENTATION_CONTEXT('Part 1','COMPONENT_PART')
);
#14690=(
GEOMETRIC_REPRESENTATION_CONTEXT(3)
GLOBAL_UNCERTAINTY_ASSIGNED_CONTEXT((#14709))
GLOBAL_UNIT_ASSIGNED_CONTEXT((#14716,#14715,#14714))
REPRESENTATION_CONTEXT('Part 1','COMPONENT_PART')
);
#14691=(
GEOMETRIC_REPRESENTATION_CONTEXT(3)
GLOBAL_UNCERTAINTY_ASSIGNED_CONTEXT((#14710))
GLOBAL_UNIT_ASSIGNED_CONTEXT((#14716,#14715,#14714))
REPRESENTATION_CONTEXT('Part 1','COMPONENT_PART')
);
#14692=(
GEOMETRIC_REPRESENTATION_CONTEXT(3)
GLOBAL_UNCERTAINTY_ASSIGNED_CONTEXT((#14711))
GLOBAL_UNIT_ASSIGNED_CONTEXT((#14716,#14715,#14714))
REPRESENTATION_CONTEXT('Part 1','COMPONENT_PART')
);
#14693=(
GEOMETRIC_REPRESENTATION_CONTEXT(3)
GLOBAL_UNCERTAINTY_ASSIGNED_CONTEXT((#14712))
GLOBAL_UNIT_ASSIGNED_CONTEXT((#14716,#14715,#14714))
REPRESENTATION_CONTEXT('Part 1','COMPONENT_PART')
);
#14694=(
GEOMETRIC_REPRESENTATION_CONTEXT(3)
GLOBAL_UNCERTAINTY_ASSIGNED_CONTEXT((#14713))
GLOBAL_UNIT_ASSIGNED_CONTEXT((#14716,#14715,#14714))
REPRESENTATION_CONTEXT('Part 1','COMPONENT_PART')
);
#14695=UNCERTAINTY_MEASURE_WITH_UNIT(LENGTH_MEASURE(1.E-8),#14716,
'DISTANCE_ACCURACY_VALUE','Maximum Tolerance applied to model');
#14696=UNCERTAINTY_MEASURE_WITH_UNIT(LENGTH_MEASURE(1.E-8),#14716,
'DISTANCE_ACCURACY_VALUE','Maximum Tolerance applied to model');
#14697=UNCERTAINTY_MEASURE_WITH_UNIT(LENGTH_MEASURE(2.E-5),#14716,
'DISTANCE_ACCURACY_VALUE','Maximum Tolerance applied to model');
#14698=UNCERTAINTY_MEASURE_WITH_UNIT(LENGTH_MEASURE(1.E-8),#14716,
'DISTANCE_ACCURACY_VALUE','Maximum Tolerance applied to model');
#14699=UNCERTAINTY_MEASURE_WITH_UNIT(LENGTH_MEASURE(1.E-8),#14716,
'DISTANCE_ACCURACY_VALUE','Maximum Tolerance applied to model');
#14700=UNCERTAINTY_MEASURE_WITH_UNIT(LENGTH_MEASURE(1.E-8),#14716,
'DISTANCE_ACCURACY_VALUE','Maximum Tolerance applied to model');
#14701=UNCERTAINTY_MEASURE_WITH_UNIT(LENGTH_MEASURE(1.E-8),#14716,
'DISTANCE_ACCURACY_VALUE','Maximum Tolerance applied to model');
#14702=UNCERTAINTY_MEASURE_WITH_UNIT(LENGTH_MEASURE(2.E-5),#14716,
'DISTANCE_ACCURACY_VALUE','Maximum Tolerance applied to model');
#14703=UNCERTAINTY_MEASURE_WITH_UNIT(LENGTH_MEASURE(1.E-8),#14716,
'DISTANCE_ACCURACY_VALUE','Maximum Tolerance applied to model');
#14704=UNCERTAINTY_MEASURE_WITH_UNIT(LENGTH_MEASURE(2.E-5),#14716,
'DISTANCE_ACCURACY_VALUE','Maximum Tolerance applied to model');
#14705=UNCERTAINTY_MEASURE_WITH_UNIT(LENGTH_MEASURE(1.E-8),#14716,
'DISTANCE_ACCURACY_VALUE','Maximum Tolerance applied to model');
#14706=UNCERTAINTY_MEASURE_WITH_UNIT(LENGTH_MEASURE(1.E-8),#14716,
'DISTANCE_ACCURACY_VALUE','Maximum Tolerance applied to model');
#14707=UNCERTAINTY_MEASURE_WITH_UNIT(LENGTH_MEASURE(1.E-8),#14716,
'DISTANCE_ACCURACY_VALUE','Maximum Tolerance applied to model');
#14708=UNCERTAINTY_MEASURE_WITH_UNIT(LENGTH_MEASURE(2.E-5),#14716,
'DISTANCE_ACCURACY_VALUE','Maximum Tolerance applied to model');
#14709=UNCERTAINTY_MEASURE_WITH_UNIT(LENGTH_MEASURE(1.E-8),#14716,
'DISTANCE_ACCURACY_VALUE','Maximum Tolerance applied to model');
#14710=UNCERTAINTY_MEASURE_WITH_UNIT(LENGTH_MEASURE(2.E-5),#14716,
'DISTANCE_ACCURACY_VALUE','Maximum Tolerance applied to model');
#14711=UNCERTAINTY_MEASURE_WITH_UNIT(LENGTH_MEASURE(2.E-5),#14716,
'DISTANCE_ACCURACY_VALUE','Maximum Tolerance applied to model');
#14712=UNCERTAINTY_MEASURE_WITH_UNIT(LENGTH_MEASURE(1.E-8),#14716,
'DISTANCE_ACCURACY_VALUE','Maximum Tolerance applied to model');
#14713=UNCERTAINTY_MEASURE_WITH_UNIT(LENGTH_MEASURE(1.E-8),#14716,
'DISTANCE_ACCURACY_VALUE','Maximum Tolerance applied to model');
#14714=(
NAMED_UNIT(*)
SI_UNIT($,.STERADIAN.)
SOLID_ANGLE_UNIT()
);
#14715=(
NAMED_UNIT(*)
PLANE_ANGLE_UNIT()
SI_UNIT($,.RADIAN.)
);
#14716=(
LENGTH_UNIT()
NAMED_UNIT(*)
SI_UNIT($,.METRE.)
);
#14717=PRODUCT_DEFINITION_SHAPE('','',#14765);
#14718=PRODUCT_DEFINITION_SHAPE('','',#14766);
#14719=PRODUCT_DEFINITION_SHAPE(' ','NAUO PRDDFN',#715);
#14720=PRODUCT_DEFINITION_SHAPE('','',#14767);
#14721=PRODUCT_DEFINITION_SHAPE(' ','NAUO PRDDFN',#716);
#14722=PRODUCT_DEFINITION_SHAPE('','',#14768);
#14723=PRODUCT_DEFINITION_SHAPE(' ','NAUO PRDDFN',#717);
#14724=PRODUCT_DEFINITION_SHAPE('','',#14769);
#14725=PRODUCT_DEFINITION_SHAPE(' ','NAUO PRDDFN',#718);
#14726=PRODUCT_DEFINITION_SHAPE('','',#14770);
#14727=PRODUCT_DEFINITION_SHAPE(' ','NAUO PRDDFN',#719);
#14728=PRODUCT_DEFINITION_SHAPE(' ','NAUO PRDDFN',#720);
#14729=PRODUCT_DEFINITION_SHAPE(' ','NAUO PRDDFN',#721);
#14730=PRODUCT_DEFINITION_SHAPE(' ','NAUO PRDDFN',#722);
#14731=PRODUCT_DEFINITION_SHAPE(' ','NAUO PRDDFN',#723);
#14732=PRODUCT_DEFINITION_SHAPE('','',#14771);
#14733=PRODUCT_DEFINITION_SHAPE(' ','NAUO PRDDFN',#724);
#14734=PRODUCT_DEFINITION_SHAPE('','',#14772);
#14735=PRODUCT_DEFINITION_SHAPE(' ','NAUO PRDDFN',#725);
#14736=PRODUCT_DEFINITION_SHAPE(' ','NAUO PRDDFN',#726);
#14737=PRODUCT_DEFINITION_SHAPE(' ','NAUO PRDDFN',#727);
#14738=PRODUCT_DEFINITION_SHAPE(' ','NAUO PRDDFN',#728);
#14739=PRODUCT_DEFINITION_SHAPE('','',#14773);
#14740=PRODUCT_DEFINITION_SHAPE(' ','NAUO PRDDFN',#729);
#14741=PRODUCT_DEFINITION_SHAPE(' ','NAUO PRDDFN',#730);
#14742=PRODUCT_DEFINITION_SHAPE('','',#14774);
#14743=PRODUCT_DEFINITION_SHAPE(' ','NAUO PRDDFN',#731);
#14744=PRODUCT_DEFINITION_SHAPE(' ','NAUO PRDDFN',#732);
#14745=PRODUCT_DEFINITION_SHAPE('','',#14775);
#14746=PRODUCT_DEFINITION_SHAPE('','',#14776);
#14747=PRODUCT_DEFINITION_SHAPE(' ','NAUO PRDDFN',#733);
#14748=PRODUCT_DEFINITION_SHAPE('','',#14777);
#14749=PRODUCT_DEFINITION_SHAPE(' ','NAUO PRDDFN',#734);
#14750=PRODUCT_DEFINITION_SHAPE('','',#14778);
#14751=PRODUCT_DEFINITION_SHAPE(' ','NAUO PRDDFN',#735);
#14752=PRODUCT_DEFINITION_SHAPE('','',#14779);
#14753=PRODUCT_DEFINITION_SHAPE(' ','NAUO PRDDFN',#736);
#14754=PRODUCT_DEFINITION_SHAPE(' ','NAUO PRDDFN',#737);
#14755=PRODUCT_DEFINITION_SHAPE('','',#14780);
#14756=PRODUCT_DEFINITION_SHAPE(' ','NAUO PRDDFN',#738);
#14757=PRODUCT_DEFINITION_SHAPE('','',#14781);
#14758=PRODUCT_DEFINITION_SHAPE(' ','NAUO PRDDFN',#739);
#14759=PRODUCT_DEFINITION_SHAPE('','',#14782);
#14760=PRODUCT_DEFINITION_SHAPE(' ','NAUO PRDDFN',#740);
#14761=PRODUCT_DEFINITION_SHAPE(' ','NAUO PRDDFN',#741);
#14762=PRODUCT_DEFINITION_SHAPE('','',#14783);
#14763=PRODUCT_DEFINITION_SHAPE(' ','NAUO PRDDFN',#742);
#14764=PRODUCT_DEFINITION_SHAPE(' ','NAUO PRDDFN',#743);
#14765=PRODUCT_DEFINITION('','',#14803,#14784);
#14766=PRODUCT_DEFINITION('','',#14804,#14785);
#14767=PRODUCT_DEFINITION('','',#14805,#14786);
#14768=PRODUCT_DEFINITION('','',#14806,#14787);
#14769=PRODUCT_DEFINITION('','',#14807,#14788);
#14770=PRODUCT_DEFINITION('','',#14808,#14789);
#14771=PRODUCT_DEFINITION('','',#14809,#14790);
#14772=PRODUCT_DEFINITION('','',#14810,#14791);
#14773=PRODUCT_DEFINITION('','',#14811,#14792);
#14774=PRODUCT_DEFINITION('','',#14812,#14793);
#14775=PRODUCT_DEFINITION('','',#14813,#14794);
#14776=PRODUCT_DEFINITION('','',#14814,#14795);
#14777=PRODUCT_DEFINITION('','',#14815,#14796);
#14778=PRODUCT_DEFINITION('','',#14816,#14797);
#14779=PRODUCT_DEFINITION('','',#14817,#14798);
#14780=PRODUCT_DEFINITION('','',#14818,#14799);
#14781=PRODUCT_DEFINITION('','',#14819,#14800);
#14782=PRODUCT_DEFINITION('','',#14820,#14801);
#14783=PRODUCT_DEFINITION('','',#14821,#14802);
#14784=PRODUCT_DEFINITION_CONTEXT('',#14899,'design');
#14785=PRODUCT_DEFINITION_CONTEXT('',#14899,'design');
#14786=PRODUCT_DEFINITION_CONTEXT('',#14899,'design');
#14787=PRODUCT_DEFINITION_CONTEXT('',#14899,'design');
#14788=PRODUCT_DEFINITION_CONTEXT('',#14899,'design');
#14789=PRODUCT_DEFINITION_CONTEXT('',#14899,'design');
#14790=PRODUCT_DEFINITION_CONTEXT('',#14899,'design');
#14791=PRODUCT_DEFINITION_CONTEXT('',#14899,'design');
#14792=PRODUCT_DEFINITION_CONTEXT('',#14899,'design');
#14793=PRODUCT_DEFINITION_CONTEXT('',#14899,'design');
#14794=PRODUCT_DEFINITION_CONTEXT('',#14899,'design');
#14795=PRODUCT_DEFINITION_CONTEXT('',#14899,'design');
#14796=PRODUCT_DEFINITION_CONTEXT('',#14899,'design');
#14797=PRODUCT_DEFINITION_CONTEXT('',#14899,'design');
#14798=PRODUCT_DEFINITION_CONTEXT('',#14899,'design');
#14799=PRODUCT_DEFINITION_CONTEXT('',#14899,'design');
#14800=PRODUCT_DEFINITION_CONTEXT('',#14899,'design');
#14801=PRODUCT_DEFINITION_CONTEXT('',#14899,'design');
#14802=PRODUCT_DEFINITION_CONTEXT('',#14899,'design');
#14803=PRODUCT_DEFINITION_FORMATION_WITH_SPECIFIED_SOURCE('','',#14841,
 .NOT_KNOWN.);
#14804=PRODUCT_DEFINITION_FORMATION_WITH_SPECIFIED_SOURCE('','',#14842,
 .NOT_KNOWN.);
#14805=PRODUCT_DEFINITION_FORMATION_WITH_SPECIFIED_SOURCE('','',#14843,
 .NOT_KNOWN.);
#14806=PRODUCT_DEFINITION_FORMATION_WITH_SPECIFIED_SOURCE('','',#14844,
 .NOT_KNOWN.);
#14807=PRODUCT_DEFINITION_FORMATION_WITH_SPECIFIED_SOURCE('','',#14845,
 .NOT_KNOWN.);
#14808=PRODUCT_DEFINITION_FORMATION_WITH_SPECIFIED_SOURCE('','',#14846,
 .NOT_KNOWN.);
#14809=PRODUCT_DEFINITION_FORMATION_WITH_SPECIFIED_SOURCE('','',#14847,
 .NOT_KNOWN.);
#14810=PRODUCT_DEFINITION_FORMATION_WITH_SPECIFIED_SOURCE('','',#14848,
 .NOT_KNOWN.);
#14811=PRODUCT_DEFINITION_FORMATION_WITH_SPECIFIED_SOURCE('','',#14849,
 .NOT_KNOWN.);
#14812=PRODUCT_DEFINITION_FORMATION_WITH_SPECIFIED_SOURCE('','',#14850,
 .NOT_KNOWN.);
#14813=PRODUCT_DEFINITION_FORMATION_WITH_SPECIFIED_SOURCE('','',#14851,
 .NOT_KNOWN.);
#14814=PRODUCT_DEFINITION_FORMATION_WITH_SPECIFIED_SOURCE('','',#14852,
 .NOT_KNOWN.);
#14815=PRODUCT_DEFINITION_FORMATION_WITH_SPECIFIED_SOURCE('','',#14853,
 .NOT_KNOWN.);
#14816=PRODUCT_DEFINITION_FORMATION_WITH_SPECIFIED_SOURCE('','',#14854,
 .NOT_KNOWN.);
#14817=PRODUCT_DEFINITION_FORMATION_WITH_SPECIFIED_SOURCE('','',#14855,
 .NOT_KNOWN.);
#14818=PRODUCT_DEFINITION_FORMATION_WITH_SPECIFIED_SOURCE('','',#14856,
 .NOT_KNOWN.);
#14819=PRODUCT_DEFINITION_FORMATION_WITH_SPECIFIED_SOURCE('','',#14857,
 .NOT_KNOWN.);
#14820=PRODUCT_DEFINITION_FORMATION_WITH_SPECIFIED_SOURCE('','',#14858,
 .NOT_KNOWN.);
#14821=PRODUCT_DEFINITION_FORMATION_WITH_SPECIFIED_SOURCE('','',#14859,
 .NOT_KNOWN.);
#14822=PRODUCT_RELATED_PRODUCT_CATEGORY('','',(#14841));
#14823=PRODUCT_RELATED_PRODUCT_CATEGORY('','',(#14842));
#14824=PRODUCT_RELATED_PRODUCT_CATEGORY('','',(#14843));
#14825=PRODUCT_RELATED_PRODUCT_CATEGORY('','',(#14844));
#14826=PRODUCT_RELATED_PRODUCT_CATEGORY('','',(#14845));
#14827=PRODUCT_RELATED_PRODUCT_CATEGORY('','',(#14846));
#14828=PRODUCT_RELATED_PRODUCT_CATEGORY('','',(#14847));
#14829=PRODUCT_RELATED_PRODUCT_CATEGORY('','',(#14848));
#14830=PRODUCT_RELATED_PRODUCT_CATEGORY('','',(#14849));
#14831=PRODUCT_RELATED_PRODUCT_CATEGORY('','',(#14850));
#14832=PRODUCT_RELATED_PRODUCT_CATEGORY('','',(#14851));
#14833=PRODUCT_RELATED_PRODUCT_CATEGORY('','',(#14852));
#14834=PRODUCT_RELATED_PRODUCT_CATEGORY('','',(#14853));
#14835=PRODUCT_RELATED_PRODUCT_CATEGORY('','',(#14854));
#14836=PRODUCT_RELATED_PRODUCT_CATEGORY('','',(#14855));
#14837=PRODUCT_RELATED_PRODUCT_CATEGORY('','',(#14856));
#14838=PRODUCT_RELATED_PRODUCT_CATEGORY('','',(#14857));
#14839=PRODUCT_RELATED_PRODUCT_CATEGORY('','',(#14858));
#14840=PRODUCT_RELATED_PRODUCT_CATEGORY('','',(#14859));
#14841=PRODUCT('Estes Solar Probe (2051)','Estes Solar Probe (2051)',
'Estes Solar Probe (2051)',(#14879));
#14842=PRODUCT('Part 1','Part 1','Part 1',(#14880));
#14843=PRODUCT('Part 1','Part 1','Part 1',(#14881));
#14844=PRODUCT('Part 1','Part 1','Part 1',(#14882));
#14845=PRODUCT('Part 1','Part 1','Part 1',(#14883));
#14846=PRODUCT('Part 1','Part 1','Part 1',(#14884));
#14847=PRODUCT('Part 1','Part 1','Part 1',(#14885));
#14848=PRODUCT('Part 1','Part 1','Part 1',(#14886));
#14849=PRODUCT('Part 1','Part 1','Part 1',(#14887));
#14850=PRODUCT('Part 1','Part 1','Part 1',(#14888));
#14851=PRODUCT('Estes Solar Prob part <1>','Estes Solar Prob part <1>',
'Estes Solar Prob part <1>',(#14889));
#14852=PRODUCT('Part 1','Part 1','Part 1',(#14890));
#14853=PRODUCT('Part 1','Part 1','Part 1',(#14891));
#14854=PRODUCT('Part 1','Part 1','Part 1',(#14892));
#14855=PRODUCT('Part 1','Part 1','Part 1',(#14893));
#14856=PRODUCT('Part 1','Part 1','Part 1',(#14894));
#14857=PRODUCT('Part 1','Part 1','Part 1',(#14895));
#14858=PRODUCT('Part 1','Part 1','Part 1',(#14896));
#14859=PRODUCT('Part 1','Part 1','Part 1',(#14897));
#14860=PRODUCT_CATEGORY('','');
#14861=PRODUCT_CATEGORY('','');
#14862=PRODUCT_CATEGORY('','');
#14863=PRODUCT_CATEGORY('','');
#14864=PRODUCT_CATEGORY('','');
#14865=PRODUCT_CATEGORY('','');
#14866=PRODUCT_CATEGORY('','');
#14867=PRODUCT_CATEGORY('','');
#14868=PRODUCT_CATEGORY('','');
#14869=PRODUCT_CATEGORY('','');
#14870=PRODUCT_CATEGORY('','');
#14871=PRODUCT_CATEGORY('','');
#14872=PRODUCT_CATEGORY('','');
#14873=PRODUCT_CATEGORY('','');
#14874=PRODUCT_CATEGORY('','');
#14875=PRODUCT_CATEGORY('','');
#14876=PRODUCT_CATEGORY('','');
#14877=PRODUCT_CATEGORY('','');
#14878=PRODUCT_CATEGORY('','');
#14879=PRODUCT_CONTEXT('',#14899,'mechanical');
#14880=PRODUCT_CONTEXT('',#14899,'mechanical');
#14881=PRODUCT_CONTEXT('',#14899,'mechanical');
#14882=PRODUCT_CONTEXT('',#14899,'mechanical');
#14883=PRODUCT_CONTEXT('',#14899,'mechanical');
#14884=PRODUCT_CONTEXT('',#14899,'mechanical');
#14885=PRODUCT_CONTEXT('',#14899,'mechanical');
#14886=PRODUCT_CONTEXT('',#14899,'mechanical');
#14887=PRODUCT_CONTEXT('',#14899,'mechanical');
#14888=PRODUCT_CONTEXT('',#14899,'mechanical');
#14889=PRODUCT_CONTEXT('',#14899,'mechanical');
#14890=PRODUCT_CONTEXT('',#14899,'mechanical');
#14891=PRODUCT_CONTEXT('',#14899,'mechanical');
#14892=PRODUCT_CONTEXT('',#14899,'mechanical');
#14893=PRODUCT_CONTEXT('',#14899,'mechanical');
#14894=PRODUCT_CONTEXT('',#14899,'mechanical');
#14895=PRODUCT_CONTEXT('',#14899,'mechanical');
#14896=PRODUCT_CONTEXT('',#14899,'mechanical');
#14897=PRODUCT_CONTEXT('',#14899,'mechanical');
#14898=APPLICATION_PROTOCOL_DEFINITION('international standard',
'ap242_managed_model_based_3d_engineering',2020,#14899);
#14899=APPLICATION_CONTEXT('managed model based 3d engineering');
ENDSEC;
END-ISO-10303-21;
